station_id,station_name,hardware,software,latitude,longitude,elevation_m,timestamp_utc,temperature_c,dew_point_c,humidity_pct,pressure_hpa,wind_speed_kmh,wind_gust_kmh,wind_dir_cardinal,wind_dir_deg,precip_mm_1h,solar_radiation_wm2,uv_index,source,visibility_m,cloud_cover_okta
ILAMAD25,La Madeleine,other,EasyWeatherPro_V5.1.6,50.659,3.07,23.0,,,,,,,,,,,,,weather_underground,,
ILAMAD25,La Madeleine,other,EasyWeatherPro_V5.1.6,50.659,3.07,23.0,2025-03-24 00:04:00,13.44,10.72,84.0,1007.45,7.08,17.54,,,0.0,0.0,0.0,weather_underground,,
ILAMAD25,La Madeleine,other,EasyWeatherPro_V5.1.6,50.659,3.07,23.0,2025-03-24 00:09:00,13.5,10.72,83.0,1007.45,4.02,18.19,NNW,337.0,0.0,0.0,0.0,weather_underground,,
ILAMAD25,La Madeleine,other,EasyWeatherPro_V5.1.6,50.659,3.07,23.0,2025-03-24 00:14:00,13.5,10.72,83.0,1007.45,6.6,18.83,NNW,337.0,0.0,0.0,0.0,weather_underground,,
ILAMAD25,La Madeleine,other,EasyWeatherPro_V5.1.6,50.659,3.07,23.0,2025-03-24 00:19:00,13.56,10.72,83.0,1007.45,4.99,18.99,,,0.0,0.0,0.0,weather_underground,,
ILAMAD25,La Madeleine,other,EasyWeatherPro_V5.1.6,50.659,3.07,23.0,2025-03-24 00:24:00,13.61,10.67,82.0,1007.45,4.02,13.68,NNW,337.0,0.0,0.0,0.0,weather_underground,,
ILAMAD25,La Madeleine,other,EasyWeatherPro_V5.1.6,50.659,3.07,23.0,2025-03-24 00:29:00,13.67,10.67,82.0,1007.45,5.15,14.16,NW,315.0,0.0,0.0,0.0,weather_underground,,
ILAMAD25,La Madeleine,other,EasyWeatherPro_V5.1.6,50.659,3.07,23.0,2025-03-24 00:34:00,13.72,10.72,82.0,1007.45,6.44,15.61,North,,0.0,0.0,0.0,weather_underground,,
ILAMAD25,La Madeleine,other,EasyWeatherPro_V5.1.6,50.659,3.07,23.0,2025-03-24 00:39:00,13.67,10.83,83.0,1007.45,3.06,12.39,NW,315.0,0.0,0.0,0.0,weather_underground,,
ILAMAD25,La Madeleine,other,EasyWeatherPro_V5.1.6,50.659,3.07,23.0,2025-03-24 00:44:00,13.61,10.78,83.0,1007.45,4.83,15.29,NNW,337.0,0.0,0.0,0.0,weather_underground,,
ILAMAD25,La Madeleine,other,EasyWeatherPro_V5.1.6,50.659,3.07,23.0,2025-03-24 00:49:00,13.61,10.78,83.0,1007.45,4.99,13.36,,,0.0,0.0,0.0,weather_underground,,
ILAMAD25,La Madeleine,other,EasyWeatherPro_V5.1.6,50.659,3.07,23.0,2025-03-24 00:54:00,13.61,10.67,82.0,1007.45,5.95,15.93,NNW,337.0,0.0,0.0,0.0,weather_underground,,
ILAMAD25,La Madeleine,other,EasyWeatherPro_V5.1.6,50.659,3.07,23.0,2025-03-24 00:59:00,13.61,10.61,82.0,1007.45,6.92,18.83,NW,315.0,0.0,0.0,0.0,weather_underground,,
ILAMAD25,La Madeleine,other,EasyWeatherPro_V5.1.6,50.659,3.07,23.0,2025-03-24 01:04:00,13.67,10.61,82.0,1007.45,3.54,12.07,NNW,337.0,0.0,0.0,0.0,weather_underground,,
ILAMAD25,La Madeleine,other,EasyWeatherPro_V5.1.6,50.659,3.07,23.0,2025-03-24 01:09:00,13.67,10.44,81.0,1007.45,5.79,15.29,,,0.0,0.0,0.0,weather_underground,,
ILAMAD25,La Madeleine,other,EasyWeatherPro_V5.1.6,50.659,3.07,23.0,2025-03-24 01:14:00,13.72,10.5,81.0,1007.45,4.02,13.36,North,,0.0,0.0,0.0,weather_underground,,
ILAMAD25,La Madeleine,other,EasyWeatherPro_V5.1.6,50.659,3.07,23.0,2025-03-24 01:19:00,13.67,10.33,80.0,1007.45,5.63,23.34,WNW,292.0,0.0,0.0,0.0,weather_underground,,
ILAMAD25,La Madeleine,other,EasyWeatherPro_V5.1.6,50.659,3.07,23.0,2025-03-24 01:24:00,13.61,10.39,81.0,1007.45,6.28,15.93,,,0.0,0.0,0.0,weather_underground,,
ILAMAD25,La Madeleine,other,EasyWeatherPro_V5.1.6,50.659,3.07,23.0,2025-03-24 01:29:00,13.56,10.33,81.0,1007.45,5.95,14.97,NNW,337.0,0.0,0.0,0.0,weather_underground,,
ILAMAD25,La Madeleine,other,EasyWeatherPro_V5.1.6,50.659,3.07,23.0,2025-03-24 01:34:00,13.44,10.11,80.0,1007.45,7.4,15.61,NNW,337.0,0.0,0.0,0.0,weather_underground,,
ILAMAD25,La Madeleine,other,EasyWeatherPro_V5.1.6,50.659,3.07,23.0,2025-03-24 01:39:00,13.39,9.89,80.0,1007.45,5.47,13.04,NNW,337.0,0.0,0.0,0.0,weather_underground,,
ILAMAD25,La Madeleine,other,EasyWeatherPro_V5.1.6,50.659,3.07,23.0,2025-03-24 01:44:00,13.39,9.78,79.0,1007.45,6.92,13.52,NW,315.0,0.0,0.0,0.0,weather_underground,,
ILAMAD25,La Madeleine,other,EasyWeatherPro_V5.1.6,50.659,3.07,23.0,2025-03-24 01:49:00,13.39,9.72,78.0,1007.45,10.14,21.4,WNW,292.0,0.0,0.0,0.0,weather_underground,,
ILAMAD25,La Madeleine,other,EasyWeatherPro_V5.1.6,50.659,3.07,23.0,2025-03-24 01:54:00,13.39,9.72,78.0,1007.45,7.89,18.67,West,,0.0,0.0,0.0,weather_underground,,
ILAMAD25,La Madeleine,other,EasyWeatherPro_V5.1.6,50.659,3.07,23.0,2025-03-24 01:59:00,13.28,9.61,78.0,1007.45,7.56,19.79,NNW,337.0,0.0,0.0,0.0,weather_underground,,
ILAMAD25,La Madeleine,other,EasyWeatherPro_V5.1.6,50.659,3.07,23.0,2025-03-24 02:04:00,13.28,9.61,78.0,1007.45,7.89,20.76,NNW,337.0,0.0,0.0,0.0,weather_underground,,
ILAMAD25,La Madeleine,other,EasyWeatherPro_V5.1.6,50.659,3.07,23.0,2025-03-24 02:09:00,13.22,9.5,78.0,1007.79,6.76,22.05,WSW,247.0,0.0,0.0,0.0,weather_underground,,
ILAMAD25,La Madeleine,other,EasyWeatherPro_V5.1.6,50.659,3.07,23.0,2025-03-24 02:14:00,13.22,9.5,78.0,1007.79,6.6,18.02,NNW,337.0,0.0,0.0,0.0,weather_underground,,
ILAMAD25,La Madeleine,other,EasyWeatherPro_V5.1.6,50.659,3.07,23.0,2025-03-24 02:19:00,13.11,9.44,79.0,1007.79,3.86,15.29,North,,0.0,0.0,0.0,weather_underground,,
ILAMAD25,La Madeleine,other,EasyWeatherPro_V5.1.6,50.659,3.07,23.0,2025-03-24 02:24:00,13.0,9.39,78.0,1007.79,8.21,22.05,NNW,337.0,0.0,0.0,0.0,weather_underground,,
ILAMAD25,La Madeleine,other,EasyWeatherPro_V5.1.6,50.659,3.07,23.0,2025-03-24 02:29:00,13.0,9.39,79.0,1007.79,3.86,12.07,,,0.0,0.0,0.0,weather_underground,,
ILAMAD25,La Madeleine,other,EasyWeatherPro_V5.1.6,50.659,3.07,23.0,2025-03-24 02:34:00,12.94,9.39,79.0,1007.79,6.28,17.22,WNW,292.0,0.0,0.0,0.0,weather_underground,,
ILAMAD25,La Madeleine,other,EasyWeatherPro_V5.1.6,50.659,3.07,23.0,2025-03-24 02:39:00,13.0,9.39,79.0,1007.79,4.51,15.93,NE,45.0,0.0,0.0,0.0,weather_underground,,
ILAMAD25,La Madeleine,other,EasyWeatherPro_V5.1.6,50.659,3.07,23.0,2025-03-24 02:44:00,13.0,9.28,78.0,1007.79,7.4,24.94,NNE,22.0,0.0,0.0,0.0,weather_underground,,
ILAMAD25,La Madeleine,other,EasyWeatherPro_V5.1.6,50.659,3.07,23.0,2025-03-24 02:49:00,13.0,9.39,78.0,1007.79,5.15,15.29,WSW,247.0,0.0,0.0,0.0,weather_underground,,
ILAMAD25,La Madeleine,other,EasyWeatherPro_V5.1.6,50.659,3.07,23.0,2025-03-24 02:54:00,13.0,9.33,78.0,1008.13,7.89,20.76,NNW,337.0,0.0,0.0,0.0,weather_underground,,
ILAMAD25,La Madeleine,other,EasyWeatherPro_V5.1.6,50.659,3.07,23.0,2025-03-24 02:59:00,13.06,9.33,78.0,1008.13,7.56,21.73,,,0.0,0.0,0.0,weather_underground,,
ILAMAD25,La Madeleine,other,EasyWeatherPro_V5.1.6,50.659,3.07,23.0,2025-03-24 03:04:00,13.0,9.39,79.0,1007.79,5.15,18.19,NNW,337.0,0.0,0.0,0.0,weather_underground,,
ILAMAD25,La Madeleine,other,EasyWeatherPro_V5.1.6,50.659,3.07,23.0,2025-03-24 03:09:00,13.0,9.44,79.0,1008.13,4.99,15.93,SSW,202.0,0.0,0.0,0.0,weather_underground,,
ILAMAD25,La Madeleine,other,EasyWeatherPro_V5.1.6,50.659,3.07,23.0,2025-03-24 03:14:00,13.0,9.5,79.0,1008.13,7.24,22.37,North,,0.0,0.0,0.0,weather_underground,,
ILAMAD25,La Madeleine,other,EasyWeatherPro_V5.1.6,50.659,3.07,23.0,2025-03-24 03:19:00,13.0,9.5,79.0,1008.13,5.47,14.97,NNW,337.0,0.0,0.0,0.0,weather_underground,,
ILAMAD25,La Madeleine,other,EasyWeatherPro_V5.1.6,50.659,3.07,23.0,2025-03-24 03:24:00,12.94,9.56,80.0,1008.13,7.24,19.79,WNW,292.0,0.0,0.0,0.0,weather_underground,,
ILAMAD25,La Madeleine,other,EasyWeatherPro_V5.1.6,50.659,3.07,23.0,2025-03-24 03:29:00,12.83,9.44,80.0,1007.79,4.99,16.25,NNW,337.0,0.0,0.0,0.0,weather_underground,,
ILAMAD25,La Madeleine,other,EasyWeatherPro_V5.1.6,50.659,3.07,23.0,2025-03-24 03:34:00,12.78,9.39,80.0,1007.79,6.28,15.29,NNW,337.0,0.0,0.0,0.0,weather_underground,,
ILAMAD25,La Madeleine,other,EasyWeatherPro_V5.1.6,50.659,3.07,23.0,2025-03-24 03:39:00,12.78,9.33,80.0,1008.13,6.76,18.35,NNW,337.0,0.0,0.0,0.0,weather_underground,,
ILAMAD25,La Madeleine,other,EasyWeatherPro_V5.1.6,50.659,3.07,23.0,2025-03-24 03:44:00,12.83,9.33,79.0,1008.13,4.51,15.93,North,,0.0,0.0,0.0,weather_underground,,
ILAMAD25,La Madeleine,other,EasyWeatherPro_V5.1.6,50.659,3.07,23.0,2025-03-24 03:49:00,12.78,9.28,79.0,1007.79,3.86,14.64,NW,315.0,0.0,0.0,0.0,weather_underground,,
ILAMAD25,La Madeleine,other,EasyWeatherPro_V5.1.6,50.659,3.07,23.0,2025-03-24 03:54:00,12.78,9.28,79.0,1007.79,5.31,16.25,NW,315.0,0.0,0.0,0.0,weather_underground,,
ILAMAD25,La Madeleine,other,EasyWeatherPro_V5.1.6,50.659,3.07,23.0,2025-03-24 03:59:00,12.89,9.39,79.0,1007.79,5.31,13.36,SE,135.0,0.0,0.0,0.0,weather_underground,,
ILAMAD25,La Madeleine,other,EasyWeatherPro_V5.1.6,50.659,3.07,23.0,2025-03-24 04:04:00,12.78,9.28,79.0,1007.79,5.47,18.19,NW,315.0,0.0,0.0,0.0,weather_underground,,
ILAMAD25,La Madeleine,other,EasyWeatherPro_V5.1.6,50.659,3.07,23.0,2025-03-24 04:09:00,12.89,9.39,79.0,1007.79,5.63,18.67,NW,315.0,0.0,0.0,0.0,weather_underground,,
ILAMAD25,La Madeleine,other,EasyWeatherPro_V5.1.6,50.659,3.07,23.0,2025-03-24 04:14:00,12.89,9.39,79.0,1007.79,9.17,26.07,NE,45.0,0.0,0.0,0.0,weather_underground,,
ILAMAD25,La Madeleine,other,EasyWeatherPro_V5.1.6,50.659,3.07,23.0,2025-03-24 04:19:00,12.89,9.39,79.0,1007.79,7.24,20.6,,,0.0,0.0,0.0,weather_underground,,
ILAMAD25,La Madeleine,other,EasyWeatherPro_V5.1.6,50.659,3.07,23.0,2025-03-24 04:24:00,12.89,9.39,79.0,1007.79,4.99,14.97,NW,315.0,0.0,0.0,0.0,weather_underground,,
ILAMAD25,La Madeleine,other,EasyWeatherPro_V5.1.6,50.659,3.07,23.0,2025-03-24 04:29:00,12.78,9.33,79.0,1007.79,4.99,13.52,East,,0.0,0.0,0.0,weather_underground,,
ILAMAD25,La Madeleine,other,EasyWeatherPro_V5.1.6,50.659,3.07,23.0,2025-03-24 04:34:00,12.78,9.39,80.0,1007.79,5.47,14.64,NNW,337.0,0.0,0.0,0.0,weather_underground,,
ILAMAD25,La Madeleine,other,EasyWeatherPro_V5.1.6,50.659,3.07,23.0,2025-03-24 04:39:00,12.78,9.28,79.0,1008.13,7.56,18.83,WNW,292.0,0.0,0.0,0.0,weather_underground,,
ILAMAD25,La Madeleine,other,EasyWeatherPro_V5.1.6,50.659,3.07,23.0,2025-03-24 04:44:00,12.78,9.33,79.0,1007.79,5.15,18.83,SW,225.0,0.0,0.0,0.0,weather_underground,,
ILAMAD25,La Madeleine,other,EasyWeatherPro_V5.1.6,50.659,3.07,23.0,2025-03-24 04:49:00,12.78,9.33,79.0,1007.79,6.28,18.83,,,0.0,0.0,0.0,weather_underground,,
ILAMAD25,La Madeleine,other,EasyWeatherPro_V5.1.6,50.659,3.07,23.0,2025-03-24 04:54:00,12.78,9.39,80.0,1007.79,6.12,13.84,NW,315.0,0.0,0.0,0.0,weather_underground,,
ILAMAD25,La Madeleine,other,EasyWeatherPro_V5.1.6,50.659,3.07,23.0,2025-03-24 04:59:00,12.78,9.39,80.0,1007.79,4.35,16.9,NNE,22.0,0.0,0.0,0.0,weather_underground,,
ILAMAD25,La Madeleine,other,EasyWeatherPro_V5.1.6,50.659,3.07,23.0,2025-03-24 05:04:00,12.83,9.39,80.0,1007.79,3.86,14.97,North,,0.0,0.0,0.0,weather_underground,,
ILAMAD25,La Madeleine,other,EasyWeatherPro_V5.1.6,50.659,3.07,23.0,2025-03-24 05:09:00,12.78,9.33,80.0,1007.79,5.31,15.29,North,,0.0,0.0,0.0,weather_underground,,
ILAMAD25,La Madeleine,other,EasyWeatherPro_V5.1.6,50.659,3.07,23.0,2025-03-24 05:14:00,12.89,9.5,80.0,1008.13,4.02,12.39,NNW,337.0,0.0,0.0,0.0,weather_underground,,
ILAMAD25,La Madeleine,other,EasyWeatherPro_V5.1.6,50.659,3.07,23.0,2025-03-24 05:19:00,12.83,9.44,80.0,1007.79,5.31,20.44,WSW,247.0,0.0,0.0,0.0,weather_underground,,
ILAMAD25,La Madeleine,other,EasyWeatherPro_V5.1.6,50.659,3.07,23.0,2025-03-24 05:24:00,12.89,9.5,80.0,1007.79,3.54,12.07,,,0.0,0.0,0.0,weather_underground,,
ILAMAD25,La Madeleine,other,EasyWeatherPro_V5.1.6,50.659,3.07,23.0,2025-03-24 05:29:00,12.83,9.44,80.0,1008.13,5.47,14.97,NNE,22.0,0.0,0.0,0.0,weather_underground,,
ILAMAD25,La Madeleine,other,EasyWeatherPro_V5.1.6,50.659,3.07,23.0,2025-03-24 05:34:00,12.78,9.39,80.0,1007.79,4.51,14.64,West,,0.0,0.0,0.0,weather_underground,,
ILAMAD25,La Madeleine,other,EasyWeatherPro_V5.1.6,50.659,3.07,23.0,2025-03-24 05:39:00,12.89,9.5,80.0,1007.79,3.7,12.07,North,,0.0,0.0,0.0,weather_underground,,
ILAMAD25,La Madeleine,other,EasyWeatherPro_V5.1.6,50.659,3.07,23.0,2025-03-24 05:44:00,12.89,9.5,80.0,1008.13,5.15,20.92,ESE,112.0,0.0,0.0,0.0,weather_underground,,
ILAMAD25,La Madeleine,other,EasyWeatherPro_V5.1.6,50.659,3.07,23.0,2025-03-24 05:49:00,12.89,9.5,80.0,1008.13,6.92,27.36,NW,315.0,0.0,0.0,0.0,weather_underground,,
ILAMAD25,La Madeleine,other,EasyWeatherPro_V5.1.6,50.659,3.07,23.0,2025-03-24 05:54:00,12.89,9.5,80.0,1008.13,4.67,18.83,NNE,22.0,0.0,0.0,0.0,weather_underground,,
ILAMAD25,La Madeleine,other,EasyWeatherPro_V5.1.6,50.659,3.07,23.0,2025-03-24 05:59:00,12.89,9.44,80.0,1008.13,2.41,10.3,NNW,337.0,0.0,0.0,0.0,weather_underground,,
ILAMAD25,La Madeleine,other,EasyWeatherPro_V5.1.6,50.659,3.07,23.0,2025-03-24 06:04:00,12.89,9.44,79.0,1008.13,5.31,16.25,NW,315.0,0.0,0.0,0.0,weather_underground,,
ILAMAD25,La Madeleine,other,EasyWeatherPro_V5.1.6,50.659,3.07,23.0,2025-03-24 06:09:00,12.89,9.39,79.0,1008.13,5.15,20.44,NW,315.0,0.0,0.0,0.0,weather_underground,,
ILAMAD25,La Madeleine,other,EasyWeatherPro_V5.1.6,50.659,3.07,23.0,2025-03-24 06:14:00,12.89,9.39,79.0,1008.13,4.83,16.25,NW,315.0,0.0,0.0,0.0,weather_underground,,
ILAMAD25,La Madeleine,other,EasyWeatherPro_V5.1.6,50.659,3.07,23.0,2025-03-24 06:19:00,12.89,9.39,79.0,1008.13,5.63,21.4,NNW,337.0,0.0,0.0,0.0,weather_underground,,
ILAMAD25,La Madeleine,other,EasyWeatherPro_V5.1.6,50.659,3.07,23.0,2025-03-24 06:24:00,12.89,9.39,79.0,1008.13,5.31,13.68,NNW,337.0,0.0,0.0,0.0,weather_underground,,
ILAMAD25,La Madeleine,other,EasyWeatherPro_V5.1.6,50.659,3.07,23.0,2025-03-24 06:29:00,12.89,9.28,78.0,1008.13,4.83,15.61,NNW,337.0,0.0,0.0,0.0,weather_underground,,
ILAMAD25,La Madeleine,other,EasyWeatherPro_V5.1.6,50.659,3.07,23.0,2025-03-24 06:34:00,12.89,9.22,78.0,1008.13,5.79,23.01,NW,315.0,0.0,0.0,0.0,weather_underground,,
ILAMAD25,La Madeleine,other,EasyWeatherPro_V5.1.6,50.659,3.07,23.0,2025-03-24 06:39:00,12.89,9.22,78.0,1008.13,4.35,11.43,NNW,337.0,0.0,0.0,0.0,weather_underground,,
ILAMAD25,La Madeleine,other,EasyWeatherPro_V5.1.6,50.659,3.07,23.0,2025-03-24 06:44:00,12.89,9.22,78.0,1008.47,6.12,16.9,NNW,337.0,0.0,0.0,0.0,weather_underground,,
ILAMAD25,La Madeleine,other,EasyWeatherPro_V5.1.6,50.659,3.07,23.0,2025-03-24 06:49:00,12.89,9.22,78.0,1008.13,4.51,15.29,NNW,337.0,0.0,0.0,0.0,weather_underground,,
ILAMAD25,La Madeleine,other,EasyWeatherPro_V5.1.6,50.659,3.07,23.0,2025-03-24 06:54:00,12.89,9.33,79.0,1008.47,4.18,19.47,NNW,337.0,0.0,0.0,0.0,weather_underground,,
ILAMAD25,La Madeleine,other,EasyWeatherPro_V5.1.6,50.659,3.07,23.0,2025-03-24 06:59:00,12.83,9.33,79.0,1008.47,4.99,20.28,North,,0.0,0.0,0.0,weather_underground,,
ILAMAD25,La Madeleine,other,EasyWeatherPro_V5.1.6,50.659,3.07,23.0,2025-03-24 07:04:00,12.78,9.28,79.0,1008.47,3.38,15.29,,,0.0,0.0,0.0,weather_underground,,
ILAMAD25,La Madeleine,other,EasyWeatherPro_V5.1.6,50.659,3.07,23.0,2025-03-24 07:09:00,12.72,9.28,80.0,1008.47,3.86,14.97,NNW,337.0,0.0,0.0,0.0,weather_underground,,
ILAMAD25,La Madeleine,other,EasyWeatherPro_V5.1.6,50.659,3.07,23.0,2025-03-24 07:14:00,12.72,9.28,80.0,1008.47,4.51,18.35,NW,315.0,0.0,0.0,0.0,weather_underground,,
ILAMAD25,La Madeleine,other,EasyWeatherPro_V5.1.6,50.659,3.07,23.0,2025-03-24 07:19:00,12.72,9.28,80.0,1008.47,2.25,8.69,NNW,337.0,0.0,0.0,0.0,weather_underground,,
ILAMAD25,La Madeleine,other,EasyWeatherPro_V5.1.6,50.659,3.07,23.0,2025-03-24 07:24:00,12.72,9.28,80.0,1008.47,5.63,13.68,NNW,337.0,0.0,0.0,0.0,weather_underground,,
ILAMAD25,La Madeleine,other,EasyWeatherPro_V5.1.6,50.659,3.07,23.0,2025-03-24 07:29:00,12.67,9.28,80.0,1008.47,5.31,16.58,,,0.0,0.1,0.0,weather_underground,,
ILAMAD25,La Madeleine,other,EasyWeatherPro_V5.1.6,50.659,3.07,23.0,2025-03-24 07:34:00,12.61,9.22,80.0,1008.47,6.28,20.28,NW,315.0,0.0,0.1,0.0,weather_underground,,
ILAMAD25,La Madeleine,other,EasyWeatherPro_V5.1.6,50.659,3.07,23.0,2025-03-24 07:39:00,12.61,9.22,80.0,1008.47,2.74,13.04,NNW,337.0,0.0,0.3,0.0,weather_underground,,
ILAMAD25,La Madeleine,other,EasyWeatherPro_V5.1.6,50.659,3.07,23.0,2025-03-24 07:44:00,12.61,9.22,80.0,1008.47,3.7,9.17,NNW,337.0,0.0,0.4,0.0,weather_underground,,
ILAMAD25,La Madeleine,other,EasyWeatherPro_V5.1.6,50.659,3.07,23.0,2025-03-24 07:49:00,12.61,9.22,80.0,1008.47,4.18,13.04,,,0.0,0.9,0.0,weather_underground,,
ILAMAD25,La Madeleine,other,EasyWeatherPro_V5.1.6,50.659,3.07,23.0,2025-03-24 07:54:00,12.61,9.22,80.0,1008.47,4.83,13.04,NNW,337.0,0.0,1.4,0.0,weather_underground,,
ILAMAD25,La Madeleine,other,EasyWeatherPro_V5.1.6,50.659,3.07,23.0,2025-03-24 07:59:00,12.61,9.22,80.0,1008.47,4.02,14.32,NW,315.0,0.0,2.1,0.0,weather_underground,,
ILAMAD25,La Madeleine,other,EasyWeatherPro_V5.1.6,50.659,3.07,23.0,2025-03-24 08:04:00,12.72,9.28,80.0,1008.47,4.02,13.52,NNW,337.0,0.0,2.6,0.0,weather_underground,,
ILAMAD25,La Madeleine,other,EasyWeatherPro_V5.1.6,50.659,3.07,23.0,2025-03-24 08:09:00,12.72,9.28,80.0,1008.47,4.51,14.32,NNW,337.0,0.0,4.4,0.0,weather_underground,,
ILAMAD25,La Madeleine,other,EasyWeatherPro_V5.1.6,50.659,3.07,23.0,2025-03-24 08:14:00,12.72,9.33,80.0,1008.47,2.09,11.75,NW,315.0,0.0,4.4,0.0,weather_underground,,
ILAMAD25,La Madeleine,other,EasyWeatherPro_V5.1.6,50.659,3.07,23.0,2025-03-24 08:19:00,12.72,9.28,80.0,1008.47,3.86,12.39,NW,315.0,0.0,6.0,0.0,weather_underground,,
ILAMAD25,La Madeleine,other,EasyWeatherPro_V5.1.6,50.659,3.07,23.0,2025-03-24 08:24:00,12.72,9.28,80.0,1008.47,5.79,13.36,NW,315.0,0.0,6.1,0.0,weather_underground,,
ILAMAD25,La Madeleine,other,EasyWeatherPro_V5.1.6,50.659,3.07,23.0,2025-03-24 08:29:00,12.72,9.28,80.0,1008.47,4.18,13.68,NNW,337.0,0.0,7.3,0.0,weather_underground,,
ILAMAD25,La Madeleine,other,EasyWeatherPro_V5.1.6,50.659,3.07,23.0,2025-03-24 08:34:00,12.67,9.22,80.0,1008.81,4.02,12.23,NNW,337.0,0.0,6.9,0.0,weather_underground,,
ILAMAD25,La Madeleine,other,EasyWeatherPro_V5.1.6,50.659,3.07,23.0,2025-03-24 08:39:00,12.72,9.28,80.0,1008.81,4.18,14.32,NNW,337.0,0.0,9.2,0.0,weather_underground,,
ILAMAD25,La Madeleine,other,EasyWeatherPro_V5.1.6,50.659,3.07,23.0,2025-03-24 08:44:00,12.72,9.28,80.0,1008.47,5.47,20.92,,,0.0,12.9,0.0,weather_underground,,
ILAMAD25,La Madeleine,other,EasyWeatherPro_V5.1.6,50.659,3.07,23.0,2025-03-24 08:49:00,12.72,9.28,80.0,1008.47,2.57,7.72,West,,0.0,14.2,0.0,weather_underground,,
ILAMAD25,La Madeleine,other,EasyWeatherPro_V5.1.6,50.659,3.07,23.0,2025-03-24 08:54:00,12.72,9.28,80.0,1008.47,2.74,15.13,WNW,292.0,0.0,15.6,0.0,weather_underground,,
ILAMAD25,La Madeleine,other,EasyWeatherPro_V5.1.6,50.659,3.07,23.0,2025-03-24 08:59:00,12.72,9.28,80.0,1008.47,3.22,13.04,NNE,22.0,0.0,18.4,0.0,weather_underground,,
ILAMAD25,La Madeleine,other,EasyWeatherPro_V5.1.6,50.659,3.07,23.0,2025-03-24 09:04:00,12.78,9.33,80.0,1008.81,4.02,11.1,North,,0.0,19.7,0.0,weather_underground,,
ILAMAD25,La Madeleine,other,EasyWeatherPro_V5.1.6,50.659,3.07,23.0,2025-03-24 09:09:00,12.78,9.44,80.0,1008.81,3.86,12.71,NNW,337.0,0.0,20.4,0.0,weather_underground,,
ILAMAD25,La Madeleine,other,EasyWeatherPro_V5.1.6,50.659,3.07,23.0,2025-03-24 09:14:00,12.83,9.44,80.0,1008.81,6.92,17.86,North,,0.0,23.4,0.0,weather_underground,,
ILAMAD25,La Madeleine,other,EasyWeatherPro_V5.1.6,50.659,3.07,23.0,2025-03-24 09:19:00,12.89,9.5,80.0,1008.81,3.7,14.81,NNW,337.0,0.0,21.9,0.0,weather_underground,,
ILAMAD25,La Madeleine,other,EasyWeatherPro_V5.1.6,50.659,3.07,23.0,2025-03-24 09:24:00,12.89,9.5,80.0,1008.81,4.51,16.9,NE,45.0,0.0,19.1,0.0,weather_underground,,
ILAMAD25,La Madeleine,other,EasyWeatherPro_V5.1.6,50.659,3.07,23.0,2025-03-24 09:29:00,12.89,9.56,80.0,1008.81,3.54,13.04,NNW,337.0,0.0,24.4,0.0,weather_underground,,
ILAMAD25,La Madeleine,other,EasyWeatherPro_V5.1.6,50.659,3.07,23.0,2025-03-24 09:34:00,12.78,9.61,81.0,1008.81,1.93,15.29,NE,45.0,0.0,23.9,0.0,weather_underground,,
ILAMAD25,La Madeleine,other,EasyWeatherPro_V5.1.6,50.659,3.07,23.0,2025-03-24 09:39:00,12.78,9.61,81.0,1008.81,2.57,15.93,NNW,337.0,0.0,23.2,0.0,weather_underground,,
ILAMAD25,La Madeleine,other,EasyWeatherPro_V5.1.6,50.659,3.07,23.0,2025-03-24 09:44:00,12.83,9.67,81.0,1008.81,1.61,7.4,NNW,337.0,0.0,21.2,0.0,weather_underground,,
ILAMAD25,La Madeleine,other,EasyWeatherPro_V5.1.6,50.659,3.07,23.0,2025-03-24 09:49:00,12.83,9.67,81.0,1008.81,2.25,13.04,NW,315.0,0.0,24.1,0.0,weather_underground,,
ILAMAD25,La Madeleine,other,EasyWeatherPro_V5.1.6,50.659,3.07,23.0,2025-03-24 09:54:00,12.89,9.72,81.0,1008.81,2.9,10.3,NNW,337.0,0.0,36.4,0.0,weather_underground,,
ILAMAD25,La Madeleine,other,EasyWeatherPro_V5.1.6,50.659,3.07,23.0,2025-03-24 09:59:00,12.94,9.78,81.0,1008.81,1.61,8.85,NW,315.0,0.0,42.8,0.0,weather_underground,,
ILAMAD25,La Madeleine,other,EasyWeatherPro_V5.1.6,50.659,3.07,23.0,2025-03-24 10:04:00,13.06,9.78,81.0,1008.81,3.7,14.97,NNW,337.0,0.0,46.9,0.0,weather_underground,,
ILAMAD25,La Madeleine,other,EasyWeatherPro_V5.1.6,50.659,3.07,23.0,2025-03-24 10:09:00,13.11,9.72,80.0,1009.14,2.9,19.79,NNW,337.0,0.0,48.9,0.0,weather_underground,,
ILAMAD25,La Madeleine,other,EasyWeatherPro_V5.1.6,50.659,3.07,23.0,2025-03-24 10:14:00,13.28,9.78,80.0,1008.81,4.18,13.36,NW,315.0,0.0,45.1,0.0,weather_underground,,
ILAMAD25,La Madeleine,other,EasyWeatherPro_V5.1.6,50.659,3.07,23.0,2025-03-24 10:19:00,13.28,9.72,79.0,1008.81,5.63,23.34,NNW,337.0,0.0,42.2,0.0,weather_underground,,
ILAMAD25,La Madeleine,other,EasyWeatherPro_V5.1.6,50.659,3.07,23.0,2025-03-24 10:24:00,13.22,9.72,80.0,1008.81,3.38,15.29,NNW,337.0,0.0,38.4,0.0,weather_underground,,
ILAMAD25,La Madeleine,other,EasyWeatherPro_V5.1.6,50.659,3.07,23.0,2025-03-24 10:29:00,13.28,9.89,80.0,1008.81,2.74,15.29,NW,315.0,0.0,35.9,0.0,weather_underground,,
ILAMAD25,La Madeleine,other,EasyWeatherPro_V5.1.6,50.659,3.07,23.0,2025-03-24 10:34:00,13.28,9.89,80.0,1008.81,2.09,10.3,NW,315.0,0.0,42.8,0.0,weather_underground,,
ILAMAD25,La Madeleine,other,EasyWeatherPro_V5.1.6,50.659,3.07,23.0,2025-03-24 10:39:00,13.33,9.89,80.0,1008.81,3.38,13.2,NW,315.0,0.0,55.1,0.0,weather_underground,,
ILAMAD25,La Madeleine,other,EasyWeatherPro_V5.1.6,50.659,3.07,23.0,2025-03-24 10:44:00,13.39,9.78,79.0,1009.14,4.67,22.37,NW,315.0,0.0,57.2,0.0,weather_underground,,
ILAMAD25,La Madeleine,other,EasyWeatherPro_V5.1.6,50.659,3.07,23.0,2025-03-24 10:49:00,13.5,9.83,79.0,1008.81,6.76,21.73,NNW,337.0,0.0,51.5,0.0,weather_underground,,
ILAMAD25,La Madeleine,other,EasyWeatherPro_V5.1.6,50.659,3.07,23.0,2025-03-24 10:54:00,13.56,9.72,78.0,1008.81,6.76,23.98,NW,315.0,0.0,56.6,0.0,weather_underground,,
ILAMAD25,La Madeleine,other,EasyWeatherPro_V5.1.6,50.659,3.07,23.0,2025-03-24 10:59:00,13.67,9.67,77.0,1008.81,4.67,27.84,WNW,292.0,0.0,55.1,0.0,weather_underground,,
ILAMAD25,La Madeleine,other,EasyWeatherPro_V5.1.6,50.659,3.07,23.0,2025-03-24 11:04:00,13.72,9.72,77.0,1008.81,4.51,21.08,WNW,292.0,0.0,46.1,0.0,weather_underground,,
ILAMAD25,La Madeleine,other,EasyWeatherPro_V5.1.6,50.659,3.07,23.0,2025-03-24 11:09:00,13.72,9.72,77.0,1008.81,6.44,25.75,SW,225.0,0.0,39.9,0.0,weather_underground,,
ILAMAD25,La Madeleine,other,EasyWeatherPro_V5.1.6,50.659,3.07,23.0,2025-03-24 11:14:00,13.72,9.61,77.0,1008.81,6.12,19.47,NNW,337.0,0.0,41.1,0.0,weather_underground,,
ILAMAD25,La Madeleine,other,EasyWeatherPro_V5.1.6,50.659,3.07,23.0,2025-03-24 11:19:00,13.72,9.56,76.0,1008.81,7.08,23.66,NW,315.0,0.0,44.8,0.0,weather_underground,,
ILAMAD25,La Madeleine,other,EasyWeatherPro_V5.1.6,50.659,3.07,23.0,2025-03-24 11:24:00,13.78,9.56,75.0,1008.81,5.47,19.47,NNW,337.0,0.0,44.0,0.0,weather_underground,,
ILAMAD25,La Madeleine,other,EasyWeatherPro_V5.1.6,50.659,3.07,23.0,2025-03-24 11:29:00,13.83,9.44,75.0,1008.81,6.12,20.12,NNW,337.0,0.0,73.1,0.0,weather_underground,,
ILAMAD25,La Madeleine,other,EasyWeatherPro_V5.1.6,50.659,3.07,23.0,2025-03-24 11:34:00,14.0,9.44,74.0,1008.81,8.05,25.75,WNW,292.0,0.0,96.5,0.0,weather_underground,,
ILAMAD25,La Madeleine,other,EasyWeatherPro_V5.1.6,50.659,3.07,23.0,2025-03-24 11:39:00,14.17,9.39,73.0,1008.81,9.17,24.94,NNW,337.0,0.0,98.1,0.0,weather_underground,,
ILAMAD25,La Madeleine,other,EasyWeatherPro_V5.1.6,50.659,3.07,23.0,2025-03-24 11:44:00,14.28,9.5,73.0,1008.81,6.76,24.3,NW,315.0,0.0,78.4,0.0,weather_underground,,
ILAMAD25,La Madeleine,other,EasyWeatherPro_V5.1.6,50.659,3.07,23.0,2025-03-24 11:49:00,14.22,9.72,74.0,1008.81,6.44,32.83,WNW,292.0,0.0,89.9,0.0,weather_underground,,
ILAMAD25,La Madeleine,other,EasyWeatherPro_V5.1.6,50.659,3.07,23.0,2025-03-24 11:54:00,14.28,9.61,73.0,1008.81,4.02,14.0,NNW,337.0,0.0,81.0,0.0,weather_underground,,
ILAMAD25,La Madeleine,other,EasyWeatherPro_V5.1.6,50.659,3.07,23.0,2025-03-24 11:59:00,14.33,9.44,73.0,1008.81,7.08,21.24,NW,315.0,0.0,82.0,0.0,weather_underground,,
ILAMAD25,La Madeleine,other,EasyWeatherPro_V5.1.6,50.659,3.07,23.0,2025-03-24 12:04:00,14.44,9.61,73.0,1008.81,6.6,24.94,NNW,337.0,0.0,89.0,0.0,weather_underground,,
ILAMAD25,La Madeleine,other,EasyWeatherPro_V5.1.6,50.659,3.07,23.0,2025-03-24 12:09:00,14.61,9.61,72.0,1008.47,5.63,23.66,NW,315.0,0.0,88.3,0.0,weather_underground,,
ILAMAD25,La Madeleine,other,EasyWeatherPro_V5.1.6,50.659,3.07,23.0,2025-03-24 12:14:00,14.61,9.61,72.0,1008.47,7.24,31.7,NW,315.0,0.0,84.6,0.0,weather_underground,,
ILAMAD25,La Madeleine,other,EasyWeatherPro_V5.1.6,50.659,3.07,23.0,2025-03-24 12:19:00,14.72,9.61,71.0,1008.47,5.31,20.12,NW,315.0,0.0,93.1,0.0,weather_underground,,
ILAMAD25,La Madeleine,other,EasyWeatherPro_V5.1.6,50.659,3.07,23.0,2025-03-24 12:24:00,14.78,9.61,71.0,1008.47,8.37,44.1,NW,315.0,0.0,89.0,0.0,weather_underground,,
ILAMAD25,La Madeleine,other,EasyWeatherPro_V5.1.6,50.659,3.07,23.0,2025-03-24 12:29:00,14.78,9.61,71.0,1008.47,7.56,23.66,NNW,337.0,0.0,85.0,0.0,weather_underground,,
ILAMAD25,La Madeleine,other,EasyWeatherPro_V5.1.6,50.659,3.07,23.0,2025-03-24 12:34:00,14.78,9.56,71.0,1008.47,8.21,27.52,NNW,337.0,0.0,69.2,0.0,weather_underground,,
ILAMAD25,La Madeleine,other,EasyWeatherPro_V5.1.6,50.659,3.07,23.0,2025-03-24 12:39:00,14.78,9.33,70.0,1008.47,7.4,27.52,NNW,337.0,0.0,82.9,0.0,weather_underground,,
ILAMAD25,La Madeleine,other,EasyWeatherPro_V5.1.6,50.659,3.07,23.0,2025-03-24 12:44:00,14.78,9.39,70.0,1008.47,5.31,24.78,NW,315.0,0.0,83.6,0.0,weather_underground,,
ILAMAD25,La Madeleine,other,EasyWeatherPro_V5.1.6,50.659,3.07,23.0,2025-03-24 12:49:00,14.78,9.39,70.0,1008.47,7.72,20.92,NW,315.0,0.0,92.0,0.0,weather_underground,,
ILAMAD25,La Madeleine,other,EasyWeatherPro_V5.1.6,50.659,3.07,23.0,2025-03-24 12:54:00,14.83,9.28,69.0,1008.47,6.92,20.76,NW,315.0,0.0,118.7,1.0,weather_underground,,
ILAMAD25,La Madeleine,other,EasyWeatherPro_V5.1.6,50.659,3.07,23.0,2025-03-24 12:59:00,15.06,9.28,69.0,1008.47,5.15,21.73,NW,315.0,0.0,115.9,1.0,weather_underground,,
ILAMAD25,La Madeleine,other,EasyWeatherPro_V5.1.6,50.659,3.07,23.0,2025-03-24 13:04:00,15.17,9.39,68.0,1008.47,5.63,16.58,NW,315.0,0.0,108.3,0.0,weather_underground,,
ILAMAD25,La Madeleine,other,EasyWeatherPro_V5.1.6,50.659,3.07,23.0,2025-03-24 13:09:00,15.28,9.39,68.0,1008.47,6.6,24.94,NNW,337.0,0.0,75.6,0.0,weather_underground,,
ILAMAD25,La Madeleine,other,EasyWeatherPro_V5.1.6,50.659,3.07,23.0,2025-03-24 13:14:00,15.11,9.5,69.0,1008.47,4.51,14.81,NW,315.0,0.0,70.5,0.0,weather_underground,,
ILAMAD25,La Madeleine,other,EasyWeatherPro_V5.1.6,50.659,3.07,23.0,2025-03-24 13:19:00,15.06,9.44,69.0,1008.47,3.86,22.21,NNW,337.0,0.0,85.8,0.0,weather_underground,,
ILAMAD25,La Madeleine,other,EasyWeatherPro_V5.1.6,50.659,3.07,23.0,2025-03-24 13:24:00,15.06,9.44,69.0,1008.47,5.47,23.66,NW,315.0,0.0,94.7,0.0,weather_underground,,
ILAMAD25,La Madeleine,other,EasyWeatherPro_V5.1.6,50.659,3.07,23.0,2025-03-24 13:29:00,15.39,9.56,68.0,1008.47,6.76,26.72,NNW,337.0,0.0,99.7,0.0,weather_underground,,
ILAMAD25,La Madeleine,other,EasyWeatherPro_V5.1.6,50.659,3.07,23.0,2025-03-24 13:34:00,15.33,9.44,68.0,1008.47,5.63,22.05,WNW,292.0,0.0,147.3,1.0,weather_underground,,
ILAMAD25,La Madeleine,other,EasyWeatherPro_V5.1.6,50.659,3.07,23.0,2025-03-24 13:39:00,15.44,9.28,67.0,1008.47,7.72,25.43,WNW,292.0,0.0,484.2,3.0,weather_underground,,
ILAMAD25,La Madeleine,other,EasyWeatherPro_V5.1.6,50.659,3.07,23.0,2025-03-24 13:44:00,15.72,9.22,65.0,1008.47,3.7,20.76,NNW,337.0,0.0,475.8,3.0,weather_underground,,
ILAMAD25,La Madeleine,other,EasyWeatherPro_V5.1.6,50.659,3.07,23.0,2025-03-24 13:49:00,16.06,9.56,65.0,1008.47,7.24,23.01,NW,315.0,0.0,417.4,3.0,weather_underground,,
ILAMAD25,La Madeleine,other,EasyWeatherPro_V5.1.6,50.659,3.07,23.0,2025-03-24 13:54:00,15.61,9.44,67.0,1008.47,4.02,16.58,NW,315.0,0.0,477.4,3.0,weather_underground,,
ILAMAD25,La Madeleine,other,EasyWeatherPro_V5.1.6,50.659,3.07,23.0,2025-03-24 13:59:00,15.61,9.39,66.0,1008.13,4.35,13.04,NNW,337.0,0.0,473.2,3.0,weather_underground,,
ILAMAD25,La Madeleine,other,EasyWeatherPro_V5.1.6,50.659,3.07,23.0,2025-03-24 14:04:00,16.17,9.61,65.0,1008.13,1.61,8.69,NNW,337.0,0.0,467.2,3.0,weather_underground,,
ILAMAD25,La Madeleine,other,EasyWeatherPro_V5.1.6,50.659,3.07,23.0,2025-03-24 14:09:00,16.17,9.67,65.0,1008.47,6.92,23.5,North,,0.0,361.6,2.0,weather_underground,,
ILAMAD25,La Madeleine,other,EasyWeatherPro_V5.1.6,50.659,3.07,23.0,2025-03-24 14:14:00,15.83,9.56,66.0,1008.47,7.4,22.69,,,0.0,201.0,1.0,weather_underground,,
ILAMAD25,La Madeleine,other,EasyWeatherPro_V5.1.6,50.659,3.07,23.0,2025-03-24 14:19:00,15.39,9.11,66.0,1008.47,3.86,15.29,NNW,337.0,0.0,486.9,3.0,weather_underground,,
ILAMAD25,La Madeleine,other,EasyWeatherPro_V5.1.6,50.659,3.07,23.0,2025-03-24 14:24:00,15.83,9.06,64.0,1008.13,2.25,9.17,NNW,337.0,0.0,443.9,3.0,weather_underground,,
ILAMAD25,La Madeleine,other,EasyWeatherPro_V5.1.6,50.659,3.07,23.0,2025-03-24 14:29:00,16.39,8.67,60.0,1008.13,6.28,17.54,NNW,337.0,0.0,471.2,3.0,weather_underground,,
ILAMAD25,La Madeleine,other,EasyWeatherPro_V5.1.6,50.659,3.07,23.0,2025-03-24 14:34:00,16.72,9.11,61.0,1008.13,11.59,28.65,NNE,22.0,0.0,463.7,3.0,weather_underground,,
ILAMAD25,La Madeleine,other,EasyWeatherPro_V5.1.6,50.659,3.07,23.0,2025-03-24 14:39:00,16.5,9.17,62.0,1008.13,8.53,25.43,SE,135.0,0.0,464.9,3.0,weather_underground,,
ILAMAD25,La Madeleine,other,EasyWeatherPro_V5.1.6,50.659,3.07,23.0,2025-03-24 14:44:00,16.72,9.06,60.0,1007.79,5.79,17.22,NNW,337.0,0.0,447.5,3.0,weather_underground,,
ILAMAD25,La Madeleine,other,EasyWeatherPro_V5.1.6,50.659,3.07,23.0,2025-03-24 14:49:00,17.11,8.89,58.0,1008.13,8.69,16.25,WNW,292.0,0.0,445.0,3.0,weather_underground,,
ILAMAD25,La Madeleine,other,EasyWeatherPro_V5.1.6,50.659,3.07,23.0,2025-03-24 14:54:00,16.89,8.89,59.0,1007.79,9.01,21.73,WNW,292.0,0.0,410.8,3.0,weather_underground,,
ILAMAD25,La Madeleine,other,EasyWeatherPro_V5.1.6,50.659,3.07,23.0,2025-03-24 14:59:00,16.89,8.94,60.0,1007.79,6.92,19.47,NNW,337.0,0.0,411.5,3.0,weather_underground,,
ILAMAD25,La Madeleine,other,EasyWeatherPro_V5.1.6,50.659,3.07,23.0,2025-03-24 15:04:00,17.06,8.89,59.0,1007.79,8.21,28.0,NW,315.0,0.0,451.1,3.0,weather_underground,,
ILAMAD25,La Madeleine,other,EasyWeatherPro_V5.1.6,50.659,3.07,23.0,2025-03-24 15:09:00,17.22,8.78,58.0,1007.79,7.89,20.76,NW,315.0,0.0,441.3,3.0,weather_underground,,
ILAMAD25,La Madeleine,other,EasyWeatherPro_V5.1.6,50.659,3.07,23.0,2025-03-24 15:14:00,17.5,8.83,57.0,1007.79,9.5,22.05,NW,315.0,0.0,464.4,3.0,weather_underground,,
ILAMAD25,La Madeleine,other,EasyWeatherPro_V5.1.6,50.659,3.07,23.0,2025-03-24 15:19:00,17.39,8.67,57.0,1007.79,12.07,37.18,ENE,67.0,0.0,458.2,3.0,weather_underground,,
ILAMAD25,La Madeleine,other,EasyWeatherPro_V5.1.6,50.659,3.07,23.0,2025-03-24 15:24:00,17.06,8.78,58.0,1007.79,9.17,22.69,West,,0.0,503.0,4.0,weather_underground,,
ILAMAD25,La Madeleine,other,EasyWeatherPro_V5.1.6,50.659,3.07,23.0,2025-03-24 15:29:00,16.83,8.83,59.0,1007.79,10.14,28.81,WSW,247.0,0.0,427.2,3.0,weather_underground,,
ILAMAD25,La Madeleine,other,EasyWeatherPro_V5.1.6,50.659,3.07,23.0,2025-03-24 15:34:00,16.61,8.83,60.0,1007.79,6.76,20.6,SSE,157.0,0.0,304.6,2.0,weather_underground,,
ILAMAD25,La Madeleine,other,EasyWeatherPro_V5.1.6,50.659,3.07,23.0,2025-03-24 15:39:00,16.72,8.67,59.0,1007.79,8.85,31.06,NNW,337.0,0.0,298.1,2.0,weather_underground,,
ILAMAD25,La Madeleine,other,EasyWeatherPro_V5.1.6,50.659,3.07,23.0,2025-03-24 15:44:00,16.5,8.89,61.0,1007.79,4.67,22.85,NNW,337.0,0.0,426.7,3.0,weather_underground,,
ILAMAD25,La Madeleine,other,EasyWeatherPro_V5.1.6,50.659,3.07,23.0,2025-03-24 15:49:00,16.78,8.83,60.0,1007.79,8.53,23.17,SSW,202.0,0.0,417.3,3.0,weather_underground,,
ILAMAD25,La Madeleine,other,EasyWeatherPro_V5.1.6,50.659,3.07,23.0,2025-03-24 15:54:00,16.28,8.94,62.0,1007.79,7.89,29.61,NW,315.0,0.0,173.8,1.0,weather_underground,,
ILAMAD25,La Madeleine,other,EasyWeatherPro_V5.1.6,50.659,3.07,23.0,2025-03-24 15:59:00,16.11,8.67,61.0,1007.45,5.15,16.9,NNE,22.0,0.0,443.5,3.0,weather_underground,,
ILAMAD25,La Madeleine,other,EasyWeatherPro_V5.1.6,50.659,3.07,23.0,2025-03-24 16:04:00,16.89,9.28,61.0,1007.45,6.92,17.22,NNW,337.0,0.0,406.7,3.0,weather_underground,,
ILAMAD25,La Madeleine,other,EasyWeatherPro_V5.1.6,50.659,3.07,23.0,2025-03-24 16:09:00,16.61,9.0,61.0,1007.79,5.47,15.93,NW,315.0,0.0,333.9,2.0,weather_underground,,
ILAMAD25,La Madeleine,other,EasyWeatherPro_V5.1.6,50.659,3.07,23.0,2025-03-24 16:14:00,16.39,9.06,62.0,1007.45,4.51,21.4,NW,315.0,0.0,228.6,1.0,weather_underground,,
ILAMAD25,La Madeleine,other,EasyWeatherPro_V5.1.6,50.659,3.07,23.0,2025-03-24 16:19:00,16.17,8.61,61.0,1007.45,6.6,25.27,NW,315.0,0.0,384.0,3.0,weather_underground,,
ILAMAD25,La Madeleine,other,EasyWeatherPro_V5.1.6,50.659,3.07,23.0,2025-03-24 16:24:00,16.78,8.83,59.0,1007.45,5.79,24.62,NW,315.0,0.0,354.4,2.0,weather_underground,,
ILAMAD25,La Madeleine,other,EasyWeatherPro_V5.1.6,50.659,3.07,23.0,2025-03-24 16:29:00,17.39,9.33,59.0,1007.45,5.95,21.57,NW,315.0,0.0,273.9,2.0,weather_underground,,
ILAMAD25,La Madeleine,other,EasyWeatherPro_V5.1.6,50.659,3.07,23.0,2025-03-24 16:34:00,16.83,9.33,61.0,1007.11,4.35,19.15,NNW,337.0,0.0,96.3,0.0,weather_underground,,
ILAMAD25,La Madeleine,other,EasyWeatherPro_V5.1.6,50.659,3.07,23.0,2025-03-24 16:39:00,16.39,9.39,63.0,1007.11,4.99,15.13,SE,135.0,0.0,103.5,0.0,weather_underground,,
ILAMAD25,La Madeleine,other,EasyWeatherPro_V5.1.6,50.659,3.07,23.0,2025-03-24 16:44:00,16.17,9.22,63.0,1007.11,4.99,21.08,NNW,337.0,0.0,72.9,0.0,weather_underground,,
ILAMAD25,La Madeleine,other,EasyWeatherPro_V5.1.6,50.659,3.07,23.0,2025-03-24 16:49:00,16.11,9.17,63.0,1007.11,4.83,17.86,NW,315.0,0.0,72.8,0.0,weather_underground,,
ILAMAD25,La Madeleine,other,EasyWeatherPro_V5.1.6,50.659,3.07,23.0,2025-03-24 16:54:00,15.94,8.89,63.0,1007.11,4.02,18.35,NNW,337.0,0.0,71.7,0.0,weather_underground,,
ILAMAD25,La Madeleine,other,EasyWeatherPro_V5.1.6,50.659,3.07,23.0,2025-03-24 16:59:00,15.83,8.83,63.0,1007.11,3.54,15.61,NNW,337.0,0.0,77.2,0.0,weather_underground,,
ILAMAD25,La Madeleine,other,EasyWeatherPro_V5.1.6,50.659,3.07,23.0,2025-03-24 17:04:00,15.83,8.67,63.0,1007.11,2.09,12.39,NNW,337.0,0.0,91.8,0.0,weather_underground,,
ILAMAD25,La Madeleine,other,EasyWeatherPro_V5.1.6,50.659,3.07,23.0,2025-03-24 17:09:00,15.89,8.61,62.0,1006.77,3.54,13.84,NW,315.0,0.0,89.2,0.0,weather_underground,,
ILAMAD25,La Madeleine,other,EasyWeatherPro_V5.1.6,50.659,3.07,23.0,2025-03-24 17:14:00,15.78,8.72,63.0,1007.11,0.97,6.28,NNW,337.0,0.0,63.9,0.0,weather_underground,,
ILAMAD25,La Madeleine,other,EasyWeatherPro_V5.1.6,50.659,3.07,23.0,2025-03-24 17:19:00,15.78,8.83,63.0,1006.77,3.22,10.46,NNW,337.0,0.0,57.2,0.0,weather_underground,,
ILAMAD25,La Madeleine,other,EasyWeatherPro_V5.1.6,50.659,3.07,23.0,2025-03-24 17:24:00,15.56,8.78,64.0,1006.77,5.15,21.08,North,,0.0,61.4,0.0,weather_underground,,
ILAMAD25,La Madeleine,other,EasyWeatherPro_V5.1.6,50.659,3.07,23.0,2025-03-24 17:29:00,15.61,8.78,64.0,1006.77,3.54,10.78,NNW,337.0,0.0,62.3,0.0,weather_underground,,
ILAMAD25,La Madeleine,other,EasyWeatherPro_V5.1.6,50.659,3.07,23.0,2025-03-24 17:34:00,15.56,8.78,64.0,1006.77,2.25,11.75,NE,45.0,0.0,66.0,0.0,weather_underground,,
ILAMAD25,La Madeleine,other,EasyWeatherPro_V5.1.6,50.659,3.07,23.0,2025-03-24 17:39:00,15.61,8.78,64.0,1006.77,3.06,10.46,NNW,337.0,0.0,61.1,0.0,weather_underground,,
ILAMAD25,La Madeleine,other,EasyWeatherPro_V5.1.6,50.659,3.07,23.0,2025-03-24 17:44:00,15.56,8.61,63.0,1006.77,4.02,11.59,NW,315.0,0.0,45.6,0.0,weather_underground,,
ILAMAD25,La Madeleine,other,EasyWeatherPro_V5.1.6,50.659,3.07,23.0,2025-03-24 17:49:00,15.5,8.39,63.0,1006.77,4.51,24.3,NNW,337.0,0.0,53.5,0.0,weather_underground,,
ILAMAD25,La Madeleine,other,EasyWeatherPro_V5.1.6,50.659,3.07,23.0,2025-03-24 17:54:00,15.5,8.44,63.0,1006.77,4.51,13.36,NW,315.0,0.0,53.7,0.0,weather_underground,,
ILAMAD25,La Madeleine,other,EasyWeatherPro_V5.1.6,50.659,3.07,23.0,2025-03-24 17:59:00,15.44,8.28,62.0,1006.77,4.02,13.2,NNW,337.0,0.0,50.8,0.0,weather_underground,,
ILAMAD25,La Madeleine,other,EasyWeatherPro_V5.1.6,50.659,3.07,23.0,2025-03-24 18:04:00,15.44,8.28,62.0,1006.77,2.57,13.84,NW,315.0,0.0,47.3,0.0,weather_underground,,
ILAMAD25,La Madeleine,other,EasyWeatherPro_V5.1.6,50.659,3.07,23.0,2025-03-24 18:09:00,15.33,8.22,62.0,1006.77,4.83,19.63,NNW,337.0,0.0,38.8,0.0,weather_underground,,
ILAMAD25,La Madeleine,other,EasyWeatherPro_V5.1.6,50.659,3.07,23.0,2025-03-24 18:14:00,15.22,7.83,61.0,1006.77,7.4,20.44,NNW,337.0,0.0,27.8,0.0,weather_underground,,
ILAMAD25,La Madeleine,other,EasyWeatherPro_V5.1.6,50.659,3.07,23.0,2025-03-24 18:19:00,15.22,8.0,62.0,1006.77,3.86,12.87,,,0.0,27.5,0.0,weather_underground,,
ILAMAD25,La Madeleine,other,EasyWeatherPro_V5.1.6,50.659,3.07,23.0,2025-03-24 18:24:00,15.22,8.11,63.0,1006.77,1.13,7.72,NNW,337.0,0.0,20.2,0.0,weather_underground,,
ILAMAD25,La Madeleine,other,EasyWeatherPro_V5.1.6,50.659,3.07,23.0,2025-03-24 18:29:00,15.11,7.89,62.0,1006.44,2.9,11.1,NW,315.0,0.0,19.3,0.0,weather_underground,,
ILAMAD25,La Madeleine,other,EasyWeatherPro_V5.1.6,50.659,3.07,23.0,2025-03-24 18:34:00,15.11,7.72,61.0,1006.44,4.18,13.2,NE,45.0,0.0,18.2,0.0,weather_underground,,
ILAMAD25,La Madeleine,other,EasyWeatherPro_V5.1.6,50.659,3.07,23.0,2025-03-24 18:39:00,15.0,7.61,62.0,1006.44,1.93,8.53,NNW,337.0,0.0,16.9,0.0,weather_underground,,
ILAMAD25,La Madeleine,other,EasyWeatherPro_V5.1.6,50.659,3.07,23.0,2025-03-24 18:44:00,14.94,7.44,61.0,1006.44,3.06,15.61,NNW,337.0,0.0,11.6,0.0,weather_underground,,
ILAMAD25,La Madeleine,other,EasyWeatherPro_V5.1.6,50.659,3.07,23.0,2025-03-24 18:49:00,14.89,7.39,61.0,1006.44,5.63,20.92,WNW,292.0,0.0,10.1,0.0,weather_underground,,
ILAMAD25,La Madeleine,other,EasyWeatherPro_V5.1.6,50.659,3.07,23.0,2025-03-24 18:54:00,14.78,7.39,61.0,1006.77,3.38,12.71,NW,315.0,0.0,6.8,0.0,weather_underground,,
ILAMAD25,La Madeleine,other,EasyWeatherPro_V5.1.6,50.659,3.07,23.0,2025-03-24 18:59:00,14.72,7.5,62.0,1006.77,4.51,26.39,NW,315.0,0.0,5.3,0.0,weather_underground,,
ILAMAD25,La Madeleine,other,EasyWeatherPro_V5.1.6,50.659,3.07,23.0,2025-03-24 19:04:00,14.61,7.61,63.0,1006.77,2.74,16.9,NW,315.0,0.0,4.7,0.0,weather_underground,,
ILAMAD25,La Madeleine,other,EasyWeatherPro_V5.1.6,50.659,3.07,23.0,2025-03-24 19:09:00,14.56,7.83,64.0,1006.44,3.06,12.55,NNW,337.0,0.0,3.7,0.0,weather_underground,,
ILAMAD25,La Madeleine,other,EasyWeatherPro_V5.1.6,50.659,3.07,23.0,2025-03-24 19:14:00,14.44,7.89,65.0,1006.77,1.45,11.75,NW,315.0,0.0,2.8,0.0,weather_underground,,
ILAMAD25,La Madeleine,other,EasyWeatherPro_V5.1.6,50.659,3.07,23.0,2025-03-24 19:19:00,14.33,8.06,66.0,1006.44,2.57,8.21,NNW,337.0,0.0,2.3,0.0,weather_underground,,
ILAMAD25,La Madeleine,other,EasyWeatherPro_V5.1.6,50.659,3.07,23.0,2025-03-24 19:24:00,14.28,8.11,66.0,1006.44,2.09,8.69,NNW,337.0,0.0,1.8,0.0,weather_underground,,
ILAMAD25,La Madeleine,other,EasyWeatherPro_V5.1.6,50.659,3.07,23.0,2025-03-24 19:29:00,14.17,8.06,67.0,1006.44,2.74,15.29,NNW,337.0,0.0,1.0,0.0,weather_underground,,
ILAMAD25,La Madeleine,other,EasyWeatherPro_V5.1.6,50.659,3.07,23.0,2025-03-24 19:34:00,14.06,8.0,67.0,1006.44,1.13,9.01,WSW,247.0,0.0,0.6,0.0,weather_underground,,
ILAMAD25,La Madeleine,other,EasyWeatherPro_V5.1.6,50.659,3.07,23.0,2025-03-24 19:39:00,14.0,8.0,67.0,1006.44,4.02,12.07,NNW,337.0,0.0,0.2,0.0,weather_underground,,
ILAMAD25,La Madeleine,other,EasyWeatherPro_V5.1.6,50.659,3.07,23.0,2025-03-24 19:44:00,14.0,8.17,68.0,1006.44,2.74,10.14,NNW,337.0,0.0,0.1,0.0,weather_underground,,
ILAMAD25,La Madeleine,other,EasyWeatherPro_V5.1.6,50.659,3.07,23.0,2025-03-24 19:49:00,13.89,8.11,68.0,1006.44,2.09,9.82,North,,0.0,0.1,0.0,weather_underground,,
ILAMAD25,La Madeleine,other,EasyWeatherPro_V5.1.6,50.659,3.07,23.0,2025-03-24 19:54:00,13.83,8.33,70.0,1006.1,1.45,8.53,NW,315.0,0.0,0.0,0.0,weather_underground,,
ILAMAD25,La Madeleine,other,EasyWeatherPro_V5.1.6,50.659,3.07,23.0,2025-03-24 19:59:00,13.67,8.72,72.0,1006.44,0.97,7.4,NNW,337.0,0.0,0.0,0.0,weather_underground,,
ILAMAD25,La Madeleine,other,EasyWeatherPro_V5.1.6,50.659,3.07,23.0,2025-03-24 20:04:00,13.39,8.89,74.0,1006.44,2.74,7.72,NW,315.0,0.0,0.0,0.0,weather_underground,,
ILAMAD25,La Madeleine,other,EasyWeatherPro_V5.1.6,50.659,3.07,23.0,2025-03-24 20:09:00,13.22,9.0,75.0,1006.44,1.93,11.43,NNW,337.0,0.0,0.0,0.0,weather_underground,,
ILAMAD25,La Madeleine,other,EasyWeatherPro_V5.1.6,50.659,3.07,23.0,2025-03-24 20:14:00,13.17,9.06,76.0,1006.44,1.13,6.76,NNW,337.0,0.0,0.0,0.0,weather_underground,,
ILAMAD25,La Madeleine,other,EasyWeatherPro_V5.1.6,50.659,3.07,23.0,2025-03-24 20:19:00,13.06,9.11,77.0,1006.44,1.13,5.47,NNW,337.0,0.0,0.0,0.0,weather_underground,,
ILAMAD25,La Madeleine,other,EasyWeatherPro_V5.1.6,50.659,3.07,23.0,2025-03-24 20:24:00,13.0,9.17,77.0,1006.44,1.61,7.08,NNW,337.0,0.0,0.0,0.0,weather_underground,,
ILAMAD25,La Madeleine,other,EasyWeatherPro_V5.1.6,50.659,3.07,23.0,2025-03-24 20:29:00,12.89,9.28,78.0,1006.1,3.06,11.1,NNE,22.0,0.0,0.0,0.0,weather_underground,,
ILAMAD25,La Madeleine,other,EasyWeatherPro_V5.1.6,50.659,3.07,23.0,2025-03-24 20:34:00,12.78,9.39,80.0,1006.44,3.86,10.46,,,0.0,0.0,0.0,weather_underground,,
ILAMAD25,La Madeleine,other,EasyWeatherPro_V5.1.6,50.659,3.07,23.0,2025-03-24 20:39:00,12.61,9.61,82.0,1006.44,2.9,10.46,NNW,337.0,1.27,0.0,0.0,weather_underground,,
ILAMAD25,La Madeleine,other,EasyWeatherPro_V5.1.6,50.659,3.07,23.0,2025-03-24 20:44:00,12.39,9.72,84.0,1006.44,2.74,7.72,NNW,337.0,1.27,0.0,0.0,weather_underground,,
ILAMAD25,La Madeleine,other,EasyWeatherPro_V5.1.6,50.659,3.07,23.0,2025-03-24 20:49:00,12.28,9.72,84.0,1006.44,2.41,9.82,West,,1.27,0.0,0.0,weather_underground,,
ILAMAD25,La Madeleine,other,EasyWeatherPro_V5.1.6,50.659,3.07,23.0,2025-03-24 20:54:00,12.22,9.78,85.0,1006.44,2.74,8.05,NW,315.0,2.29,0.0,0.0,weather_underground,,
ILAMAD25,La Madeleine,other,EasyWeatherPro_V5.1.6,50.659,3.07,23.0,2025-03-24 20:59:00,12.11,9.78,86.0,1006.44,2.74,10.78,NW,315.0,6.1,0.0,0.0,weather_underground,,
ILAMAD25,La Madeleine,other,EasyWeatherPro_V5.1.6,50.659,3.07,23.0,2025-03-24 21:04:00,12.0,9.89,87.0,1006.1,3.86,14.97,,,6.1,0.0,0.0,weather_underground,,
ILAMAD25,La Madeleine,other,EasyWeatherPro_V5.1.6,50.659,3.07,23.0,2025-03-24 21:09:00,11.89,9.83,88.0,1006.1,2.74,9.5,NW,315.0,3.05,0.0,0.0,weather_underground,,
ILAMAD25,La Madeleine,other,EasyWeatherPro_V5.1.6,50.659,3.07,23.0,2025-03-24 21:14:00,11.89,9.89,88.0,1006.1,1.29,6.76,NW,315.0,0.51,0.0,0.0,weather_underground,,
ILAMAD25,La Madeleine,other,EasyWeatherPro_V5.1.6,50.659,3.07,23.0,2025-03-24 21:19:00,11.78,9.78,88.0,1006.1,2.74,10.14,NW,315.0,0.0,0.0,0.0,weather_underground,,
ILAMAD25,La Madeleine,other,EasyWeatherPro_V5.1.6,50.659,3.07,23.0,2025-03-24 21:24:00,11.78,9.78,88.0,1006.1,2.74,8.05,WNW,292.0,1.27,0.0,0.0,weather_underground,,
ILAMAD25,La Madeleine,other,EasyWeatherPro_V5.1.6,50.659,3.07,23.0,2025-03-24 21:29:00,11.78,9.89,89.0,1006.1,2.09,9.5,NW,315.0,1.27,0.0,0.0,weather_underground,,
ILAMAD25,La Madeleine,other,EasyWeatherPro_V5.1.6,50.659,3.07,23.0,2025-03-24 21:34:00,11.78,9.94,89.0,1006.1,3.06,8.85,WNW,292.0,2.29,0.0,0.0,weather_underground,,
ILAMAD25,La Madeleine,other,EasyWeatherPro_V5.1.6,50.659,3.07,23.0,2025-03-24 21:39:00,11.72,9.94,89.0,1006.1,1.93,5.79,NNW,337.0,3.56,0.0,0.0,weather_underground,,
ILAMAD25,La Madeleine,other,EasyWeatherPro_V5.1.6,50.659,3.07,23.0,2025-03-24 21:44:00,11.72,10.06,90.0,1006.1,2.9,12.07,WNW,292.0,4.83,0.0,0.0,weather_underground,,
ILAMAD25,La Madeleine,other,EasyWeatherPro_V5.1.6,50.659,3.07,23.0,2025-03-24 21:49:00,11.61,10.0,90.0,1006.1,1.61,8.85,WNW,292.0,4.83,0.0,0.0,weather_underground,,
ILAMAD25,La Madeleine,other,EasyWeatherPro_V5.1.6,50.659,3.07,23.0,2025-03-24 21:54:00,11.61,10.06,90.0,1006.1,1.77,9.5,NW,315.0,2.29,0.0,0.0,weather_underground,,
ILAMAD25,La Madeleine,other,EasyWeatherPro_V5.1.6,50.659,3.07,23.0,2025-03-24 21:59:00,11.61,10.22,91.0,1005.76,1.77,8.85,NW,315.0,1.27,0.0,0.0,weather_underground,,
ILAMAD25,La Madeleine,other,EasyWeatherPro_V5.1.6,50.659,3.07,23.0,2025-03-24 22:04:00,11.61,10.22,91.0,1005.76,0.8,5.47,NW,315.0,1.27,0.0,0.0,weather_underground,,
ILAMAD25,La Madeleine,other,EasyWeatherPro_V5.1.6,50.659,3.07,23.0,2025-03-24 22:09:00,11.61,10.22,91.0,1005.76,1.61,7.08,NW,315.0,3.05,0.0,0.0,weather_underground,,
ILAMAD25,La Madeleine,other,EasyWeatherPro_V5.1.6,50.659,3.07,23.0,2025-03-24 22:14:00,11.61,10.28,91.0,1005.76,2.74,7.08,West,,3.05,0.0,0.0,weather_underground,,
ILAMAD25,La Madeleine,other,EasyWeatherPro_V5.1.6,50.659,3.07,23.0,2025-03-24 22:19:00,11.61,10.39,92.0,1005.76,0.32,5.15,NNW,337.0,3.05,0.0,0.0,weather_underground,,
ILAMAD25,La Madeleine,other,EasyWeatherPro_V5.1.6,50.659,3.07,23.0,2025-03-24 22:24:00,11.61,10.39,92.0,1005.76,0.8,5.47,NNW,337.0,2.29,0.0,0.0,weather_underground,,
ILAMAD25,La Madeleine,other,EasyWeatherPro_V5.1.6,50.659,3.07,23.0,2025-03-24 22:29:00,11.5,10.28,92.0,1005.76,0.16,6.76,NNW,337.0,2.29,0.0,0.0,weather_underground,,
ILAMAD25,La Madeleine,other,EasyWeatherPro_V5.1.6,50.659,3.07,23.0,2025-03-24 22:34:00,11.5,10.28,92.0,1005.76,1.13,7.72,NW,315.0,1.27,0.0,0.0,weather_underground,,
ILAMAD25,La Madeleine,other,EasyWeatherPro_V5.1.6,50.659,3.07,23.0,2025-03-24 22:39:00,11.5,10.28,92.0,1005.76,0.16,5.31,NW,315.0,1.27,0.0,0.0,weather_underground,,
ILAMAD25,La Madeleine,other,EasyWeatherPro_V5.1.6,50.659,3.07,23.0,2025-03-24 22:44:00,11.5,10.28,92.0,1005.76,0.32,2.74,NNW,337.0,0.0,0.0,0.0,weather_underground,,
ILAMAD25,La Madeleine,other,EasyWeatherPro_V5.1.6,50.659,3.07,23.0,2025-03-24 22:49:00,11.44,10.28,92.0,1005.42,0.32,3.54,NW,315.0,0.0,0.0,0.0,weather_underground,,
ILAMAD25,La Madeleine,other,EasyWeatherPro_V5.1.6,50.659,3.07,23.0,2025-03-24 22:54:00,11.39,10.22,92.0,1005.76,0.16,2.41,NNW,337.0,0.0,0.0,0.0,weather_underground,,
ILAMAD25,La Madeleine,other,EasyWeatherPro_V5.1.6,50.659,3.07,23.0,2025-03-24 22:59:00,11.39,10.22,92.0,1005.76,0.0,2.41,NNW,337.0,0.0,0.0,0.0,weather_underground,,
ILAMAD25,La Madeleine,other,EasyWeatherPro_V5.1.6,50.659,3.07,23.0,2025-03-24 23:04:00,11.39,10.22,92.0,1005.42,0.16,4.51,NW,315.0,0.0,0.0,0.0,weather_underground,,
ILAMAD25,La Madeleine,other,EasyWeatherPro_V5.1.6,50.659,3.07,23.0,2025-03-24 23:09:00,11.39,10.22,92.0,1005.42,0.97,7.08,NW,315.0,1.27,0.0,0.0,weather_underground,,
ILAMAD25,La Madeleine,other,EasyWeatherPro_V5.1.6,50.659,3.07,23.0,2025-03-24 23:14:00,11.39,10.22,92.0,1005.42,0.48,9.17,NW,315.0,1.27,0.0,0.0,weather_underground,,
ILAMAD25,La Madeleine,other,EasyWeatherPro_V5.1.6,50.659,3.07,23.0,2025-03-24 23:19:00,11.28,10.11,92.0,1005.76,0.16,4.18,NNW,337.0,1.27,0.0,0.0,weather_underground,,
ILAMAD25,La Madeleine,other,EasyWeatherPro_V5.1.6,50.659,3.07,23.0,2025-03-24 23:24:00,11.28,10.11,92.0,1005.76,0.32,3.86,NNW,337.0,0.0,0.0,0.0,weather_underground,,
ILAMAD25,La Madeleine,other,EasyWeatherPro_V5.1.6,50.659,3.07,23.0,2025-03-24 23:29:00,11.28,10.11,92.0,1005.42,0.32,2.57,NNW,337.0,0.0,0.0,0.0,weather_underground,,
ILAMAD25,La Madeleine,other,EasyWeatherPro_V5.1.6,50.659,3.07,23.0,2025-03-24 23:34:00,11.28,10.11,92.0,1005.76,0.16,3.54,NNW,337.0,0.0,0.0,0.0,weather_underground,,
ILAMAD25,La Madeleine,other,EasyWeatherPro_V5.1.6,50.659,3.07,23.0,2025-03-24 23:39:00,11.22,10.06,92.0,1005.42,0.0,0.0,NNW,337.0,0.0,0.0,0.0,weather_underground,,
ILAMAD25,La Madeleine,other,EasyWeatherPro_V5.1.6,50.659,3.07,23.0,2025-03-24 23:44:00,11.22,10.11,93.0,1005.42,0.0,0.0,NNW,337.0,0.0,0.0,0.0,weather_underground,,
ILAMAD25,La Madeleine,other,EasyWeatherPro_V5.1.6,50.659,3.07,23.0,2025-03-24 23:49:00,11.22,10.11,93.0,1005.76,0.0,1.61,NNW,337.0,0.0,0.0,0.0,weather_underground,,
ILAMAD25,La Madeleine,other,EasyWeatherPro_V5.1.6,50.659,3.07,23.0,2025-03-24 23:54:00,11.22,10.06,93.0,1005.76,0.0,0.0,NNW,337.0,0.0,0.0,0.0,weather_underground,,
ILAMAD25,La Madeleine,other,EasyWeatherPro_V5.1.6,50.659,3.07,23.0,2025-03-24 23:59:00,11.22,10.11,93.0,1005.42,0.16,1.61,NNW,337.0,0.0,0.0,0.0,weather_underground,,
ILAMAD25,La Madeleine,other,EasyWeatherPro_V5.1.6,50.659,3.07,23.0,,,,,,,,,,,,,weather_underground,,
ILAMAD25,La Madeleine,other,EasyWeatherPro_V5.1.6,50.659,3.07,23.0,2025-03-24 00:04:00,11.22,10.11,93.0,1005.42,0.0,0.0,NNW,337.0,0.0,0.0,0.0,weather_underground,,
ILAMAD25,La Madeleine,other,EasyWeatherPro_V5.1.6,50.659,3.07,23.0,2025-03-24 00:09:00,11.17,10.06,93.0,1005.76,0.0,0.0,NNW,337.0,0.0,0.0,0.0,weather_underground,,
ILAMAD25,La Madeleine,other,EasyWeatherPro_V5.1.6,50.659,3.07,23.0,2025-03-24 00:14:00,11.11,10.0,93.0,1005.42,0.0,0.0,NW,315.0,0.0,0.0,0.0,weather_underground,,
ILAMAD25,La Madeleine,other,EasyWeatherPro_V5.1.6,50.659,3.07,23.0,2025-03-24 00:19:00,11.0,9.89,93.0,1005.42,0.0,1.61,NW,315.0,0.0,0.0,0.0,weather_underground,,
ILAMAD25,La Madeleine,other,EasyWeatherPro_V5.1.6,50.659,3.07,23.0,2025-03-24 00:24:00,11.0,9.89,93.0,1005.76,0.16,2.09,NNW,337.0,0.0,0.0,0.0,weather_underground,,
ILAMAD25,La Madeleine,other,EasyWeatherPro_V5.1.6,50.659,3.07,23.0,2025-03-24 00:29:00,10.94,9.83,93.0,1005.42,0.64,7.08,NNW,337.0,0.0,0.0,0.0,weather_underground,,
ILAMAD25,La Madeleine,other,EasyWeatherPro_V5.1.6,50.659,3.07,23.0,2025-03-24 00:34:00,10.89,9.78,93.0,1005.76,0.16,2.41,NNW,337.0,0.0,0.0,0.0,weather_underground,,
ILAMAD25,La Madeleine,other,EasyWeatherPro_V5.1.6,50.659,3.07,23.0,2025-03-24 00:39:00,10.89,9.78,93.0,1005.76,0.0,0.0,NNW,337.0,0.0,0.0,0.0,weather_underground,,
ILAMAD25,La Madeleine,other,EasyWeatherPro_V5.1.6,50.659,3.07,23.0,2025-03-24 00:44:00,10.89,9.78,93.0,1005.42,0.0,0.0,NNW,337.0,0.0,0.0,0.0,weather_underground,,
ILAMAD25,La Madeleine,other,EasyWeatherPro_V5.1.6,50.659,3.07,23.0,2025-03-24 00:49:00,10.89,9.83,94.0,1005.76,0.0,0.0,NNW,337.0,0.0,0.0,0.0,weather_underground,,
ILAMAD25,La Madeleine,other,EasyWeatherPro_V5.1.6,50.659,3.07,23.0,2025-03-24 00:54:00,10.89,9.89,94.0,1005.76,0.0,0.0,NNW,337.0,0.0,0.0,0.0,weather_underground,,
ILAMAD25,La Madeleine,other,EasyWeatherPro_V5.1.6,50.659,3.07,23.0,2025-03-24 00:59:00,11.0,10.0,94.0,1005.76,0.0,0.0,NNW,337.0,0.0,0.0,0.0,weather_underground,,
ILAMAD25,La Madeleine,other,EasyWeatherPro_V5.1.6,50.659,3.07,23.0,2025-03-24 01:04:00,11.06,10.06,94.0,1005.76,0.0,0.0,NW,315.0,0.0,0.0,0.0,weather_underground,,
ILAMAD25,La Madeleine,other,EasyWeatherPro_V5.1.6,50.659,3.07,23.0,2025-03-24 01:09:00,11.11,10.11,94.0,1005.76,0.0,0.0,NNW,337.0,0.0,0.0,0.0,weather_underground,,
ILAMAD25,La Madeleine,other,EasyWeatherPro_V5.1.6,50.659,3.07,23.0,2025-03-24 01:14:00,11.11,10.11,94.0,1005.76,0.0,0.0,NNW,337.0,0.0,0.0,0.0,weather_underground,,
ILAMAD25,La Madeleine,other,EasyWeatherPro_V5.1.6,50.659,3.07,23.0,2025-03-24 01:19:00,11.11,10.11,94.0,1005.76,0.0,0.0,NNW,337.0,0.0,0.0,0.0,weather_underground,,
ILAMAD25,La Madeleine,other,EasyWeatherPro_V5.1.6,50.659,3.07,23.0,2025-03-24 01:24:00,11.11,10.11,94.0,1005.76,0.0,0.0,NNW,337.0,0.0,0.0,0.0,weather_underground,,
ILAMAD25,La Madeleine,other,EasyWeatherPro_V5.1.6,50.659,3.07,23.0,2025-03-24 01:29:00,11.11,10.11,94.0,1005.76,0.0,0.0,NNW,337.0,0.0,0.0,0.0,weather_underground,,
ILAMAD25,La Madeleine,other,EasyWeatherPro_V5.1.6,50.659,3.07,23.0,2025-03-24 01:34:00,11.11,10.11,94.0,1005.76,0.0,0.0,NNW,337.0,0.0,0.0,0.0,weather_underground,,
ILAMAD25,La Madeleine,other,EasyWeatherPro_V5.1.6,50.659,3.07,23.0,2025-03-24 01:39:00,11.11,10.11,94.0,1005.76,0.0,0.0,NNW,337.0,0.0,0.0,0.0,weather_underground,,
ILAMAD25,La Madeleine,other,EasyWeatherPro_V5.1.6,50.659,3.07,23.0,2025-03-24 01:44:00,11.0,10.0,94.0,1005.76,0.0,0.0,NNW,337.0,0.0,0.0,0.0,weather_underground,,
ILAMAD25,La Madeleine,other,EasyWeatherPro_V5.1.6,50.659,3.07,23.0,2025-03-24 01:49:00,11.0,10.0,94.0,1006.1,0.0,0.0,NNW,337.0,0.0,0.0,0.0,weather_underground,,
ILAMAD25,La Madeleine,other,EasyWeatherPro_V5.1.6,50.659,3.07,23.0,2025-03-24 01:54:00,11.0,10.0,94.0,1006.1,0.0,0.0,NNW,337.0,0.0,0.0,0.0,weather_underground,,
ILAMAD25,La Madeleine,other,EasyWeatherPro_V5.1.6,50.659,3.07,23.0,2025-03-24 01:59:00,10.94,9.94,94.0,1006.1,0.0,0.0,NNW,337.0,0.0,0.0,0.0,weather_underground,,
ILAMAD25,La Madeleine,other,EasyWeatherPro_V5.1.6,50.659,3.07,23.0,2025-03-24 02:04:00,10.89,9.89,94.0,1006.1,0.0,0.0,NNW,337.0,0.0,0.0,0.0,weather_underground,,
ILAMAD25,La Madeleine,other,EasyWeatherPro_V5.1.6,50.659,3.07,23.0,2025-03-24 02:09:00,10.89,9.89,94.0,1006.1,0.0,0.0,NNW,337.0,0.0,0.0,0.0,weather_underground,,
ILAMAD25,La Madeleine,other,EasyWeatherPro_V5.1.6,50.659,3.07,23.0,2025-03-24 02:14:00,10.78,9.78,94.0,1006.1,0.0,0.0,NNW,337.0,0.0,0.0,0.0,weather_underground,,
ILAMAD25,La Madeleine,other,EasyWeatherPro_V5.1.6,50.659,3.07,23.0,2025-03-24 02:19:00,10.78,9.78,94.0,1006.44,0.0,0.0,NNW,337.0,0.0,0.0,0.0,weather_underground,,
ILAMAD25,La Madeleine,other,EasyWeatherPro_V5.1.6,50.659,3.07,23.0,2025-03-24 02:24:00,10.72,9.89,95.0,1006.44,0.0,0.0,NNW,337.0,0.0,0.0,0.0,weather_underground,,
ILAMAD25,La Madeleine,other,EasyWeatherPro_V5.1.6,50.659,3.07,23.0,2025-03-24 02:29:00,10.72,9.89,95.0,1006.44,0.0,0.0,NNW,337.0,0.0,0.0,0.0,weather_underground,,
ILAMAD25,La Madeleine,other,EasyWeatherPro_V5.1.6,50.659,3.07,23.0,2025-03-24 02:34:00,10.78,10.0,95.0,1006.44,0.0,0.0,NNW,337.0,0.0,0.0,0.0,weather_underground,,
ILAMAD25,La Madeleine,other,EasyWeatherPro_V5.1.6,50.659,3.07,23.0,2025-03-24 02:39:00,10.89,10.11,95.0,1006.77,0.0,0.0,NNW,337.0,0.0,0.0,0.0,weather_underground,,
ILAMAD25,La Madeleine,other,EasyWeatherPro_V5.1.6,50.659,3.07,23.0,2025-03-24 02:44:00,10.89,10.11,95.0,1006.77,0.0,0.0,NNW,337.0,0.0,0.0,0.0,weather_underground,,
ILAMAD25,La Madeleine,other,EasyWeatherPro_V5.1.6,50.659,3.07,23.0,2025-03-24 02:49:00,10.89,10.11,95.0,1006.77,0.0,0.0,NNW,337.0,0.0,0.0,0.0,weather_underground,,
ILAMAD25,La Madeleine,other,EasyWeatherPro_V5.1.6,50.659,3.07,23.0,2025-03-24 02:54:00,10.89,10.11,95.0,1006.77,0.0,0.0,NNW,337.0,0.0,0.0,0.0,weather_underground,,
ILAMAD25,La Madeleine,other,EasyWeatherPro_V5.1.6,50.659,3.07,23.0,2025-03-24 02:59:00,10.89,10.11,95.0,1006.77,0.0,0.0,NNW,337.0,0.0,0.0,0.0,weather_underground,,
ILAMAD25,La Madeleine,other,EasyWeatherPro_V5.1.6,50.659,3.07,23.0,2025-03-24 03:04:00,10.89,10.11,95.0,1006.77,0.0,0.0,NNW,337.0,0.0,0.0,0.0,weather_underground,,
ILAMAD25,La Madeleine,other,EasyWeatherPro_V5.1.6,50.659,3.07,23.0,2025-03-24 03:09:00,10.89,10.11,95.0,1006.77,0.0,0.0,NNW,337.0,0.0,0.0,0.0,weather_underground,,
ILAMAD25,La Madeleine,other,EasyWeatherPro_V5.1.6,50.659,3.07,23.0,2025-03-24 03:14:00,10.89,10.11,95.0,1006.77,0.0,0.0,NNW,337.0,0.0,0.0,0.0,weather_underground,,
ILAMAD25,La Madeleine,other,EasyWeatherPro_V5.1.6,50.659,3.07,23.0,2025-03-24 03:19:00,10.89,10.11,95.0,1006.77,0.0,0.0,NNW,337.0,0.0,0.0,0.0,weather_underground,,
ILAMAD25,La Madeleine,other,EasyWeatherPro_V5.1.6,50.659,3.07,23.0,2025-03-24 03:24:00,11.0,10.22,95.0,1007.11,0.0,0.0,NNW,337.0,0.0,0.0,0.0,weather_underground,,
ILAMAD25,La Madeleine,other,EasyWeatherPro_V5.1.6,50.659,3.07,23.0,2025-03-24 03:29:00,11.0,10.22,95.0,1007.11,0.0,0.0,NNW,337.0,0.0,0.0,0.0,weather_underground,,
ILAMAD25,La Madeleine,other,EasyWeatherPro_V5.1.6,50.659,3.07,23.0,2025-03-24 03:34:00,11.0,10.22,95.0,1007.11,0.0,0.0,NNW,337.0,0.0,0.0,0.0,weather_underground,,
ILAMAD25,La Madeleine,other,EasyWeatherPro_V5.1.6,50.659,3.07,23.0,2025-03-24 03:39:00,11.0,10.22,95.0,1007.11,0.0,0.0,NNW,337.0,0.0,0.0,0.0,weather_underground,,
ILAMAD25,La Madeleine,other,EasyWeatherPro_V5.1.6,50.659,3.07,23.0,2025-03-24 03:44:00,11.0,10.22,95.0,1007.11,0.0,0.0,NNW,337.0,0.0,0.0,0.0,weather_underground,,
ILAMAD25,La Madeleine,other,EasyWeatherPro_V5.1.6,50.659,3.07,23.0,2025-03-24 03:49:00,11.0,10.22,95.0,1007.45,0.0,0.0,NNW,337.0,0.0,0.0,0.0,weather_underground,,
ILAMAD25,La Madeleine,other,EasyWeatherPro_V5.1.6,50.659,3.07,23.0,2025-03-24 03:54:00,11.0,10.22,95.0,1007.11,0.0,0.0,NNW,337.0,0.0,0.0,0.0,weather_underground,,
ILAMAD25,La Madeleine,other,EasyWeatherPro_V5.1.6,50.659,3.07,23.0,2025-03-24 03:59:00,11.0,10.22,95.0,1007.45,0.0,0.0,NNW,337.0,0.0,0.0,0.0,weather_underground,,
ILAMAD25,La Madeleine,other,EasyWeatherPro_V5.1.6,50.659,3.07,23.0,2025-03-24 04:04:00,11.0,10.22,95.0,1007.11,0.0,0.0,NNW,337.0,0.0,0.0,0.0,weather_underground,,
ILAMAD25,La Madeleine,other,EasyWeatherPro_V5.1.6,50.659,3.07,23.0,2025-03-24 04:09:00,11.0,10.22,95.0,1007.45,0.0,0.0,NNW,337.0,0.0,0.0,0.0,weather_underground,,
ILAMAD25,La Madeleine,other,EasyWeatherPro_V5.1.6,50.659,3.07,23.0,2025-03-24 04:14:00,11.0,10.22,95.0,1007.45,0.0,0.0,NNW,337.0,0.0,0.0,0.0,weather_underground,,
ILAMAD25,La Madeleine,other,EasyWeatherPro_V5.1.6,50.659,3.07,23.0,2025-03-24 04:19:00,11.0,10.22,95.0,1007.45,0.0,0.0,NNW,337.0,0.0,0.0,0.0,weather_underground,,
ILAMAD25,La Madeleine,other,EasyWeatherPro_V5.1.6,50.659,3.07,23.0,2025-03-24 04:24:00,11.0,10.22,95.0,1007.45,0.0,0.0,NNW,337.0,0.0,0.0,0.0,weather_underground,,
ILAMAD25,La Madeleine,other,EasyWeatherPro_V5.1.6,50.659,3.07,23.0,2025-03-24 04:29:00,11.0,10.22,95.0,1007.45,0.0,0.0,NNW,337.0,0.0,0.0,0.0,weather_underground,,
ILAMAD25,La Madeleine,other,EasyWeatherPro_V5.1.6,50.659,3.07,23.0,2025-03-24 04:34:00,11.0,10.22,95.0,1007.45,0.0,0.0,NNW,337.0,0.0,0.0,0.0,weather_underground,,
ILAMAD25,La Madeleine,other,EasyWeatherPro_V5.1.6,50.659,3.07,23.0,2025-03-24 04:39:00,11.0,10.22,95.0,1007.45,0.0,0.0,NNW,337.0,0.0,0.0,0.0,weather_underground,,
ILAMAD25,La Madeleine,other,EasyWeatherPro_V5.1.6,50.659,3.07,23.0,2025-03-24 04:44:00,11.0,10.22,95.0,1007.45,0.0,0.0,NNW,337.0,0.0,0.0,0.0,weather_underground,,
ILAMAD25,La Madeleine,other,EasyWeatherPro_V5.1.6,50.659,3.07,23.0,2025-03-24 04:49:00,11.0,10.22,95.0,1007.45,0.0,0.0,NNW,337.0,0.0,0.0,0.0,weather_underground,,
ILAMAD25,La Madeleine,other,EasyWeatherPro_V5.1.6,50.659,3.07,23.0,2025-03-24 04:54:00,10.89,10.11,95.0,1007.45,0.0,0.0,NNW,337.0,0.0,0.0,0.0,weather_underground,,
ILAMAD25,La Madeleine,other,EasyWeatherPro_V5.1.6,50.659,3.07,23.0,2025-03-24 04:59:00,10.89,10.11,95.0,1007.45,0.0,0.0,NNW,337.0,0.0,0.0,0.0,weather_underground,,
ILAMAD25,La Madeleine,other,EasyWeatherPro_V5.1.6,50.659,3.07,23.0,2025-03-24 05:04:00,10.89,10.11,95.0,1007.45,0.0,0.0,NNW,337.0,0.0,0.0,0.0,weather_underground,,
ILAMAD25,La Madeleine,other,EasyWeatherPro_V5.1.6,50.659,3.07,23.0,2025-03-24 05:09:00,10.83,10.06,95.0,1007.45,0.0,0.0,NNW,337.0,0.0,0.0,0.0,weather_underground,,
ILAMAD25,La Madeleine,other,EasyWeatherPro_V5.1.6,50.659,3.07,23.0,2025-03-24 05:14:00,10.72,9.94,95.0,1007.45,0.0,0.0,NNW,337.0,0.0,0.0,0.0,weather_underground,,
ILAMAD25,La Madeleine,other,EasyWeatherPro_V5.1.6,50.659,3.07,23.0,2025-03-24 05:19:00,10.56,9.72,95.0,1007.45,0.0,0.0,NNW,337.0,0.0,0.0,0.0,weather_underground,,
ILAMAD25,La Madeleine,other,EasyWeatherPro_V5.1.6,50.659,3.07,23.0,2025-03-24 05:24:00,10.44,9.67,95.0,1007.79,0.0,0.0,NNW,337.0,0.0,0.0,0.0,weather_underground,,
ILAMAD25,La Madeleine,other,EasyWeatherPro_V5.1.6,50.659,3.07,23.0,2025-03-24 05:29:00,10.33,9.56,95.0,1007.79,0.0,0.0,NNW,337.0,0.0,0.0,0.0,weather_underground,,
ILAMAD25,La Madeleine,other,EasyWeatherPro_V5.1.6,50.659,3.07,23.0,2025-03-24 05:34:00,10.28,9.44,95.0,1007.79,0.0,0.0,NNW,337.0,0.0,0.0,0.0,weather_underground,,
ILAMAD25,La Madeleine,other,EasyWeatherPro_V5.1.6,50.659,3.07,23.0,2025-03-24 05:39:00,10.11,9.28,95.0,1007.79,0.0,0.0,NNW,337.0,0.0,0.0,0.0,weather_underground,,
ILAMAD25,La Madeleine,other,EasyWeatherPro_V5.1.6,50.659,3.07,23.0,2025-03-24 05:44:00,10.0,9.22,95.0,1007.79,0.0,0.0,NNW,337.0,0.0,0.0,0.0,weather_underground,,
ILAMAD25,La Madeleine,other,EasyWeatherPro_V5.1.6,50.659,3.07,23.0,2025-03-24 05:49:00,10.0,9.22,95.0,1008.13,0.0,0.0,NNW,337.0,0.0,0.0,0.0,weather_underground,,
ILAMAD25,La Madeleine,other,EasyWeatherPro_V5.1.6,50.659,3.07,23.0,2025-03-24 05:54:00,9.89,9.11,95.0,1008.13,0.0,0.0,NNW,337.0,0.0,0.0,0.0,weather_underground,,
ILAMAD25,La Madeleine,other,EasyWeatherPro_V5.1.6,50.659,3.07,23.0,2025-03-24 05:59:00,9.78,9.0,95.0,1008.13,0.0,0.0,NNW,337.0,0.0,0.0,0.0,weather_underground,,
ILAMAD25,La Madeleine,other,EasyWeatherPro_V5.1.6,50.659,3.07,23.0,2025-03-24 06:04:00,9.72,8.94,95.0,1008.13,0.0,0.0,NNW,337.0,0.0,0.0,0.0,weather_underground,,
ILAMAD25,La Madeleine,other,EasyWeatherPro_V5.1.6,50.659,3.07,23.0,2025-03-24 06:09:00,9.72,8.89,95.0,1008.13,0.0,0.0,NNW,337.0,0.0,0.0,0.0,weather_underground,,
ILAMAD25,La Madeleine,other,EasyWeatherPro_V5.1.6,50.659,3.07,23.0,2025-03-24 06:14:00,9.72,8.94,95.0,1008.47,0.0,0.0,NNW,337.0,0.0,0.0,0.0,weather_underground,,
ILAMAD25,La Madeleine,other,EasyWeatherPro_V5.1.6,50.659,3.07,23.0,2025-03-24 06:19:00,9.78,9.0,95.0,1008.47,0.0,0.0,NNW,337.0,0.0,0.0,0.0,weather_underground,,
ILAMAD25,La Madeleine,other,EasyWeatherPro_V5.1.6,50.659,3.07,23.0,2025-03-24 06:24:00,9.78,9.0,95.0,1008.47,0.0,0.0,NNW,337.0,0.0,0.0,0.0,weather_underground,,
ILAMAD25,La Madeleine,other,EasyWeatherPro_V5.1.6,50.659,3.07,23.0,2025-03-24 06:29:00,9.78,9.0,95.0,1008.47,0.0,0.0,NNW,337.0,0.0,0.0,0.0,weather_underground,,
ILAMAD25,La Madeleine,other,EasyWeatherPro_V5.1.6,50.659,3.07,23.0,2025-03-24 06:34:00,9.78,9.0,95.0,1008.47,0.0,0.0,NNW,337.0,0.0,0.0,0.0,weather_underground,,
ILAMAD25,La Madeleine,other,EasyWeatherPro_V5.1.6,50.659,3.07,23.0,2025-03-24 06:39:00,9.72,8.89,95.0,1008.47,0.0,0.0,NNW,337.0,0.0,0.0,0.0,weather_underground,,
ILAMAD25,La Madeleine,other,EasyWeatherPro_V5.1.6,50.659,3.07,23.0,2025-03-24 06:44:00,9.61,8.78,95.0,1008.47,0.0,0.0,NNW,337.0,0.0,0.0,0.0,weather_underground,,
ILAMAD25,La Madeleine,other,EasyWeatherPro_V5.1.6,50.659,3.07,23.0,2025-03-24 06:49:00,9.56,8.72,95.0,1008.47,0.0,0.0,NNW,337.0,0.0,0.0,0.0,weather_underground,,
ILAMAD25,La Madeleine,other,EasyWeatherPro_V5.1.6,50.659,3.07,23.0,2025-03-24 06:54:00,9.44,8.67,95.0,1008.47,0.0,0.0,NNW,337.0,0.0,0.0,0.0,weather_underground,,
ILAMAD25,La Madeleine,other,EasyWeatherPro_V5.1.6,50.659,3.07,23.0,2025-03-24 06:59:00,9.39,8.61,95.0,1008.47,0.0,0.0,NNW,337.0,0.0,0.0,0.0,weather_underground,,
ILAMAD25,La Madeleine,other,EasyWeatherPro_V5.1.6,50.659,3.07,23.0,2025-03-24 07:04:00,9.28,8.5,95.0,1008.81,0.0,0.0,NNW,337.0,0.0,0.0,0.0,weather_underground,,
ILAMAD25,La Madeleine,other,EasyWeatherPro_V5.1.6,50.659,3.07,23.0,2025-03-24 07:09:00,9.28,8.61,96.0,1008.81,0.0,0.0,NNW,337.0,0.0,0.0,0.0,weather_underground,,
ILAMAD25,La Madeleine,other,EasyWeatherPro_V5.1.6,50.659,3.07,23.0,2025-03-24 07:14:00,9.28,8.78,96.0,1008.81,0.0,0.0,NNW,337.0,0.0,0.0,0.0,weather_underground,,
ILAMAD25,La Madeleine,other,EasyWeatherPro_V5.1.6,50.659,3.07,23.0,2025-03-24 07:19:00,9.22,8.67,96.0,1008.81,0.0,0.0,NNW,337.0,0.0,0.0,0.0,weather_underground,,
ILAMAD25,La Madeleine,other,EasyWeatherPro_V5.1.6,50.659,3.07,23.0,2025-03-24 07:24:00,9.39,8.89,96.0,1008.81,0.0,0.0,NNW,337.0,0.0,0.0,0.0,weather_underground,,
ILAMAD25,La Madeleine,other,EasyWeatherPro_V5.1.6,50.659,3.07,23.0,2025-03-24 07:29:00,9.61,9.11,96.0,1009.14,0.0,0.0,NNW,337.0,0.0,0.1,0.0,weather_underground,,
ILAMAD25,La Madeleine,other,EasyWeatherPro_V5.1.6,50.659,3.07,23.0,2025-03-24 07:34:00,9.61,9.11,96.0,1009.14,0.16,1.61,NNW,337.0,0.0,0.1,0.0,weather_underground,,
ILAMAD25,La Madeleine,other,EasyWeatherPro_V5.1.6,50.659,3.07,23.0,2025-03-24 07:39:00,9.61,9.11,96.0,1009.14,0.32,4.18,NW,315.0,0.0,0.3,0.0,weather_underground,,
ILAMAD25,La Madeleine,other,EasyWeatherPro_V5.1.6,50.659,3.07,23.0,2025-03-24 07:44:00,9.56,9.06,96.0,1009.48,0.16,1.93,NW,315.0,0.0,0.5,0.0,weather_underground,,
ILAMAD25,La Madeleine,other,EasyWeatherPro_V5.1.6,50.659,3.07,23.0,2025-03-24 07:49:00,9.5,9.0,96.0,1009.48,0.48,4.18,NW,315.0,0.0,1.1,0.0,weather_underground,,
ILAMAD25,La Madeleine,other,EasyWeatherPro_V5.1.6,50.659,3.07,23.0,2025-03-24 07:54:00,9.39,8.89,96.0,1009.48,0.0,1.45,NNW,337.0,0.0,1.7,0.0,weather_underground,,
ILAMAD25,La Madeleine,other,EasyWeatherPro_V5.1.6,50.659,3.07,23.0,2025-03-24 07:59:00,9.28,8.78,96.0,1009.48,0.0,2.57,NNW,337.0,0.0,2.5,0.0,weather_underground,,
ILAMAD25,La Madeleine,other,EasyWeatherPro_V5.1.6,50.659,3.07,23.0,2025-03-24 08:04:00,9.28,8.78,96.0,1009.48,0.0,0.0,NNW,337.0,0.0,3.3,0.0,weather_underground,,
ILAMAD25,La Madeleine,other,EasyWeatherPro_V5.1.6,50.659,3.07,23.0,2025-03-24 08:09:00,9.28,8.78,96.0,1009.48,0.0,0.0,NNW,337.0,0.0,4.2,0.0,weather_underground,,
ILAMAD25,La Madeleine,other,EasyWeatherPro_V5.1.6,50.659,3.07,23.0,2025-03-24 08:14:00,9.28,8.78,96.0,1009.48,0.0,0.0,NNW,337.0,0.0,5.3,0.0,weather_underground,,
ILAMAD25,La Madeleine,other,EasyWeatherPro_V5.1.6,50.659,3.07,23.0,2025-03-24 08:19:00,9.22,8.72,96.0,1009.48,0.0,0.0,NNW,337.0,0.0,6.5,0.0,weather_underground,,
ILAMAD25,La Madeleine,other,EasyWeatherPro_V5.1.6,50.659,3.07,23.0,2025-03-24 08:24:00,9.11,8.61,96.0,1009.48,0.0,0.0,NNW,337.0,0.0,7.5,0.0,weather_underground,,
ILAMAD25,La Madeleine,other,EasyWeatherPro_V5.1.6,50.659,3.07,23.0,2025-03-24 08:29:00,9.06,8.56,96.0,1009.82,0.0,0.0,NNW,337.0,0.0,9.2,0.0,weather_underground,,
ILAMAD25,La Madeleine,other,EasyWeatherPro_V5.1.6,50.659,3.07,23.0,2025-03-24 08:34:00,9.0,8.5,96.0,1009.82,0.0,0.0,NNW,337.0,0.0,10.8,0.0,weather_underground,,
ILAMAD25,La Madeleine,other,EasyWeatherPro_V5.1.6,50.659,3.07,23.0,2025-03-24 08:39:00,9.06,8.56,96.0,1009.82,0.0,0.0,NNW,337.0,0.0,14.0,0.0,weather_underground,,
ILAMAD25,La Madeleine,other,EasyWeatherPro_V5.1.6,50.659,3.07,23.0,2025-03-24 08:44:00,9.0,8.5,96.0,1009.82,0.0,0.0,NNW,337.0,0.0,18.4,0.0,weather_underground,,
ILAMAD25,La Madeleine,other,EasyWeatherPro_V5.1.6,50.659,3.07,23.0,2025-03-24 08:49:00,9.11,8.61,96.0,1010.16,0.0,0.0,NNW,337.0,0.0,19.9,0.0,weather_underground,,
ILAMAD25,La Madeleine,other,EasyWeatherPro_V5.1.6,50.659,3.07,23.0,2025-03-24 08:54:00,9.17,8.67,96.0,1010.16,0.0,0.0,NNW,337.0,0.0,21.6,0.0,weather_underground,,
ILAMAD25,La Madeleine,other,EasyWeatherPro_V5.1.6,50.659,3.07,23.0,2025-03-24 08:59:00,9.22,8.72,96.0,1010.16,0.0,0.0,NNW,337.0,0.0,19.4,0.0,weather_underground,,
ILAMAD25,La Madeleine,other,EasyWeatherPro_V5.1.6,50.659,3.07,23.0,2025-03-24 09:04:00,9.22,8.72,96.0,1010.16,0.0,0.0,NNW,337.0,0.0,25.0,0.0,weather_underground,,
ILAMAD25,La Madeleine,other,EasyWeatherPro_V5.1.6,50.659,3.07,23.0,2025-03-24 09:09:00,9.28,8.78,96.0,1010.16,0.0,0.0,NNW,337.0,0.0,26.6,0.0,weather_underground,,
ILAMAD25,La Madeleine,other,EasyWeatherPro_V5.1.6,50.659,3.07,23.0,2025-03-24 09:14:00,9.44,8.94,96.0,1010.5,0.0,0.0,NNW,337.0,0.0,22.3,0.0,weather_underground,,
ILAMAD25,La Madeleine,other,EasyWeatherPro_V5.1.6,50.659,3.07,23.0,2025-03-24 09:19:00,9.5,9.0,96.0,1010.5,0.16,2.57,NW,315.0,0.0,22.6,0.0,weather_underground,,
ILAMAD25,La Madeleine,other,EasyWeatherPro_V5.1.6,50.659,3.07,23.0,2025-03-24 09:24:00,9.56,9.06,96.0,1010.5,0.0,0.0,NNW,337.0,0.0,23.4,0.0,weather_underground,,
ILAMAD25,La Madeleine,other,EasyWeatherPro_V5.1.6,50.659,3.07,23.0,2025-03-24 09:29:00,9.61,9.06,96.0,1010.84,0.32,3.86,NW,315.0,0.0,24.4,0.0,weather_underground,,
ILAMAD25,La Madeleine,other,EasyWeatherPro_V5.1.6,50.659,3.07,23.0,2025-03-24 09:34:00,9.61,8.78,95.0,1010.84,0.32,4.51,NW,315.0,0.0,22.9,0.0,weather_underground,,
ILAMAD25,La Madeleine,other,EasyWeatherPro_V5.1.6,50.659,3.07,23.0,2025-03-24 09:39:00,9.67,8.83,95.0,1010.84,0.0,0.32,NNW,337.0,0.0,25.9,0.0,weather_underground,,
ILAMAD25,La Madeleine,other,EasyWeatherPro_V5.1.6,50.659,3.07,23.0,2025-03-24 09:44:00,9.83,9.06,95.0,1010.84,0.0,0.0,NNW,337.0,0.0,26.3,0.0,weather_underground,,
ILAMAD25,La Madeleine,other,EasyWeatherPro_V5.1.6,50.659,3.07,23.0,2025-03-24 09:49:00,9.94,9.17,95.0,1010.84,0.0,0.32,NNW,337.0,0.0,26.2,0.0,weather_underground,,
ILAMAD25,La Madeleine,other,EasyWeatherPro_V5.1.6,50.659,3.07,23.0,2025-03-24 09:54:00,10.0,9.17,95.0,1010.84,0.16,2.41,NW,315.0,0.0,25.9,0.0,weather_underground,,
ILAMAD25,La Madeleine,other,EasyWeatherPro_V5.1.6,50.659,3.07,23.0,2025-03-24 09:59:00,10.0,9.0,94.0,1010.84,0.0,1.93,NW,315.0,0.0,26.6,0.0,weather_underground,,
ILAMAD25,La Madeleine,other,EasyWeatherPro_V5.1.6,50.659,3.07,23.0,2025-03-24 10:04:00,10.11,9.06,94.0,1010.84,0.0,2.09,NW,315.0,0.0,26.7,0.0,weather_underground,,
ILAMAD25,La Madeleine,other,EasyWeatherPro_V5.1.6,50.659,3.07,23.0,2025-03-24 10:09:00,10.28,9.22,93.0,1010.84,0.0,1.93,NW,315.0,0.0,27.0,0.0,weather_underground,,
ILAMAD25,La Madeleine,other,EasyWeatherPro_V5.1.6,50.659,3.07,23.0,2025-03-24 10:14:00,10.61,9.5,93.0,1010.84,0.0,0.0,NW,315.0,0.0,27.2,0.0,weather_underground,,
ILAMAD25,La Madeleine,other,EasyWeatherPro_V5.1.6,50.659,3.07,23.0,2025-03-24 10:19:00,10.83,9.72,93.0,1011.18,0.0,0.0,NW,315.0,0.0,27.3,0.0,weather_underground,,
ILAMAD25,La Madeleine,other,EasyWeatherPro_V5.1.6,50.659,3.07,23.0,2025-03-24 10:24:00,11.06,9.78,92.0,1011.18,0.0,0.64,NW,315.0,0.0,27.2,0.0,weather_underground,,
ILAMAD25,La Madeleine,other,EasyWeatherPro_V5.1.6,50.659,3.07,23.0,2025-03-24 10:29:00,11.28,9.89,91.0,1011.18,0.0,1.29,NW,315.0,0.0,27.6,0.0,weather_underground,,
ILAMAD25,La Madeleine,other,EasyWeatherPro_V5.1.6,50.659,3.07,23.0,2025-03-24 10:34:00,11.56,10.17,91.0,1011.18,0.16,1.77,NW,315.0,0.0,27.7,0.0,weather_underground,,
ILAMAD25,La Madeleine,other,EasyWeatherPro_V5.1.6,50.659,3.07,23.0,2025-03-24 10:39:00,11.78,10.17,90.0,1011.18,0.0,0.0,NW,315.0,0.0,28.1,0.0,weather_underground,,
ILAMAD25,La Madeleine,other,EasyWeatherPro_V5.1.6,50.659,3.07,23.0,2025-03-24 10:44:00,12.0,10.39,90.0,1011.18,0.0,0.0,NW,315.0,0.0,33.6,0.0,weather_underground,,
ILAMAD25,La Madeleine,other,EasyWeatherPro_V5.1.6,50.659,3.07,23.0,2025-03-24 10:49:00,12.11,10.22,88.0,1011.18,0.0,1.77,NW,315.0,0.0,29.0,0.0,weather_underground,,
ILAMAD25,La Madeleine,other,EasyWeatherPro_V5.1.6,50.659,3.07,23.0,2025-03-24 10:54:00,12.28,10.28,88.0,1011.18,0.16,1.93,NNW,337.0,0.0,28.6,0.0,weather_underground,,
ILAMAD25,La Madeleine,other,EasyWeatherPro_V5.1.6,50.659,3.07,23.0,2025-03-24 10:59:00,12.44,10.28,87.0,1011.18,0.0,0.64,NNW,337.0,0.0,28.7,0.0,weather_underground,,
ILAMAD25,La Madeleine,other,EasyWeatherPro_V5.1.6,50.659,3.07,23.0,2025-03-24 11:04:00,12.61,10.39,86.0,1011.18,0.0,1.93,NNW,337.0,0.0,28.8,0.0,weather_underground,,
ILAMAD25,La Madeleine,other,EasyWeatherPro_V5.1.6,50.659,3.07,23.0,2025-03-24 11:09:00,12.78,10.5,86.0,1011.51,0.0,0.0,NNW,337.0,0.0,28.8,0.0,weather_underground,,
ILAMAD25,La Madeleine,other,EasyWeatherPro_V5.1.6,50.659,3.07,23.0,2025-03-24 11:14:00,12.89,10.44,85.0,1011.51,0.48,3.38,NW,315.0,0.0,28.1,0.0,weather_underground,,
ILAMAD25,La Madeleine,other,EasyWeatherPro_V5.1.6,50.659,3.07,23.0,2025-03-24 11:19:00,12.94,10.28,84.0,1011.18,0.16,3.54,NNW,337.0,0.0,28.3,0.0,weather_underground,,
ILAMAD25,La Madeleine,other,EasyWeatherPro_V5.1.6,50.659,3.07,23.0,2025-03-24 11:24:00,13.22,10.5,84.0,1011.51,0.0,0.0,NNW,337.0,0.0,28.2,0.0,weather_underground,,
ILAMAD25,La Madeleine,other,EasyWeatherPro_V5.1.6,50.659,3.07,23.0,2025-03-24 11:29:00,13.39,10.67,84.0,1011.18,0.0,0.0,NW,315.0,0.0,29.0,0.0,weather_underground,,
ILAMAD25,La Madeleine,other,EasyWeatherPro_V5.1.6,50.659,3.07,23.0,2025-03-24 11:34:00,13.5,10.5,82.0,1011.51,0.0,1.93,NNW,337.0,0.0,28.9,0.0,weather_underground,,
ILAMAD25,La Madeleine,other,EasyWeatherPro_V5.1.6,50.659,3.07,23.0,2025-03-24 11:39:00,13.61,10.44,81.0,1011.51,0.0,1.45,NNW,337.0,0.0,32.1,0.0,weather_underground,,
ILAMAD25,La Madeleine,other,EasyWeatherPro_V5.1.6,50.659,3.07,23.0,2025-03-24 11:44:00,13.78,10.61,81.0,1011.51,0.16,0.64,NW,315.0,0.0,47.1,0.0,weather_underground,,
ILAMAD25,La Madeleine,other,EasyWeatherPro_V5.1.6,50.659,3.07,23.0,2025-03-24 11:49:00,14.11,10.83,81.0,1011.51,0.0,1.29,NNW,337.0,0.0,52.2,0.0,weather_underground,,
ILAMAD25,La Madeleine,other,EasyWeatherPro_V5.1.6,50.659,3.07,23.0,2025-03-24 11:54:00,14.28,10.28,77.0,1011.85,0.16,1.13,NNW,337.0,0.0,37.3,0.0,weather_underground,,
ILAMAD25,La Madeleine,other,EasyWeatherPro_V5.1.6,50.659,3.07,23.0,2025-03-24 11:59:00,14.17,10.44,78.0,1011.51,0.0,1.29,NNW,337.0,0.0,37.6,0.0,weather_underground,,
ILAMAD25,La Madeleine,other,EasyWeatherPro_V5.1.6,50.659,3.07,23.0,2025-03-24 12:04:00,14.17,10.33,78.0,1011.51,0.0,0.0,NNW,337.0,0.0,38.2,0.0,weather_underground,,
ILAMAD25,La Madeleine,other,EasyWeatherPro_V5.1.6,50.659,3.07,23.0,2025-03-24 12:09:00,14.22,10.17,77.0,1011.85,0.32,3.38,NNW,337.0,0.0,42.2,0.0,weather_underground,,
ILAMAD25,La Madeleine,other,EasyWeatherPro_V5.1.6,50.659,3.07,23.0,2025-03-24 12:14:00,14.56,10.44,77.0,1011.85,0.16,3.22,NNW,337.0,0.0,36.3,0.0,weather_underground,,
ILAMAD25,La Madeleine,other,EasyWeatherPro_V5.1.6,50.659,3.07,23.0,2025-03-24 12:19:00,14.78,10.61,76.0,1011.51,0.64,5.15,NNW,337.0,0.0,34.6,0.0,weather_underground,,
ILAMAD25,La Madeleine,other,EasyWeatherPro_V5.1.6,50.659,3.07,23.0,2025-03-24 12:24:00,14.83,10.28,74.0,1011.51,0.8,5.31,NNW,337.0,0.0,29.5,0.0,weather_underground,,
ILAMAD25,La Madeleine,other,EasyWeatherPro_V5.1.6,50.659,3.07,23.0,2025-03-24 12:29:00,15.11,10.56,74.0,1011.51,0.0,0.0,NNW,337.0,0.0,29.5,0.0,weather_underground,,
ILAMAD25,La Madeleine,other,EasyWeatherPro_V5.1.6,50.659,3.07,23.0,2025-03-24 12:34:00,15.22,10.5,73.0,1011.85,0.0,0.0,NNW,337.0,0.0,29.8,0.0,weather_underground,,
ILAMAD25,La Madeleine,other,EasyWeatherPro_V5.1.6,50.659,3.07,23.0,2025-03-24 12:39:00,15.5,10.72,73.0,1011.85,0.0,1.77,NNW,337.0,0.0,32.6,0.0,weather_underground,,
ILAMAD25,La Madeleine,other,EasyWeatherPro_V5.1.6,50.659,3.07,23.0,2025-03-24 12:44:00,15.67,10.67,72.0,1011.85,0.16,1.61,NNW,337.0,0.0,47.7,0.0,weather_underground,,
ILAMAD25,La Madeleine,other,EasyWeatherPro_V5.1.6,50.659,3.07,23.0,2025-03-24 12:49:00,15.78,10.5,71.0,1011.51,0.0,1.93,NNW,337.0,0.0,38.7,0.0,weather_underground,,
ILAMAD25,La Madeleine,other,EasyWeatherPro_V5.1.6,50.659,3.07,23.0,2025-03-24 12:54:00,15.89,10.39,70.0,1011.85,0.32,2.09,NNW,337.0,0.0,32.3,0.0,weather_underground,,
ILAMAD25,La Madeleine,other,EasyWeatherPro_V5.1.6,50.659,3.07,23.0,2025-03-24 12:59:00,16.06,10.67,70.0,1011.85,0.0,1.93,NNW,337.0,0.0,32.7,0.0,weather_underground,,
ILAMAD25,La Madeleine,other,EasyWeatherPro_V5.1.6,50.659,3.07,23.0,2025-03-24 13:04:00,16.33,10.44,68.0,1011.85,0.0,1.77,NNW,337.0,0.0,31.0,0.0,weather_underground,,
ILAMAD25,La Madeleine,other,EasyWeatherPro_V5.1.6,50.659,3.07,23.0,2025-03-24 13:09:00,16.39,10.44,68.0,1011.85,0.32,3.22,NNW,337.0,0.0,31.7,0.0,weather_underground,,
ILAMAD25,La Madeleine,other,EasyWeatherPro_V5.1.6,50.659,3.07,23.0,2025-03-24 13:14:00,16.67,10.61,68.0,1011.85,0.16,0.64,NNW,337.0,0.0,43.0,0.0,weather_underground,,
ILAMAD25,La Madeleine,other,EasyWeatherPro_V5.1.6,50.659,3.07,23.0,2025-03-24 13:19:00,17.17,10.5,65.0,1011.85,0.0,3.22,NNW,337.0,0.0,44.2,0.0,weather_underground,,
ILAMAD25,La Madeleine,other,EasyWeatherPro_V5.1.6,50.659,3.07,23.0,2025-03-24 13:24:00,17.39,10.44,64.0,1011.85,0.48,1.61,NNW,337.0,0.0,43.9,0.0,weather_underground,,
ILAMAD25,La Madeleine,other,EasyWeatherPro_V5.1.6,50.659,3.07,23.0,2025-03-24 13:29:00,17.72,10.17,61.0,1011.85,0.16,3.06,NNW,337.0,0.0,51.6,0.0,weather_underground,,
ILAMAD25,La Madeleine,other,EasyWeatherPro_V5.1.6,50.659,3.07,23.0,2025-03-24 13:34:00,17.78,9.94,60.0,1011.85,0.0,0.64,NNW,337.0,0.0,53.7,0.0,weather_underground,,
ILAMAD25,La Madeleine,other,EasyWeatherPro_V5.1.6,50.659,3.07,23.0,2025-03-24 13:39:00,17.44,9.89,61.0,1011.85,0.0,0.64,NW,315.0,0.0,414.9,3.0,weather_underground,,
ILAMAD25,La Madeleine,other,EasyWeatherPro_V5.1.6,50.659,3.07,23.0,2025-03-24 13:44:00,16.89,9.06,60.0,1011.85,0.16,3.54,NNW,337.0,0.0,440.5,3.0,weather_underground,,
ILAMAD25,La Madeleine,other,EasyWeatherPro_V5.1.6,50.659,3.07,23.0,2025-03-24 13:49:00,17.0,8.78,58.0,1011.85,0.32,3.54,NNW,337.0,0.0,446.2,3.0,weather_underground,,
ILAMAD25,La Madeleine,other,EasyWeatherPro_V5.1.6,50.659,3.07,23.0,2025-03-24 13:54:00,17.89,9.28,57.0,1011.85,0.48,4.51,NW,315.0,0.0,402.3,3.0,weather_underground,,
ILAMAD25,La Madeleine,other,EasyWeatherPro_V5.1.6,50.659,3.07,23.0,2025-03-24 13:59:00,16.67,8.39,58.0,1011.85,0.32,4.51,NNW,337.0,0.0,469.8,3.0,weather_underground,,
ILAMAD25,La Madeleine,other,EasyWeatherPro_V5.1.6,50.659,3.07,23.0,2025-03-24 14:04:00,16.83,8.33,57.0,1011.85,0.16,4.83,NNW,337.0,0.0,474.1,3.0,weather_underground,,
ILAMAD25,La Madeleine,other,EasyWeatherPro_V5.1.6,50.659,3.07,23.0,2025-03-24 14:09:00,17.33,8.17,55.0,1011.85,0.0,0.97,NW,315.0,0.0,476.2,3.0,weather_underground,,
ILAMAD25,La Madeleine,other,EasyWeatherPro_V5.1.6,50.659,3.07,23.0,2025-03-24 14:14:00,18.61,9.0,53.0,1011.85,0.0,0.0,NW,315.0,0.0,487.0,3.0,weather_underground,,
ILAMAD25,La Madeleine,other,EasyWeatherPro_V5.1.6,50.659,3.07,23.0,2025-03-24 14:19:00,19.28,9.83,54.0,1012.19,0.0,0.97,NNW,337.0,0.0,120.4,1.0,weather_underground,,
ILAMAD25,La Madeleine,other,EasyWeatherPro_V5.1.6,50.659,3.07,23.0,2025-03-24 14:24:00,17.72,8.67,55.0,1012.19,1.29,9.82,NW,315.0,0.0,163.4,1.0,weather_underground,,
ILAMAD25,La Madeleine,other,EasyWeatherPro_V5.1.6,50.659,3.07,23.0,2025-03-24 14:29:00,17.22,8.5,57.0,1012.19,0.16,0.97,NNW,337.0,0.0,130.4,1.0,weather_underground,,
ILAMAD25,La Madeleine,other,EasyWeatherPro_V5.1.6,50.659,3.07,23.0,2025-03-24 14:34:00,17.33,9.06,58.0,1012.19,0.0,0.64,NNW,337.0,0.0,215.9,1.0,weather_underground,,
ILAMAD25,La Madeleine,other,EasyWeatherPro_V5.1.6,50.659,3.07,23.0,2025-03-24 14:39:00,17.33,9.78,61.0,1012.19,0.0,0.0,NNW,337.0,0.0,117.8,1.0,weather_underground,,
ILAMAD25,La Madeleine,other,EasyWeatherPro_V5.1.6,50.659,3.07,23.0,2025-03-24 14:44:00,16.94,9.67,62.0,1012.19,0.0,0.0,NNW,337.0,0.0,167.3,1.0,weather_underground,,
ILAMAD25,La Madeleine,other,EasyWeatherPro_V5.1.6,50.659,3.07,23.0,2025-03-24 14:49:00,16.61,9.56,63.0,1012.19,0.0,0.0,NNW,337.0,0.0,414.1,3.0,weather_underground,,
ILAMAD25,La Madeleine,other,EasyWeatherPro_V5.1.6,50.659,3.07,23.0,2025-03-24 14:54:00,17.39,9.78,61.0,1012.19,1.77,6.12,NNW,337.0,0.0,312.2,2.0,weather_underground,,
ILAMAD25,La Madeleine,other,EasyWeatherPro_V5.1.6,50.659,3.07,23.0,2025-03-24 14:59:00,16.94,9.83,63.0,1012.19,0.97,8.85,NW,315.0,0.0,168.0,1.0,weather_underground,,
ILAMAD25,La Madeleine,other,EasyWeatherPro_V5.1.6,50.659,3.07,23.0,2025-03-24 15:04:00,16.89,10.0,64.0,1012.19,0.64,5.15,NNW,337.0,0.0,156.9,1.0,weather_underground,,
ILAMAD25,La Madeleine,other,EasyWeatherPro_V5.1.6,50.659,3.07,23.0,2025-03-24 15:09:00,16.78,9.67,63.0,1012.19,0.8,5.15,NNW,337.0,0.0,157.9,1.0,weather_underground,,
ILAMAD25,La Madeleine,other,EasyWeatherPro_V5.1.6,50.659,3.07,23.0,2025-03-24 15:14:00,16.78,9.83,64.0,1012.19,0.0,2.9,NNW,337.0,0.0,152.5,1.0,weather_underground,,
ILAMAD25,La Madeleine,other,EasyWeatherPro_V5.1.6,50.659,3.07,23.0,2025-03-24 15:19:00,17.06,10.28,64.0,1012.19,0.8,3.86,NW,315.0,0.0,118.5,1.0,weather_underground,,
ILAMAD25,La Madeleine,other,EasyWeatherPro_V5.1.6,50.659,3.07,23.0,2025-03-24 15:24:00,16.83,10.0,64.0,1012.19,1.13,4.83,NW,315.0,0.0,97.8,0.0,weather_underground,,
ILAMAD25,La Madeleine,other,EasyWeatherPro_V5.1.6,50.659,3.07,23.0,2025-03-24 15:29:00,16.5,9.94,65.0,1012.19,0.64,3.86,NNW,337.0,0.0,78.1,0.0,weather_underground,,
ILAMAD25,La Madeleine,other,EasyWeatherPro_V5.1.6,50.659,3.07,23.0,2025-03-24 15:34:00,16.5,10.06,66.0,1012.19,0.0,0.64,NNW,337.0,0.0,60.3,0.0,weather_underground,,
ILAMAD25,La Madeleine,other,EasyWeatherPro_V5.1.6,50.659,3.07,23.0,2025-03-24 15:39:00,16.33,10.06,66.0,1012.53,0.97,4.18,NW,315.0,0.0,40.8,0.0,weather_underground,,
ILAMAD25,La Madeleine,other,EasyWeatherPro_V5.1.6,50.659,3.07,23.0,2025-03-24 15:44:00,16.17,10.17,68.0,1012.19,0.16,3.38,NNW,337.0,0.0,27.4,0.0,weather_underground,,
ILAMAD25,La Madeleine,other,EasyWeatherPro_V5.1.6,50.659,3.07,23.0,2025-03-24 15:49:00,16.06,10.22,68.0,1012.53,1.13,5.79,NW,315.0,0.0,18.2,0.0,weather_underground,,
ILAMAD25,La Madeleine,other,EasyWeatherPro_V5.1.6,50.659,3.07,23.0,2025-03-24 15:54:00,15.89,10.33,69.0,1012.53,0.64,4.83,NNW,337.0,0.0,12.3,0.0,weather_underground,,
ILAMAD25,La Madeleine,other,EasyWeatherPro_V5.1.6,50.659,3.07,23.0,2025-03-24 15:59:00,15.72,10.5,71.0,1012.53,0.48,2.9,NNW,337.0,0.0,9.1,0.0,weather_underground,,
ILAMAD25,La Madeleine,other,EasyWeatherPro_V5.1.6,50.659,3.07,23.0,2025-03-24 16:04:00,15.5,10.78,73.0,1012.87,0.48,5.15,NNW,337.0,0.0,8.3,0.0,weather_underground,,
ILAMAD25,La Madeleine,other,EasyWeatherPro_V5.1.6,50.659,3.07,23.0,2025-03-24 16:09:00,15.22,11.33,78.0,1012.87,0.0,0.0,,,0.0,12.7,0.0,weather_underground,,
ILAMAD25,La Madeleine,other,EasyWeatherPro_V5.1.6,50.659,3.07,23.0,2025-03-24 16:14:00,14.89,11.39,80.0,1012.87,0.0,0.0,NNW,337.0,0.0,23.9,0.0,weather_underground,,
ILAMAD25,La Madeleine,other,EasyWeatherPro_V5.1.6,50.659,3.07,23.0,2025-03-24 16:19:00,14.78,11.61,81.0,1012.87,0.0,0.0,NNW,337.0,0.0,52.2,0.0,weather_underground,,
ILAMAD25,La Madeleine,other,EasyWeatherPro_V5.1.6,50.659,3.07,23.0,2025-03-24 16:24:00,14.67,11.5,81.0,1012.53,0.0,0.0,NNW,337.0,0.0,72.9,0.0,weather_underground,,
ILAMAD25,La Madeleine,other,EasyWeatherPro_V5.1.6,50.659,3.07,23.0,2025-03-24 16:29:00,14.72,11.5,81.0,1012.87,0.16,2.25,NNW,337.0,0.0,85.8,0.0,weather_underground,,
ILAMAD25,La Madeleine,other,EasyWeatherPro_V5.1.6,50.659,3.07,23.0,2025-03-24 16:34:00,14.78,11.5,81.0,1012.87,0.16,0.97,NNW,337.0,0.0,94.3,0.0,weather_underground,,
ILAMAD25,La Madeleine,other,EasyWeatherPro_V5.1.6,50.659,3.07,23.0,2025-03-24 16:39:00,15.06,11.61,80.0,1012.53,0.16,2.25,NNW,337.0,0.0,94.9,0.0,weather_underground,,
ILAMAD25,La Madeleine,other,EasyWeatherPro_V5.1.6,50.659,3.07,23.0,2025-03-24 16:44:00,15.39,11.67,79.0,1012.53,0.0,0.97,NW,315.0,0.0,100.7,0.0,weather_underground,,
ILAMAD25,La Madeleine,other,EasyWeatherPro_V5.1.6,50.659,3.07,23.0,2025-03-24 16:49:00,15.5,11.72,78.0,1012.53,0.48,5.47,NNW,337.0,0.0,44.1,0.0,weather_underground,,
ILAMAD25,La Madeleine,other,EasyWeatherPro_V5.1.6,50.659,3.07,23.0,2025-03-24 16:54:00,15.28,11.61,78.0,1012.53,0.48,3.86,NNW,337.0,0.0,25.4,0.0,weather_underground,,
ILAMAD25,La Madeleine,other,EasyWeatherPro_V5.1.6,50.659,3.07,23.0,2025-03-24 16:59:00,15.22,11.39,78.0,1012.53,0.16,3.06,NW,315.0,0.0,17.5,0.0,weather_underground,,
ILAMAD25,La Madeleine,other,EasyWeatherPro_V5.1.6,50.659,3.07,23.0,2025-03-24 17:04:00,15.06,11.28,78.0,1012.53,0.16,2.57,,,0.0,19.0,0.0,weather_underground,,
ILAMAD25,La Madeleine,other,EasyWeatherPro_V5.1.6,50.659,3.07,23.0,2025-03-24 17:09:00,15.0,11.33,79.0,1012.53,0.0,0.0,NNW,337.0,0.0,20.5,0.0,weather_underground,,
ILAMAD25,La Madeleine,other,EasyWeatherPro_V5.1.6,50.659,3.07,23.0,2025-03-24 17:14:00,14.89,11.28,79.0,1012.87,0.32,3.54,NNW,337.0,0.0,30.2,0.0,weather_underground,,
ILAMAD25,La Madeleine,other,EasyWeatherPro_V5.1.6,50.659,3.07,23.0,2025-03-24 17:19:00,14.83,11.11,79.0,1012.87,0.0,1.93,NNW,337.0,0.0,35.0,0.0,weather_underground,,
ILAMAD25,La Madeleine,other,EasyWeatherPro_V5.1.6,50.659,3.07,23.0,2025-03-24 17:24:00,14.72,10.94,78.0,1012.87,0.16,2.41,,,0.0,36.1,0.0,weather_underground,,
ILAMAD25,La Madeleine,other,EasyWeatherPro_V5.1.6,50.659,3.07,23.0,2025-03-24 17:29:00,14.56,10.61,77.0,1012.87,0.48,4.18,NNW,337.0,0.0,22.2,0.0,weather_underground,,
ILAMAD25,La Madeleine,other,EasyWeatherPro_V5.1.6,50.659,3.07,23.0,2025-03-24 17:34:00,14.5,10.5,77.0,1012.87,0.32,2.25,NW,315.0,0.0,39.4,0.0,weather_underground,,
ILAMAD25,La Madeleine,other,EasyWeatherPro_V5.1.6,50.659,3.07,23.0,2025-03-24 17:39:00,14.39,10.22,76.0,1012.87,0.32,4.83,NNW,337.0,0.0,40.3,0.0,weather_underground,,
ILAMAD25,La Madeleine,other,EasyWeatherPro_V5.1.6,50.659,3.07,23.0,2025-03-24 17:44:00,14.28,9.94,75.0,1013.21,0.64,5.15,NNW,337.0,0.0,39.4,0.0,weather_underground,,
ILAMAD25,La Madeleine,other,EasyWeatherPro_V5.1.6,50.659,3.07,23.0,2025-03-24 17:49:00,14.06,9.72,75.0,1012.87,0.97,5.15,NW,315.0,0.0,33.7,0.0,weather_underground,,
ILAMAD25,La Madeleine,other,EasyWeatherPro_V5.1.6,50.659,3.07,23.0,2025-03-24 17:54:00,13.72,9.61,76.0,1012.87,0.16,3.54,,,0.0,32.9,0.0,weather_underground,,
ILAMAD25,La Madeleine,other,EasyWeatherPro_V5.1.6,50.659,3.07,23.0,2025-03-24 17:59:00,13.5,9.5,77.0,1012.87,0.32,3.86,NNW,337.0,0.0,33.7,0.0,weather_underground,,
ILAMAD25,La Madeleine,other,EasyWeatherPro_V5.1.6,50.659,3.07,23.0,2025-03-24 18:04:00,13.39,9.39,77.0,1012.87,0.32,4.18,NNW,337.0,0.0,31.1,0.0,weather_underground,,
ILAMAD25,La Madeleine,other,EasyWeatherPro_V5.1.6,50.659,3.07,23.0,2025-03-24 18:09:00,13.28,9.28,77.0,1013.21,0.8,7.4,NNW,337.0,0.0,33.6,0.0,weather_underground,,
ILAMAD25,La Madeleine,other,EasyWeatherPro_V5.1.6,50.659,3.07,23.0,2025-03-24 18:14:00,13.22,9.22,77.0,1013.21,0.16,3.86,NNW,337.0,0.0,32.6,0.0,weather_underground,,
ILAMAD25,La Madeleine,other,EasyWeatherPro_V5.1.6,50.659,3.07,23.0,2025-03-24 18:19:00,13.22,9.22,77.0,1013.21,0.0,0.0,,,0.0,27.6,0.0,weather_underground,,
ILAMAD25,La Madeleine,other,EasyWeatherPro_V5.1.6,50.659,3.07,23.0,2025-03-24 18:24:00,13.17,9.11,77.0,1013.21,0.48,3.86,NNW,337.0,0.0,23.4,0.0,weather_underground,,
ILAMAD25,La Madeleine,other,EasyWeatherPro_V5.1.6,50.659,3.07,23.0,2025-03-24 18:29:00,13.06,9.11,77.0,1013.21,0.0,1.93,NNW,337.0,0.0,38.0,0.0,weather_underground,,
ILAMAD25,La Madeleine,other,EasyWeatherPro_V5.1.6,50.659,3.07,23.0,2025-03-24 18:34:00,13.17,9.11,77.0,1013.55,0.16,0.32,NNW,337.0,0.0,33.8,0.0,weather_underground,,
ILAMAD25,La Madeleine,other,EasyWeatherPro_V5.1.6,50.659,3.07,23.0,2025-03-24 18:39:00,13.11,8.94,76.0,1013.55,0.97,4.83,NNW,337.0,0.0,20.1,0.0,weather_underground,,
ILAMAD25,La Madeleine,other,EasyWeatherPro_V5.1.6,50.659,3.07,23.0,2025-03-24 18:44:00,13.0,8.83,76.0,1013.55,0.16,2.57,NNW,337.0,0.0,18.0,0.0,weather_underground,,
ILAMAD25,La Madeleine,other,EasyWeatherPro_V5.1.6,50.659,3.07,23.0,2025-03-24 18:49:00,12.94,8.83,76.0,1013.89,0.0,0.0,NNW,337.0,0.0,17.6,0.0,weather_underground,,
ILAMAD25,La Madeleine,other,EasyWeatherPro_V5.1.6,50.659,3.07,23.0,2025-03-24 18:54:00,13.0,9.11,77.0,1013.89,0.0,0.0,NNW,337.0,0.0,17.3,0.0,weather_underground,,
ILAMAD25,La Madeleine,other,EasyWeatherPro_V5.1.6,50.659,3.07,23.0,2025-03-24 18:59:00,13.0,9.0,77.0,1013.89,0.0,0.0,NNW,337.0,0.0,9.9,0.0,weather_underground,,
ILAMAD25,La Madeleine,other,EasyWeatherPro_V5.1.6,50.659,3.07,23.0,2025-03-24 19:04:00,13.0,9.11,77.0,1013.89,0.0,0.0,NNW,337.0,0.0,8.0,0.0,weather_underground,,
ILAMAD25,La Madeleine,other,EasyWeatherPro_V5.1.6,50.659,3.07,23.0,2025-03-24 19:09:00,13.06,9.11,77.0,1013.89,0.16,0.97,,,0.0,3.8,0.0,weather_underground,,
ILAMAD25,La Madeleine,other,EasyWeatherPro_V5.1.6,50.659,3.07,23.0,2025-03-24 19:14:00,13.11,9.39,78.0,1013.89,0.16,3.38,NNW,337.0,0.0,1.9,0.0,weather_underground,,
ILAMAD25,La Madeleine,other,EasyWeatherPro_V5.1.6,50.659,3.07,23.0,2025-03-24 19:19:00,13.22,9.39,78.0,1014.22,0.16,4.18,North,,0.0,1.2,0.0,weather_underground,,
ILAMAD25,La Madeleine,other,EasyWeatherPro_V5.1.6,50.659,3.07,23.0,2025-03-24 19:24:00,13.22,9.5,78.0,1013.89,0.0,1.61,,,0.0,0.8,0.0,weather_underground,,
ILAMAD25,La Madeleine,other,EasyWeatherPro_V5.1.6,50.659,3.07,23.0,2025-03-24 19:29:00,13.22,9.5,78.0,1014.22,0.0,2.74,NNW,337.0,0.0,0.6,0.0,weather_underground,,
ILAMAD25,La Madeleine,other,EasyWeatherPro_V5.1.6,50.659,3.07,23.0,2025-03-24 19:34:00,13.22,9.56,78.0,1014.22,0.0,0.64,NNW,337.0,0.0,0.3,0.0,weather_underground,,
ILAMAD25,La Madeleine,other,EasyWeatherPro_V5.1.6,50.659,3.07,23.0,2025-03-24 19:39:00,13.22,9.61,79.0,1014.22,0.0,0.0,NNW,337.0,0.0,0.2,0.0,weather_underground,,
ILAMAD25,La Madeleine,other,EasyWeatherPro_V5.1.6,50.659,3.07,23.0,2025-03-24 19:44:00,13.22,9.61,79.0,1014.56,0.0,0.97,,,0.0,0.1,0.0,weather_underground,,
ILAMAD25,La Madeleine,other,EasyWeatherPro_V5.1.6,50.659,3.07,23.0,2025-03-24 19:49:00,13.22,9.61,79.0,1014.56,0.16,5.47,NNW,337.0,0.0,0.0,0.0,weather_underground,,
ILAMAD25,La Madeleine,other,EasyWeatherPro_V5.1.6,50.659,3.07,23.0,2025-03-24 19:54:00,13.11,9.5,79.0,1014.56,0.0,2.25,NNW,337.0,0.0,0.0,0.0,weather_underground,,
ILAMAD25,La Madeleine,other,EasyWeatherPro_V5.1.6,50.659,3.07,23.0,2025-03-24 19:59:00,13.06,9.5,79.0,1014.56,0.16,1.61,,,0.0,0.0,0.0,weather_underground,,
ILAMAD25,La Madeleine,other,EasyWeatherPro_V5.1.6,50.659,3.07,23.0,2025-03-24 20:04:00,13.0,9.5,79.0,1014.56,0.16,3.38,NNW,337.0,0.0,0.0,0.0,weather_underground,,
ILAMAD25,La Madeleine,other,EasyWeatherPro_V5.1.6,50.659,3.07,23.0,2025-03-24 20:09:00,13.0,9.56,79.0,1014.56,0.0,2.25,NNW,337.0,0.0,0.0,0.0,weather_underground,,
ILAMAD25,La Madeleine,other,EasyWeatherPro_V5.1.6,50.659,3.07,23.0,2025-03-24 20:14:00,12.94,9.44,79.0,1014.9,0.16,3.38,,,0.0,0.0,0.0,weather_underground,,
ILAMAD25,La Madeleine,other,EasyWeatherPro_V5.1.6,50.659,3.07,23.0,2025-03-24 20:19:00,12.83,9.33,79.0,1014.56,0.8,5.15,NNW,337.0,0.0,0.0,0.0,weather_underground,,
ILAMAD25,La Madeleine,other,EasyWeatherPro_V5.1.6,50.659,3.07,23.0,2025-03-24 20:24:00,12.72,9.22,79.0,1014.56,0.16,4.83,NNW,337.0,0.0,0.0,0.0,weather_underground,,
ILAMAD25,La Madeleine,other,EasyWeatherPro_V5.1.6,50.659,3.07,23.0,2025-03-24 20:29:00,12.72,9.22,79.0,1014.9,0.0,2.25,NNW,337.0,0.0,0.0,0.0,weather_underground,,
ILAMAD25,La Madeleine,other,EasyWeatherPro_V5.1.6,50.659,3.07,23.0,2025-03-24 20:34:00,12.61,9.22,80.0,1014.9,0.0,0.0,,,0.0,0.0,0.0,weather_underground,,
ILAMAD25,La Madeleine,other,EasyWeatherPro_V5.1.6,50.659,3.07,23.0,2025-03-24 20:39:00,12.61,9.22,80.0,1014.9,0.0,0.0,NNW,337.0,0.0,0.0,0.0,weather_underground,,
ILAMAD25,La Madeleine,other,EasyWeatherPro_V5.1.6,50.659,3.07,23.0,2025-03-24 20:44:00,12.61,9.22,80.0,1014.9,0.32,0.97,NNW,337.0,0.0,0.0,0.0,weather_underground,,
ILAMAD25,La Madeleine,other,EasyWeatherPro_V5.1.6,50.659,3.07,23.0,2025-03-24 20:49:00,12.5,9.11,80.0,1014.9,0.16,3.06,NNW,337.0,0.0,0.0,0.0,weather_underground,,
ILAMAD25,La Madeleine,other,EasyWeatherPro_V5.1.6,50.659,3.07,23.0,2025-03-24 20:54:00,12.5,9.11,80.0,1015.24,0.0,0.0,NNW,337.0,0.0,0.0,0.0,weather_underground,,
ILAMAD25,La Madeleine,other,EasyWeatherPro_V5.1.6,50.659,3.07,23.0,2025-03-24 20:59:00,12.5,9.11,80.0,1015.24,0.0,0.0,NNW,337.0,0.0,0.0,0.0,weather_underground,,
ILAMAD25,La Madeleine,other,EasyWeatherPro_V5.1.6,50.659,3.07,23.0,2025-03-24 21:04:00,12.44,9.06,80.0,1015.24,0.16,0.97,North,,0.0,0.0,0.0,weather_underground,,
ILAMAD25,La Madeleine,other,EasyWeatherPro_V5.1.6,50.659,3.07,23.0,2025-03-24 21:09:00,12.39,9.0,80.0,1015.24,0.16,2.9,,,0.0,0.0,0.0,weather_underground,,
ILAMAD25,La Madeleine,other,EasyWeatherPro_V5.1.6,50.659,3.07,23.0,2025-03-24 21:14:00,12.39,8.94,80.0,1015.24,0.16,3.06,NNW,337.0,0.0,0.0,0.0,weather_underground,,
ILAMAD25,La Madeleine,other,EasyWeatherPro_V5.1.6,50.659,3.07,23.0,2025-03-24 21:19:00,12.39,9.0,80.0,1015.58,0.16,2.9,,,0.0,0.0,0.0,weather_underground,,
ILAMAD25,La Madeleine,other,EasyWeatherPro_V5.1.6,50.659,3.07,23.0,2025-03-24 21:24:00,12.39,9.0,80.0,1015.58,0.0,0.0,NNW,337.0,0.0,0.0,0.0,weather_underground,,
ILAMAD25,La Madeleine,other,EasyWeatherPro_V5.1.6,50.659,3.07,23.0,2025-03-24 21:29:00,12.39,9.17,81.0,1015.58,0.0,0.0,NNW,337.0,0.0,0.0,0.0,weather_underground,,
ILAMAD25,La Madeleine,other,EasyWeatherPro_V5.1.6,50.659,3.07,23.0,2025-03-24 21:34:00,12.33,9.0,80.0,1015.58,0.0,2.25,NW,315.0,0.0,0.0,0.0,weather_underground,,
ILAMAD25,La Madeleine,other,EasyWeatherPro_V5.1.6,50.659,3.07,23.0,2025-03-24 21:39:00,12.39,9.11,81.0,1015.58,0.0,0.0,NNW,337.0,0.0,0.0,0.0,weather_underground,,
ILAMAD25,La Madeleine,other,EasyWeatherPro_V5.1.6,50.659,3.07,23.0,2025-03-24 21:44:00,12.28,9.11,81.0,1015.58,0.0,0.0,NNW,337.0,0.0,0.0,0.0,weather_underground,,
ILAMAD25,La Madeleine,other,EasyWeatherPro_V5.1.6,50.659,3.07,23.0,2025-03-24 21:49:00,12.28,9.11,81.0,1015.58,0.0,0.0,NNW,337.0,0.0,0.0,0.0,weather_underground,,
ILAMAD25,La Madeleine,other,EasyWeatherPro_V5.1.6,50.659,3.07,23.0,2025-03-24 21:54:00,12.28,9.11,81.0,1015.58,0.16,0.64,NNW,337.0,0.0,0.0,0.0,weather_underground,,
ILAMAD25,La Madeleine,other,EasyWeatherPro_V5.1.6,50.659,3.07,23.0,2025-03-24 21:59:00,12.28,8.89,80.0,1015.58,0.0,1.77,NNW,337.0,0.0,0.0,0.0,weather_underground,,
ILAMAD25,La Madeleine,other,EasyWeatherPro_V5.1.6,50.659,3.07,23.0,2025-03-24 22:04:00,12.22,8.89,80.0,1015.58,0.16,2.09,NNW,337.0,0.0,0.0,0.0,weather_underground,,
ILAMAD25,La Madeleine,other,EasyWeatherPro_V5.1.6,50.659,3.07,23.0,2025-03-24 22:09:00,12.22,8.89,80.0,1015.58,0.16,4.18,NNW,337.0,0.0,0.0,0.0,weather_underground,,
ILAMAD25,La Madeleine,other,EasyWeatherPro_V5.1.6,50.659,3.07,23.0,2025-03-24 22:14:00,12.22,8.89,80.0,1015.58,0.0,0.0,NNW,337.0,0.0,0.0,0.0,weather_underground,,
ILAMAD25,La Madeleine,other,EasyWeatherPro_V5.1.6,50.659,3.07,23.0,2025-03-24 22:19:00,12.22,9.0,81.0,1015.58,0.0,0.0,NNW,337.0,0.0,0.0,0.0,weather_underground,,
ILAMAD25,La Madeleine,other,EasyWeatherPro_V5.1.6,50.659,3.07,23.0,2025-03-24 22:24:00,12.22,9.0,81.0,1015.58,0.32,5.15,NNW,337.0,0.0,0.0,0.0,weather_underground,,
ILAMAD25,La Madeleine,other,EasyWeatherPro_V5.1.6,50.659,3.07,23.0,2025-03-24 22:29:00,12.22,8.94,80.0,1015.58,0.32,4.51,NNW,337.0,0.0,0.0,0.0,weather_underground,,
ILAMAD25,La Madeleine,other,EasyWeatherPro_V5.1.6,50.659,3.07,23.0,2025-03-24 22:34:00,12.17,8.94,81.0,1015.58,0.16,3.22,NNW,337.0,0.0,0.0,0.0,weather_underground,,
ILAMAD25,La Madeleine,other,EasyWeatherPro_V5.1.6,50.659,3.07,23.0,2025-03-24 22:39:00,12.11,8.83,80.0,1015.58,0.0,1.77,NNW,337.0,0.0,0.0,0.0,weather_underground,,
ILAMAD25,La Madeleine,other,EasyWeatherPro_V5.1.6,50.659,3.07,23.0,2025-03-24 22:44:00,12.11,8.83,80.0,1015.92,0.48,2.25,NNW,337.0,0.0,0.0,0.0,weather_underground,,
ILAMAD25,La Madeleine,other,EasyWeatherPro_V5.1.6,50.659,3.07,23.0,2025-03-24 22:49:00,12.11,8.78,80.0,1015.92,0.16,1.77,NNW,337.0,0.0,0.0,0.0,weather_underground,,
ILAMAD25,La Madeleine,other,EasyWeatherPro_V5.1.6,50.659,3.07,23.0,2025-03-24 22:54:00,12.11,8.78,80.0,1015.92,0.32,4.18,NNW,337.0,0.0,0.0,0.0,weather_underground,,
ILAMAD25,La Madeleine,other,EasyWeatherPro_V5.1.6,50.659,3.07,23.0,2025-03-24 22:59:00,12.11,8.72,80.0,1015.92,0.48,5.47,NNW,337.0,0.0,0.0,0.0,weather_underground,,
ILAMAD25,La Madeleine,other,EasyWeatherPro_V5.1.6,50.659,3.07,23.0,2025-03-24 23:04:00,12.11,8.78,80.0,1015.92,0.16,3.38,NNW,337.0,0.0,0.0,0.0,weather_underground,,
ILAMAD25,La Madeleine,other,EasyWeatherPro_V5.1.6,50.659,3.07,23.0,2025-03-24 23:09:00,12.0,8.72,80.0,1015.92,0.16,1.93,NNW,337.0,0.0,0.0,0.0,weather_underground,,
ILAMAD25,La Madeleine,other,EasyWeatherPro_V5.1.6,50.659,3.07,23.0,2025-03-24 23:14:00,12.0,8.78,81.0,1015.92,0.0,1.93,North,,0.0,0.0,0.0,weather_underground,,
ILAMAD25,La Madeleine,other,EasyWeatherPro_V5.1.6,50.659,3.07,23.0,2025-03-24 23:19:00,11.94,8.67,80.0,1016.26,0.16,3.54,NNW,337.0,0.0,0.0,0.0,weather_underground,,
ILAMAD25,La Madeleine,other,EasyWeatherPro_V5.1.6,50.659,3.07,23.0,2025-03-24 23:24:00,11.89,8.67,81.0,1015.92,0.0,1.93,,,0.0,0.0,0.0,weather_underground,,
ILAMAD25,La Madeleine,other,EasyWeatherPro_V5.1.6,50.659,3.07,23.0,2025-03-24 23:29:00,11.89,8.72,81.0,1016.26,0.16,1.77,NW,315.0,0.0,0.0,0.0,weather_underground,,
ILAMAD25,La Madeleine,other,EasyWeatherPro_V5.1.6,50.659,3.07,23.0,2025-03-24 23:34:00,11.89,8.72,81.0,1016.26,0.0,0.64,,,0.0,0.0,0.0,weather_underground,,
ILAMAD25,La Madeleine,other,EasyWeatherPro_V5.1.6,50.659,3.07,23.0,2025-03-24 23:39:00,11.89,8.72,81.0,1016.26,0.16,2.9,NNW,337.0,0.0,0.0,0.0,weather_underground,,
ILAMAD25,La Madeleine,other,EasyWeatherPro_V5.1.6,50.659,3.07,23.0,2025-03-24 23:44:00,11.83,8.67,81.0,1016.26,0.16,2.09,NNW,337.0,0.0,0.0,0.0,weather_underground,,
ILAMAD25,La Madeleine,other,EasyWeatherPro_V5.1.6,50.659,3.07,23.0,2025-03-24 23:49:00,11.78,8.61,81.0,1016.26,0.16,3.54,NNW,337.0,0.0,0.0,0.0,weather_underground,,
ILAMAD25,La Madeleine,other,EasyWeatherPro_V5.1.6,50.659,3.07,23.0,2025-03-24 23:54:00,11.78,8.61,81.0,1016.26,0.0,0.0,NNW,337.0,0.0,0.0,0.0,weather_underground,,
ILAMAD25,La Madeleine,other,EasyWeatherPro_V5.1.6,50.659,3.07,23.0,2025-03-24 23:59:00,11.78,8.61,81.0,1016.26,0.16,1.93,NNW,337.0,0.0,0.0,0.0,weather_underground,,
ILAMAD25,La Madeleine,other,EasyWeatherPro_V5.1.6,50.659,3.07,23.0,,,,,,,,,,,,,weather_underground,,
ILAMAD25,La Madeleine,other,EasyWeatherPro_V5.1.6,50.659,3.07,23.0,2025-03-24 00:04:00,11.89,8.83,82.0,1016.26,0.0,1.77,NNW,337.0,0.0,0.0,0.0,weather_underground,,
ILAMAD25,La Madeleine,other,EasyWeatherPro_V5.1.6,50.659,3.07,23.0,2025-03-24 00:09:00,11.78,8.78,82.0,1016.26,0.0,1.61,NNW,337.0,0.0,0.0,0.0,weather_underground,,
ILAMAD25,La Madeleine,other,EasyWeatherPro_V5.1.6,50.659,3.07,23.0,2025-03-24 00:14:00,11.78,8.78,82.0,1016.26,0.16,2.09,,,0.0,0.0,0.0,weather_underground,,
ILAMAD25,La Madeleine,other,EasyWeatherPro_V5.1.6,50.659,3.07,23.0,2025-03-24 00:19:00,11.72,8.72,82.0,1016.26,0.0,0.0,NNW,337.0,0.0,0.0,0.0,weather_underground,,
ILAMAD25,La Madeleine,other,EasyWeatherPro_V5.1.6,50.659,3.07,23.0,2025-03-24 00:24:00,11.72,8.72,82.0,1016.59,0.0,0.0,NNW,337.0,0.0,0.0,0.0,weather_underground,,
ILAMAD25,La Madeleine,other,EasyWeatherPro_V5.1.6,50.659,3.07,23.0,2025-03-24 00:29:00,11.72,8.72,82.0,1016.59,0.16,1.77,NNW,337.0,0.0,0.0,0.0,weather_underground,,
ILAMAD25,La Madeleine,other,EasyWeatherPro_V5.1.6,50.659,3.07,23.0,2025-03-24 00:34:00,11.72,8.72,82.0,1016.59,0.16,1.93,North,,0.0,0.0,0.0,weather_underground,,
ILAMAD25,La Madeleine,other,EasyWeatherPro_V5.1.6,50.659,3.07,23.0,2025-03-24 00:39:00,11.72,8.72,82.0,1016.59,0.32,6.12,NNW,337.0,0.0,0.0,0.0,weather_underground,,
ILAMAD25,La Madeleine,other,EasyWeatherPro_V5.1.6,50.659,3.07,23.0,2025-03-24 00:44:00,11.61,8.61,82.0,1016.59,0.32,4.51,NNW,337.0,0.0,0.0,0.0,weather_underground,,
ILAMAD25,La Madeleine,other,EasyWeatherPro_V5.1.6,50.659,3.07,23.0,2025-03-24 00:49:00,11.61,8.72,83.0,1016.59,0.0,0.64,NNW,337.0,0.0,0.0,0.0,weather_underground,,
ILAMAD25,La Madeleine,other,EasyWeatherPro_V5.1.6,50.659,3.07,23.0,2025-03-24 00:54:00,11.5,8.72,83.0,1016.59,0.16,1.61,NNW,337.0,0.0,0.0,0.0,weather_underground,,
ILAMAD25,La Madeleine,other,EasyWeatherPro_V5.1.6,50.659,3.07,23.0,2025-03-24 00:59:00,11.5,8.72,83.0,1016.59,0.0,0.64,NNW,337.0,0.0,0.0,0.0,weather_underground,,
ILAMAD25,La Madeleine,other,EasyWeatherPro_V5.1.6,50.659,3.07,23.0,2025-03-24 01:04:00,11.5,8.72,83.0,1016.59,0.0,0.0,NNW,337.0,0.0,0.0,0.0,weather_underground,,
ILAMAD25,La Madeleine,other,EasyWeatherPro_V5.1.6,50.659,3.07,23.0,2025-03-24 01:09:00,11.5,8.78,83.0,1016.59,0.0,0.64,NNW,337.0,0.0,0.0,0.0,weather_underground,,
ILAMAD25,La Madeleine,other,EasyWeatherPro_V5.1.6,50.659,3.07,23.0,2025-03-24 01:14:00,11.39,8.72,84.0,1016.59,0.0,1.29,NNW,337.0,0.0,0.0,0.0,weather_underground,,
ILAMAD25,La Madeleine,other,EasyWeatherPro_V5.1.6,50.659,3.07,23.0,2025-03-24 01:19:00,11.33,8.78,84.0,1016.59,0.0,0.0,NNW,337.0,0.0,0.0,0.0,weather_underground,,
ILAMAD25,La Madeleine,other,EasyWeatherPro_V5.1.6,50.659,3.07,23.0,2025-03-24 01:24:00,11.28,8.72,84.0,1016.93,0.16,0.97,NNW,337.0,0.0,0.0,0.0,weather_underground,,
ILAMAD25,La Madeleine,other,EasyWeatherPro_V5.1.6,50.659,3.07,23.0,2025-03-24 01:29:00,11.28,8.89,85.0,1016.93,0.0,1.61,NNW,337.0,0.0,0.0,0.0,weather_underground,,
ILAMAD25,La Madeleine,other,EasyWeatherPro_V5.1.6,50.659,3.07,23.0,2025-03-24 01:34:00,11.22,8.78,85.0,1016.59,0.0,2.74,NNW,337.0,0.0,0.0,0.0,weather_underground,,
ILAMAD25,La Madeleine,other,EasyWeatherPro_V5.1.6,50.659,3.07,23.0,2025-03-24 01:39:00,11.22,8.78,85.0,1016.59,0.0,1.93,NNW,337.0,0.0,0.0,0.0,weather_underground,,
ILAMAD25,La Madeleine,other,EasyWeatherPro_V5.1.6,50.659,3.07,23.0,2025-03-24 01:44:00,11.22,8.78,85.0,1016.93,0.16,3.54,NNW,337.0,0.0,0.0,0.0,weather_underground,,
ILAMAD25,La Madeleine,other,EasyWeatherPro_V5.1.6,50.659,3.07,23.0,2025-03-24 01:49:00,11.22,8.78,85.0,1016.93,0.0,1.93,NNW,337.0,0.0,0.0,0.0,weather_underground,,
ILAMAD25,La Madeleine,other,EasyWeatherPro_V5.1.6,50.659,3.07,23.0,2025-03-24 01:54:00,11.17,8.78,85.0,1016.93,0.32,2.9,North,,0.0,0.0,0.0,weather_underground,,
ILAMAD25,La Madeleine,other,EasyWeatherPro_V5.1.6,50.659,3.07,23.0,2025-03-24 01:59:00,11.11,8.94,86.0,1016.93,0.16,4.51,NNW,337.0,0.0,0.0,0.0,weather_underground,,
ILAMAD25,La Madeleine,other,EasyWeatherPro_V5.1.6,50.659,3.07,23.0,2025-03-24 02:04:00,11.0,8.94,87.0,1017.27,0.0,0.64,NNW,337.0,0.0,0.0,0.0,weather_underground,,
ILAMAD25,La Madeleine,other,EasyWeatherPro_V5.1.6,50.659,3.07,23.0,2025-03-24 02:09:00,10.94,8.94,88.0,1017.27,0.0,0.0,NNW,337.0,0.0,0.0,0.0,weather_underground,,
ILAMAD25,La Madeleine,other,EasyWeatherPro_V5.1.6,50.659,3.07,23.0,2025-03-24 02:14:00,10.89,8.89,88.0,1016.93,0.16,0.64,NW,315.0,0.0,0.0,0.0,weather_underground,,
ILAMAD25,La Madeleine,other,EasyWeatherPro_V5.1.6,50.659,3.07,23.0,2025-03-24 02:19:00,10.89,8.89,88.0,1016.93,0.0,1.61,NNW,337.0,0.0,0.0,0.0,weather_underground,,
ILAMAD25,La Madeleine,other,EasyWeatherPro_V5.1.6,50.659,3.07,23.0,2025-03-24 02:24:00,10.89,8.78,87.0,1016.93,0.0,1.93,NNW,337.0,0.0,0.0,0.0,weather_underground,,
ILAMAD25,La Madeleine,other,EasyWeatherPro_V5.1.6,50.659,3.07,23.0,2025-03-24 02:29:00,10.83,8.72,87.0,1016.93,0.16,3.06,NW,315.0,0.0,0.0,0.0,weather_underground,,
ILAMAD25,La Madeleine,other,EasyWeatherPro_V5.1.6,50.659,3.07,23.0,2025-03-24 02:34:00,10.89,8.72,86.0,1017.27,0.16,2.25,NNW,337.0,0.0,0.0,0.0,weather_underground,,
ILAMAD25,La Madeleine,other,EasyWeatherPro_V5.1.6,50.659,3.07,23.0,2025-03-24 02:39:00,10.89,8.5,85.0,1016.93,0.16,2.41,NNW,337.0,0.0,0.0,0.0,weather_underground,,
ILAMAD25,La Madeleine,other,EasyWeatherPro_V5.1.6,50.659,3.07,23.0,2025-03-24 02:44:00,10.89,8.33,84.0,1016.93,1.45,8.53,NW,315.0,0.0,0.0,0.0,weather_underground,,
ILAMAD25,La Madeleine,other,EasyWeatherPro_V5.1.6,50.659,3.07,23.0,2025-03-24 02:49:00,11.0,8.22,83.0,1017.27,0.16,4.18,NNW,337.0,0.0,0.0,0.0,weather_underground,,
ILAMAD25,La Madeleine,other,EasyWeatherPro_V5.1.6,50.659,3.07,23.0,2025-03-24 02:54:00,11.0,8.17,82.0,1017.27,0.32,4.51,NNW,337.0,0.0,0.0,0.0,weather_underground,,
ILAMAD25,La Madeleine,other,EasyWeatherPro_V5.1.6,50.659,3.07,23.0,2025-03-24 02:59:00,11.0,7.89,81.0,1017.27,0.48,4.51,NNW,337.0,0.0,0.0,0.0,weather_underground,,
ILAMAD25,La Madeleine,other,EasyWeatherPro_V5.1.6,50.659,3.07,23.0,2025-03-24 03:04:00,11.0,7.83,81.0,1017.27,0.64,4.18,NNW,337.0,0.0,0.0,0.0,weather_underground,,
ILAMAD25,La Madeleine,other,EasyWeatherPro_V5.1.6,50.659,3.07,23.0,2025-03-24 03:09:00,11.0,7.72,80.0,1017.27,0.32,4.51,NNW,337.0,0.0,0.0,0.0,weather_underground,,
ILAMAD25,La Madeleine,other,EasyWeatherPro_V5.1.6,50.659,3.07,23.0,2025-03-24 03:14:00,11.0,7.72,80.0,1017.27,0.0,0.32,NNW,337.0,0.0,0.0,0.0,weather_underground,,
ILAMAD25,La Madeleine,other,EasyWeatherPro_V5.1.6,50.659,3.07,23.0,2025-03-24 03:19:00,11.0,7.56,79.0,1017.27,0.16,3.54,NNW,337.0,0.0,0.0,0.0,weather_underground,,
ILAMAD25,La Madeleine,other,EasyWeatherPro_V5.1.6,50.659,3.07,23.0,2025-03-24 03:24:00,11.0,7.5,79.0,1017.27,0.16,3.54,,,0.0,0.0,0.0,weather_underground,,
ILAMAD25,La Madeleine,other,EasyWeatherPro_V5.1.6,50.659,3.07,23.0,2025-03-24 03:29:00,11.0,7.44,79.0,1017.27,0.0,0.0,NNW,337.0,0.0,0.0,0.0,weather_underground,,
ILAMAD25,La Madeleine,other,EasyWeatherPro_V5.1.6,50.659,3.07,23.0,2025-03-24 03:34:00,10.94,7.22,78.0,1017.27,0.64,3.7,NNW,337.0,0.0,0.0,0.0,weather_underground,,
ILAMAD25,La Madeleine,other,EasyWeatherPro_V5.1.6,50.659,3.07,23.0,2025-03-24 03:39:00,10.89,7.11,78.0,1017.27,0.16,6.76,NNW,337.0,0.0,0.0,0.0,weather_underground,,
ILAMAD25,La Madeleine,other,EasyWeatherPro_V5.1.6,50.659,3.07,23.0,2025-03-24 03:44:00,10.89,7.17,78.0,1017.27,0.32,5.47,NNW,337.0,0.0,0.0,0.0,weather_underground,,
ILAMAD25,La Madeleine,other,EasyWeatherPro_V5.1.6,50.659,3.07,23.0,2025-03-24 03:49:00,10.89,7.0,77.0,1017.27,0.48,3.54,NNW,337.0,0.0,0.0,0.0,weather_underground,,
ILAMAD25,La Madeleine,other,EasyWeatherPro_V5.1.6,50.659,3.07,23.0,2025-03-24 03:54:00,10.89,6.83,76.0,1017.27,0.16,4.51,NNW,337.0,0.0,0.0,0.0,weather_underground,,
ILAMAD25,La Madeleine,other,EasyWeatherPro_V5.1.6,50.659,3.07,23.0,2025-03-24 03:59:00,10.83,6.83,77.0,1017.27,0.32,6.12,NNW,337.0,0.0,0.0,0.0,weather_underground,,
ILAMAD25,La Madeleine,other,EasyWeatherPro_V5.1.6,50.659,3.07,23.0,2025-03-24 04:04:00,10.78,6.78,76.0,1017.27,0.97,5.47,NNW,337.0,0.0,0.0,0.0,weather_underground,,
ILAMAD25,La Madeleine,other,EasyWeatherPro_V5.1.6,50.659,3.07,23.0,2025-03-24 04:09:00,10.72,6.72,77.0,1017.27,0.32,4.51,,,0.0,0.0,0.0,weather_underground,,
ILAMAD25,La Madeleine,other,EasyWeatherPro_V5.1.6,50.659,3.07,23.0,2025-03-24 04:14:00,10.72,6.78,77.0,1017.27,0.0,1.29,NNW,337.0,0.0,0.0,0.0,weather_underground,,
ILAMAD25,La Madeleine,other,EasyWeatherPro_V5.1.6,50.659,3.07,23.0,2025-03-24 04:19:00,10.61,6.72,77.0,1017.61,0.32,3.06,NNW,337.0,0.0,0.0,0.0,weather_underground,,
ILAMAD25,La Madeleine,other,EasyWeatherPro_V5.1.6,50.659,3.07,23.0,2025-03-24 04:24:00,10.61,6.72,77.0,1017.27,0.16,1.93,NNW,337.0,0.0,0.0,0.0,weather_underground,,
ILAMAD25,La Madeleine,other,EasyWeatherPro_V5.1.6,50.659,3.07,23.0,2025-03-24 04:29:00,10.5,6.67,77.0,1017.27,0.32,3.54,,,0.0,0.0,0.0,weather_underground,,
ILAMAD25,La Madeleine,other,EasyWeatherPro_V5.1.6,50.659,3.07,23.0,2025-03-24 04:34:00,10.44,6.61,77.0,1017.27,0.16,3.54,,,0.0,0.0,0.0,weather_underground,,
ILAMAD25,La Madeleine,other,EasyWeatherPro_V5.1.6,50.659,3.07,23.0,2025-03-24 04:39:00,10.39,6.67,78.0,1017.27,0.0,1.77,NNW,337.0,0.0,0.0,0.0,weather_underground,,
ILAMAD25,La Madeleine,other,EasyWeatherPro_V5.1.6,50.659,3.07,23.0,2025-03-24 04:44:00,10.28,6.61,78.0,1017.27,0.0,1.93,,,0.0,0.0,0.0,weather_underground,,
ILAMAD25,La Madeleine,other,EasyWeatherPro_V5.1.6,50.659,3.07,23.0,2025-03-24 04:49:00,10.22,6.56,79.0,1017.27,0.0,0.64,NNW,337.0,0.0,0.0,0.0,weather_underground,,
ILAMAD25,La Madeleine,other,EasyWeatherPro_V5.1.6,50.659,3.07,23.0,2025-03-24 04:54:00,10.11,6.44,78.0,1017.61,0.8,7.08,NNW,337.0,0.0,0.0,0.0,weather_underground,,
ILAMAD25,La Madeleine,other,EasyWeatherPro_V5.1.6,50.659,3.07,23.0,2025-03-24 04:59:00,10.06,6.5,79.0,1017.61,0.32,4.51,NNW,337.0,0.0,0.0,0.0,weather_underground,,
ILAMAD25,La Madeleine,other,EasyWeatherPro_V5.1.6,50.659,3.07,23.0,2025-03-24 05:04:00,10.0,6.5,79.0,1017.61,0.32,3.06,NNW,337.0,0.0,0.0,0.0,weather_underground,,
ILAMAD25,La Madeleine,other,EasyWeatherPro_V5.1.6,50.659,3.07,23.0,2025-03-24 05:09:00,9.89,6.5,80.0,1017.61,0.0,0.64,NNW,337.0,0.0,0.0,0.0,weather_underground,,
ILAMAD25,La Madeleine,other,EasyWeatherPro_V5.1.6,50.659,3.07,23.0,2025-03-24 05:14:00,9.72,6.44,80.0,1017.61,0.0,0.0,NNW,337.0,0.0,0.0,0.0,weather_underground,,
ILAMAD25,La Madeleine,other,EasyWeatherPro_V5.1.6,50.659,3.07,23.0,2025-03-24 05:19:00,9.72,6.56,81.0,1017.61,0.0,0.0,NNW,337.0,0.0,0.0,0.0,weather_underground,,
ILAMAD25,La Madeleine,other,EasyWeatherPro_V5.1.6,50.659,3.07,23.0,2025-03-24 05:24:00,9.61,6.5,81.0,1017.61,0.0,0.64,NNW,337.0,0.0,0.0,0.0,weather_underground,,
ILAMAD25,La Madeleine,other,EasyWeatherPro_V5.1.6,50.659,3.07,23.0,2025-03-24 05:29:00,9.5,6.56,82.0,1017.95,0.0,1.29,NNW,337.0,0.0,0.0,0.0,weather_underground,,
ILAMAD25,La Madeleine,other,EasyWeatherPro_V5.1.6,50.659,3.07,23.0,2025-03-24 05:34:00,9.39,6.5,82.0,1017.61,0.0,0.0,NNW,337.0,0.0,0.0,0.0,weather_underground,,
ILAMAD25,La Madeleine,other,EasyWeatherPro_V5.1.6,50.659,3.07,23.0,2025-03-24 05:39:00,9.28,6.39,82.0,1017.95,0.0,0.0,NNW,337.0,0.0,0.0,0.0,weather_underground,,
ILAMAD25,La Madeleine,other,EasyWeatherPro_V5.1.6,50.659,3.07,23.0,2025-03-24 05:44:00,9.28,6.44,83.0,1017.61,0.0,0.0,NNW,337.0,0.0,0.0,0.0,weather_underground,,
ILAMAD25,La Madeleine,other,EasyWeatherPro_V5.1.6,50.659,3.07,23.0,2025-03-24 05:49:00,9.17,6.33,83.0,1017.95,0.0,1.77,,,0.0,0.0,0.0,weather_underground,,
ILAMAD25,La Madeleine,other,EasyWeatherPro_V5.1.6,50.659,3.07,23.0,2025-03-24 05:54:00,9.11,6.28,83.0,1017.95,0.0,0.0,NNW,337.0,0.0,0.0,0.0,weather_underground,,
ILAMAD25,La Madeleine,other,EasyWeatherPro_V5.1.6,50.659,3.07,23.0,2025-03-24 05:59:00,9.06,6.28,83.0,1017.95,0.0,0.0,NNW,337.0,0.0,0.0,0.0,weather_underground,,
ILAMAD25,La Madeleine,other,EasyWeatherPro_V5.1.6,50.659,3.07,23.0,2025-03-24 06:04:00,9.0,6.28,83.0,1017.95,0.0,0.0,NNW,337.0,0.0,0.0,0.0,weather_underground,,
ILAMAD25,La Madeleine,other,EasyWeatherPro_V5.1.6,50.659,3.07,23.0,2025-03-24 06:09:00,8.89,6.28,84.0,1017.95,0.0,0.0,NNW,337.0,0.0,0.0,0.0,weather_underground,,
ILAMAD25,La Madeleine,other,EasyWeatherPro_V5.1.6,50.659,3.07,23.0,2025-03-24 06:14:00,8.83,6.22,84.0,1017.95,0.16,1.93,,,0.0,0.0,0.0,weather_underground,,
ILAMAD25,La Madeleine,other,EasyWeatherPro_V5.1.6,50.659,3.07,23.0,2025-03-24 06:19:00,8.78,6.22,84.0,1017.95,0.16,2.25,,,0.0,0.0,0.0,weather_underground,,
ILAMAD25,La Madeleine,other,EasyWeatherPro_V5.1.6,50.659,3.07,23.0,2025-03-24 06:24:00,8.78,6.22,84.0,1018.29,0.0,2.74,NNW,337.0,0.0,0.0,0.0,weather_underground,,
ILAMAD25,La Madeleine,other,EasyWeatherPro_V5.1.6,50.659,3.07,23.0,2025-03-24 06:29:00,8.78,6.22,84.0,1018.29,0.0,1.77,North,,0.0,0.0,0.0,weather_underground,,
ILAMAD25,La Madeleine,other,EasyWeatherPro_V5.1.6,50.659,3.07,23.0,2025-03-24 06:34:00,8.72,6.28,85.0,1018.29,0.0,0.0,NNW,337.0,0.0,0.0,0.0,weather_underground,,
ILAMAD25,La Madeleine,other,EasyWeatherPro_V5.1.6,50.659,3.07,23.0,2025-03-24 06:39:00,8.67,6.22,85.0,1018.29,0.0,0.32,NNW,337.0,0.0,0.0,0.0,weather_underground,,
ILAMAD25,La Madeleine,other,EasyWeatherPro_V5.1.6,50.659,3.07,23.0,2025-03-24 06:44:00,8.61,6.22,85.0,1018.29,0.0,2.57,NNW,337.0,0.0,0.0,0.0,weather_underground,,
ILAMAD25,La Madeleine,other,EasyWeatherPro_V5.1.6,50.659,3.07,23.0,2025-03-24 06:49:00,8.61,6.22,85.0,1018.29,0.0,0.0,NNW,337.0,0.0,0.0,0.0,weather_underground,,
ILAMAD25,La Madeleine,other,EasyWeatherPro_V5.1.6,50.659,3.07,23.0,2025-03-24 06:54:00,8.56,6.17,85.0,1018.29,0.0,0.0,NNW,337.0,0.0,0.0,0.0,weather_underground,,
ILAMAD25,La Madeleine,other,EasyWeatherPro_V5.1.6,50.659,3.07,23.0,2025-03-24 06:59:00,8.44,6.22,86.0,1018.63,0.0,0.0,NNW,337.0,0.0,0.0,0.0,weather_underground,,
ILAMAD25,La Madeleine,other,EasyWeatherPro_V5.1.6,50.659,3.07,23.0,2025-03-24 07:04:00,8.39,6.22,86.0,1018.63,0.0,0.0,NNW,337.0,0.0,0.0,0.0,weather_underground,,
ILAMAD25,La Madeleine,other,EasyWeatherPro_V5.1.6,50.659,3.07,23.0,2025-03-24 07:09:00,8.28,6.11,86.0,1018.63,0.0,0.0,NNW,337.0,0.0,0.0,0.0,weather_underground,,
ILAMAD25,La Madeleine,other,EasyWeatherPro_V5.1.6,50.659,3.07,23.0,2025-03-24 07:14:00,8.28,6.17,86.0,1018.63,0.0,0.0,NNW,337.0,0.0,0.0,0.0,weather_underground,,
ILAMAD25,La Madeleine,other,EasyWeatherPro_V5.1.6,50.659,3.07,23.0,2025-03-24 07:19:00,8.22,6.22,87.0,1018.63,0.0,0.0,NNW,337.0,0.0,0.0,0.0,weather_underground,,
ILAMAD25,La Madeleine,other,EasyWeatherPro_V5.1.6,50.659,3.07,23.0,2025-03-24 07:24:00,8.22,6.22,87.0,1018.63,0.0,0.0,,,0.0,0.0,0.0,weather_underground,,
ILAMAD25,La Madeleine,other,EasyWeatherPro_V5.1.6,50.659,3.07,23.0,2025-03-24 07:29:00,8.17,6.17,87.0,1018.63,0.0,0.0,NNW,337.0,0.0,0.1,0.0,weather_underground,,
ILAMAD25,La Madeleine,other,EasyWeatherPro_V5.1.6,50.659,3.07,23.0,2025-03-24 07:34:00,8.11,6.17,88.0,1018.63,0.0,0.0,NNW,337.0,0.0,0.2,0.0,weather_underground,,
ILAMAD25,La Madeleine,other,EasyWeatherPro_V5.1.6,50.659,3.07,23.0,2025-03-24 07:39:00,8.11,6.22,88.0,1018.96,0.0,0.0,NNW,337.0,0.0,0.3,0.0,weather_underground,,
ILAMAD25,La Madeleine,other,EasyWeatherPro_V5.1.6,50.659,3.07,23.0,2025-03-24 07:44:00,8.11,6.22,88.0,1018.96,0.0,0.0,NNW,337.0,0.0,0.7,0.0,weather_underground,,
ILAMAD25,La Madeleine,other,EasyWeatherPro_V5.1.6,50.659,3.07,23.0,2025-03-24 07:49:00,8.0,6.11,88.0,1018.96,0.16,2.57,NNW,337.0,0.0,1.2,0.0,weather_underground,,
ILAMAD25,La Madeleine,other,EasyWeatherPro_V5.1.6,50.659,3.07,23.0,2025-03-24 07:54:00,8.0,6.11,88.0,1018.96,0.0,0.0,NNW,337.0,0.0,2.0,0.0,weather_underground,,
ILAMAD25,La Madeleine,other,EasyWeatherPro_V5.1.6,50.659,3.07,23.0,2025-03-24 07:59:00,8.0,6.11,88.0,1018.96,0.0,0.0,NNW,337.0,0.0,2.9,0.0,weather_underground,,
ILAMAD25,La Madeleine,other,EasyWeatherPro_V5.1.6,50.659,3.07,23.0,2025-03-24 08:04:00,8.0,6.11,88.0,1018.96,0.0,0.32,NW,315.0,0.0,4.1,0.0,weather_underground,,
ILAMAD25,La Madeleine,other,EasyWeatherPro_V5.1.6,50.659,3.07,23.0,2025-03-24 08:09:00,8.0,6.11,88.0,1018.96,0.0,2.9,North,,0.0,5.5,0.0,weather_underground,,
ILAMAD25,La Madeleine,other,EasyWeatherPro_V5.1.6,50.659,3.07,23.0,2025-03-24 08:14:00,8.0,6.11,88.0,1018.96,0.0,1.45,NNW,337.0,0.0,7.0,0.0,weather_underground,,
ILAMAD25,La Madeleine,other,EasyWeatherPro_V5.1.6,50.659,3.07,23.0,2025-03-24 08:19:00,8.0,6.06,88.0,1018.96,0.0,0.64,NNW,337.0,0.0,8.5,0.0,weather_underground,,
ILAMAD25,La Madeleine,other,EasyWeatherPro_V5.1.6,50.659,3.07,23.0,2025-03-24 08:24:00,8.11,6.11,87.0,1018.96,0.0,0.0,NNW,337.0,0.0,10.0,0.0,weather_underground,,
ILAMAD25,La Madeleine,other,EasyWeatherPro_V5.1.6,50.659,3.07,23.0,2025-03-24 08:29:00,8.11,6.11,87.0,1018.96,0.0,1.77,North,,0.0,11.7,0.0,weather_underground,,
ILAMAD25,La Madeleine,other,EasyWeatherPro_V5.1.6,50.659,3.07,23.0,2025-03-24 08:34:00,8.17,6.17,87.0,1019.3,0.0,1.93,NNW,337.0,0.0,13.3,0.0,weather_underground,,
ILAMAD25,La Madeleine,other,EasyWeatherPro_V5.1.6,50.659,3.07,23.0,2025-03-24 08:39:00,8.22,6.06,86.0,1019.3,0.0,0.0,NNW,337.0,0.0,14.9,0.0,weather_underground,,
ILAMAD25,La Madeleine,other,EasyWeatherPro_V5.1.6,50.659,3.07,23.0,2025-03-24 08:44:00,8.28,6.06,86.0,1019.3,0.0,0.0,NW,315.0,0.0,16.2,0.0,weather_underground,,
ILAMAD25,La Madeleine,other,EasyWeatherPro_V5.1.6,50.659,3.07,23.0,2025-03-24 08:49:00,8.28,5.89,85.0,1019.3,0.0,0.0,NNW,337.0,0.0,17.4,0.0,weather_underground,,
ILAMAD25,La Madeleine,other,EasyWeatherPro_V5.1.6,50.659,3.07,23.0,2025-03-24 08:54:00,8.39,5.89,85.0,1019.64,0.32,2.74,NNW,337.0,0.0,18.7,0.0,weather_underground,,
ILAMAD25,La Madeleine,other,EasyWeatherPro_V5.1.6,50.659,3.07,23.0,2025-03-24 08:59:00,8.5,5.89,84.0,1019.64,0.0,1.61,NNW,337.0,0.0,19.9,0.0,weather_underground,,
ILAMAD25,La Madeleine,other,EasyWeatherPro_V5.1.6,50.659,3.07,23.0,2025-03-24 09:04:00,8.61,6.0,84.0,1019.64,0.0,3.54,,,0.0,21.9,0.0,weather_underground,,
ILAMAD25,La Madeleine,other,EasyWeatherPro_V5.1.6,50.659,3.07,23.0,2025-03-24 09:09:00,8.72,6.0,83.0,1019.98,0.0,0.32,NNW,337.0,0.0,25.0,0.0,weather_underground,,
ILAMAD25,La Madeleine,other,EasyWeatherPro_V5.1.6,50.659,3.07,23.0,2025-03-24 09:14:00,8.83,5.94,82.0,1019.98,0.0,0.0,NNW,337.0,0.0,22.6,0.0,weather_underground,,
ILAMAD25,La Madeleine,other,EasyWeatherPro_V5.1.6,50.659,3.07,23.0,2025-03-24 09:19:00,9.0,6.11,82.0,1019.98,0.0,0.97,NNW,337.0,0.0,24.6,0.0,weather_underground,,
ILAMAD25,La Madeleine,other,EasyWeatherPro_V5.1.6,50.659,3.07,23.0,2025-03-24 09:24:00,9.17,6.06,81.0,1019.98,0.0,3.22,NNW,337.0,0.0,24.4,0.0,weather_underground,,
ILAMAD25,La Madeleine,other,EasyWeatherPro_V5.1.6,50.659,3.07,23.0,2025-03-24 09:29:00,9.22,6.06,81.0,1019.98,0.0,1.77,NNW,337.0,0.0,25.8,0.0,weather_underground,,
ILAMAD25,La Madeleine,other,EasyWeatherPro_V5.1.6,50.659,3.07,23.0,2025-03-24 09:34:00,9.28,6.0,80.0,1020.32,0.32,4.51,NW,315.0,0.0,26.7,0.0,weather_underground,,
ILAMAD25,La Madeleine,other,EasyWeatherPro_V5.1.6,50.659,3.07,23.0,2025-03-24 09:39:00,9.39,6.06,80.0,1020.32,0.16,1.61,NNW,337.0,0.0,26.1,0.0,weather_underground,,
ILAMAD25,La Madeleine,other,EasyWeatherPro_V5.1.6,50.659,3.07,23.0,2025-03-24 09:44:00,9.5,6.06,79.0,1020.32,0.16,2.74,NNW,337.0,0.0,27.5,0.0,weather_underground,,
ILAMAD25,La Madeleine,other,EasyWeatherPro_V5.1.6,50.659,3.07,23.0,2025-03-24 09:49:00,9.67,6.17,79.0,1020.32,0.16,2.25,NNW,337.0,0.0,27.9,0.0,weather_underground,,
ILAMAD25,La Madeleine,other,EasyWeatherPro_V5.1.6,50.659,3.07,23.0,2025-03-24 09:54:00,9.78,6.22,79.0,1020.32,0.0,0.0,NNW,337.0,0.0,27.8,0.0,weather_underground,,
ILAMAD25,La Madeleine,other,EasyWeatherPro_V5.1.6,50.659,3.07,23.0,2025-03-24 09:59:00,9.89,6.11,77.0,1020.32,0.0,2.09,NNW,337.0,0.0,27.3,0.0,weather_underground,,
ILAMAD25,La Madeleine,other,EasyWeatherPro_V5.1.6,50.659,3.07,23.0,2025-03-24 10:04:00,10.06,6.17,77.0,1020.32,0.16,1.93,North,,0.0,27.7,0.0,weather_underground,,
ILAMAD25,La Madeleine,other,EasyWeatherPro_V5.1.6,50.659,3.07,23.0,2025-03-24 10:09:00,10.11,6.06,76.0,1020.66,1.29,7.08,NNW,337.0,0.0,27.6,0.0,weather_underground,,
ILAMAD25,La Madeleine,other,EasyWeatherPro_V5.1.6,50.659,3.07,23.0,2025-03-24 10:14:00,10.22,6.17,76.0,1020.66,0.16,3.86,,,0.0,27.8,0.0,weather_underground,,
ILAMAD25,La Madeleine,other,EasyWeatherPro_V5.1.6,50.659,3.07,23.0,2025-03-24 10:19:00,10.39,6.22,75.0,1020.66,0.0,0.0,NNW,337.0,0.0,27.7,0.0,weather_underground,,
ILAMAD25,La Madeleine,other,EasyWeatherPro_V5.1.6,50.659,3.07,23.0,2025-03-24 10:24:00,10.44,6.17,74.0,1020.66,0.48,4.18,NNW,337.0,0.0,29.5,0.0,weather_underground,,
ILAMAD25,La Madeleine,other,EasyWeatherPro_V5.1.6,50.659,3.07,23.0,2025-03-24 10:29:00,10.5,6.22,75.0,1020.66,0.0,1.61,NNW,337.0,0.0,28.1,0.0,weather_underground,,
ILAMAD25,La Madeleine,other,EasyWeatherPro_V5.1.6,50.659,3.07,23.0,2025-03-24 10:34:00,10.61,6.22,74.0,1020.66,1.45,6.76,NNW,337.0,0.0,28.0,0.0,weather_underground,,
ILAMAD25,La Madeleine,other,EasyWeatherPro_V5.1.6,50.659,3.07,23.0,2025-03-24 10:39:00,10.61,6.22,74.0,1020.66,0.64,6.12,NNW,337.0,0.0,28.1,0.0,weather_underground,,
ILAMAD25,La Madeleine,other,EasyWeatherPro_V5.1.6,50.659,3.07,23.0,2025-03-24 10:44:00,10.72,6.22,74.0,1020.66,0.32,5.47,NW,315.0,0.0,27.9,0.0,weather_underground,,
ILAMAD25,La Madeleine,other,EasyWeatherPro_V5.1.6,50.659,3.07,23.0,2025-03-24 10:49:00,10.78,6.28,73.0,1020.66,0.0,2.74,,,0.0,27.8,0.0,weather_underground,,
ILAMAD25,La Madeleine,other,EasyWeatherPro_V5.1.6,50.659,3.07,23.0,2025-03-24 10:54:00,10.89,6.28,73.0,1020.66,0.16,3.86,NNW,337.0,0.0,27.6,0.0,weather_underground,,
ILAMAD25,La Madeleine,other,EasyWeatherPro_V5.1.6,50.659,3.07,23.0,2025-03-24 10:59:00,10.94,6.22,73.0,1020.66,0.32,4.83,NNW,337.0,0.0,27.5,0.0,weather_underground,,
ILAMAD25,La Madeleine,other,EasyWeatherPro_V5.1.6,50.659,3.07,23.0,2025-03-24 11:04:00,11.06,6.22,72.0,1020.66,0.48,4.51,NNW,337.0,0.0,27.4,0.0,weather_underground,,
ILAMAD25,La Madeleine,other,EasyWeatherPro_V5.1.6,50.659,3.07,23.0,2025-03-24 11:09:00,11.11,6.11,71.0,1020.66,0.32,4.83,NNW,337.0,0.0,27.3,0.0,weather_underground,,
ILAMAD25,La Madeleine,other,EasyWeatherPro_V5.1.6,50.659,3.07,23.0,2025-03-24 11:14:00,11.22,6.17,71.0,1020.66,0.48,2.09,NW,315.0,0.0,27.4,0.0,weather_underground,,
ILAMAD25,La Madeleine,other,EasyWeatherPro_V5.1.6,50.659,3.07,23.0,2025-03-24 11:19:00,11.33,6.22,71.0,1020.66,0.16,3.54,NNW,337.0,0.0,27.6,0.0,weather_underground,,
ILAMAD25,La Madeleine,other,EasyWeatherPro_V5.1.6,50.659,3.07,23.0,2025-03-24 11:24:00,11.61,6.44,71.0,1020.66,0.0,0.0,NNW,337.0,0.0,27.2,0.0,weather_underground,,
ILAMAD25,La Madeleine,other,EasyWeatherPro_V5.1.6,50.659,3.07,23.0,2025-03-24 11:29:00,11.78,6.28,69.0,1020.66,0.0,2.09,NNW,337.0,0.0,27.1,0.0,weather_underground,,
ILAMAD25,La Madeleine,other,EasyWeatherPro_V5.1.6,50.659,3.07,23.0,2025-03-24 11:34:00,11.89,6.5,69.0,1020.66,0.0,0.0,NNW,337.0,0.0,27.2,0.0,weather_underground,,
ILAMAD25,La Madeleine,other,EasyWeatherPro_V5.1.6,50.659,3.07,23.0,2025-03-24 11:39:00,12.17,6.33,68.0,1020.66,0.64,4.18,NNW,337.0,0.0,27.4,0.0,weather_underground,,
ILAMAD25,La Madeleine,other,EasyWeatherPro_V5.1.6,50.659,3.07,23.0,2025-03-24 11:44:00,12.28,6.11,66.0,1020.66,0.32,2.57,NNW,337.0,0.0,26.9,0.0,weather_underground,,
ILAMAD25,La Madeleine,other,EasyWeatherPro_V5.1.6,50.659,3.07,23.0,2025-03-24 11:49:00,12.28,6.0,65.0,1020.66,0.64,4.83,NW,315.0,0.0,27.2,0.0,weather_underground,,
ILAMAD25,La Madeleine,other,EasyWeatherPro_V5.1.6,50.659,3.07,23.0,2025-03-24 11:54:00,12.44,6.11,65.0,1021.0,0.48,4.18,NNW,337.0,0.0,28.9,0.0,weather_underground,,
ILAMAD25,La Madeleine,other,EasyWeatherPro_V5.1.6,50.659,3.07,23.0,2025-03-24 11:59:00,12.72,6.33,65.0,1020.66,0.64,3.54,NNW,337.0,0.0,31.1,0.0,weather_underground,,
ILAMAD25,La Madeleine,other,EasyWeatherPro_V5.1.6,50.659,3.07,23.0,2025-03-24 12:04:00,12.89,6.22,64.0,1020.66,0.48,4.83,NNW,337.0,0.0,47.1,0.0,weather_underground,,
ILAMAD25,La Madeleine,other,EasyWeatherPro_V5.1.6,50.659,3.07,23.0,2025-03-24 12:09:00,13.17,6.06,62.0,1020.66,0.97,7.56,NNW,337.0,0.0,43.4,0.0,weather_underground,,
ILAMAD25,La Madeleine,other,EasyWeatherPro_V5.1.6,50.659,3.07,23.0,2025-03-24 12:14:00,13.28,6.28,62.0,1021.0,0.64,5.15,NNW,337.0,0.0,27.9,0.0,weather_underground,,
ILAMAD25,La Madeleine,other,EasyWeatherPro_V5.1.6,50.659,3.07,23.0,2025-03-24 12:19:00,13.33,6.28,62.0,1020.66,0.0,1.77,NNW,337.0,0.0,27.6,0.0,weather_underground,,
ILAMAD25,La Madeleine,other,EasyWeatherPro_V5.1.6,50.659,3.07,23.0,2025-03-24 12:24:00,13.44,6.17,61.0,1020.66,1.13,5.47,NNW,337.0,0.0,28.0,0.0,weather_underground,,
ILAMAD25,La Madeleine,other,EasyWeatherPro_V5.1.6,50.659,3.07,23.0,2025-03-24 12:29:00,13.67,6.28,61.0,1020.66,0.32,4.18,NNW,337.0,0.0,27.7,0.0,weather_underground,,
ILAMAD25,La Madeleine,other,EasyWeatherPro_V5.1.6,50.659,3.07,23.0,2025-03-24 12:34:00,13.78,5.78,58.0,1021.0,0.8,5.47,NNW,337.0,0.0,33.8,0.0,weather_underground,,
ILAMAD25,La Madeleine,other,EasyWeatherPro_V5.1.6,50.659,3.07,23.0,2025-03-24 12:39:00,13.83,6.06,59.0,1020.66,0.64,5.47,NNW,337.0,0.0,33.0,0.0,weather_underground,,
ILAMAD25,La Madeleine,other,EasyWeatherPro_V5.1.6,50.659,3.07,23.0,2025-03-24 12:44:00,14.0,6.17,59.0,1020.66,0.64,5.47,,,0.0,30.9,0.0,weather_underground,,
ILAMAD25,La Madeleine,other,EasyWeatherPro_V5.1.6,50.659,3.07,23.0,2025-03-24 12:49:00,14.17,5.94,58.0,1020.66,0.16,5.47,NNW,337.0,0.0,29.1,0.0,weather_underground,,
ILAMAD25,La Madeleine,other,EasyWeatherPro_V5.1.6,50.659,3.07,23.0,2025-03-24 12:54:00,14.28,5.83,57.0,1020.66,0.32,3.86,NNW,337.0,0.0,29.9,0.0,weather_underground,,
ILAMAD25,La Madeleine,other,EasyWeatherPro_V5.1.6,50.659,3.07,23.0,2025-03-24 12:59:00,14.44,6.17,57.0,1020.66,0.16,0.97,NNW,337.0,0.0,30.7,0.0,weather_underground,,
ILAMAD25,La Madeleine,other,EasyWeatherPro_V5.1.6,50.659,3.07,23.0,2025-03-24 13:04:00,14.44,5.61,55.0,1020.66,1.13,7.4,NNW,337.0,0.0,35.3,0.0,weather_underground,,
ILAMAD25,La Madeleine,other,EasyWeatherPro_V5.1.6,50.659,3.07,23.0,2025-03-24 13:09:00,14.56,6.11,57.0,1020.66,0.16,2.57,NNW,337.0,0.0,42.0,0.0,weather_underground,,
ILAMAD25,La Madeleine,other,EasyWeatherPro_V5.1.6,50.659,3.07,23.0,2025-03-24 13:14:00,14.83,5.33,53.0,1020.32,1.93,9.82,NW,315.0,0.0,40.3,0.0,weather_underground,,
ILAMAD25,La Madeleine,other,EasyWeatherPro_V5.1.6,50.659,3.07,23.0,2025-03-24 13:19:00,14.89,5.11,52.0,1020.66,1.13,6.12,NNW,337.0,0.0,32.7,0.0,weather_underground,,
ILAMAD25,La Madeleine,other,EasyWeatherPro_V5.1.6,50.659,3.07,23.0,2025-03-24 13:24:00,15.44,5.89,53.0,1020.32,0.0,3.38,NNW,337.0,0.0,33.1,0.0,weather_underground,,
ILAMAD25,La Madeleine,other,EasyWeatherPro_V5.1.6,50.659,3.07,23.0,2025-03-24 13:29:00,15.78,6.72,55.0,1020.32,0.16,3.86,NNW,337.0,0.0,35.0,0.0,weather_underground,,
ILAMAD25,La Madeleine,other,EasyWeatherPro_V5.1.6,50.659,3.07,23.0,2025-03-24 13:34:00,15.89,7.11,56.0,1020.66,0.16,1.93,NNW,337.0,0.0,36.5,0.0,weather_underground,,
ILAMAD25,La Madeleine,other,EasyWeatherPro_V5.1.6,50.659,3.07,23.0,2025-03-24 13:39:00,15.06,5.89,54.0,1020.66,0.48,3.86,NW,315.0,0.0,400.3,3.0,weather_underground,,
ILAMAD25,La Madeleine,other,EasyWeatherPro_V5.1.6,50.659,3.07,23.0,2025-03-24 13:44:00,14.61,5.61,55.0,1020.32,0.64,4.18,NNW,337.0,0.0,401.3,3.0,weather_underground,,
ILAMAD25,La Madeleine,other,EasyWeatherPro_V5.1.6,50.659,3.07,23.0,2025-03-24 13:49:00,14.78,6.0,56.0,1020.32,0.48,5.15,NW,315.0,0.0,401.3,3.0,weather_underground,,
ILAMAD25,La Madeleine,other,EasyWeatherPro_V5.1.6,50.659,3.07,23.0,2025-03-24 13:54:00,15.0,6.11,55.0,1020.32,0.16,2.25,NNW,337.0,0.0,418.8,3.0,weather_underground,,
ILAMAD25,La Madeleine,other,EasyWeatherPro_V5.1.6,50.659,3.07,23.0,2025-03-24 13:59:00,15.17,5.83,54.0,1020.32,0.8,5.47,NNW,337.0,0.0,422.1,3.0,weather_underground,,
ILAMAD25,La Madeleine,other,EasyWeatherPro_V5.1.6,50.659,3.07,23.0,2025-03-24 14:04:00,15.44,5.72,52.0,1020.32,2.09,9.17,NNW,337.0,0.0,414.6,3.0,weather_underground,,
ILAMAD25,La Madeleine,other,EasyWeatherPro_V5.1.6,50.659,3.07,23.0,2025-03-24 14:09:00,15.39,5.39,51.0,1020.32,1.29,8.53,NNW,337.0,0.0,415.7,3.0,weather_underground,,
ILAMAD25,La Madeleine,other,EasyWeatherPro_V5.1.6,50.659,3.07,23.0,2025-03-24 14:14:00,15.78,5.83,52.0,1020.32,0.8,5.47,NNW,337.0,0.0,407.5,3.0,weather_underground,,
ILAMAD25,La Madeleine,other,EasyWeatherPro_V5.1.6,50.659,3.07,23.0,2025-03-24 14:19:00,15.72,5.67,51.0,1020.32,0.32,4.18,NNW,337.0,0.0,401.4,3.0,weather_underground,,
ILAMAD25,La Madeleine,other,EasyWeatherPro_V5.1.6,50.659,3.07,23.0,2025-03-24 14:24:00,15.61,4.94,49.0,1020.32,1.77,7.4,NNW,337.0,0.0,404.7,3.0,weather_underground,,
ILAMAD25,La Madeleine,other,EasyWeatherPro_V5.1.6,50.659,3.07,23.0,2025-03-24 14:29:00,16.0,5.56,50.0,1020.32,1.29,9.17,NNW,337.0,0.0,405.7,3.0,weather_underground,,
ILAMAD25,La Madeleine,other,EasyWeatherPro_V5.1.6,50.659,3.07,23.0,2025-03-24 14:34:00,14.83,5.11,52.0,1020.32,1.77,7.4,NNW,337.0,0.0,400.4,3.0,weather_underground,,
ILAMAD25,La Madeleine,other,EasyWeatherPro_V5.1.6,50.659,3.07,23.0,2025-03-24 14:39:00,15.44,5.67,52.0,1020.32,0.8,5.47,NNW,337.0,0.0,404.4,3.0,weather_underground,,
ILAMAD25,La Madeleine,other,EasyWeatherPro_V5.1.6,50.659,3.07,23.0,2025-03-24 14:44:00,15.22,5.56,53.0,1020.32,0.16,3.22,NNW,337.0,0.0,413.3,3.0,weather_underground,,
ILAMAD25,La Madeleine,other,EasyWeatherPro_V5.1.6,50.659,3.07,23.0,2025-03-24 14:49:00,15.0,5.72,54.0,1020.32,0.97,7.4,NW,315.0,0.0,408.2,3.0,weather_underground,,
ILAMAD25,La Madeleine,other,EasyWeatherPro_V5.1.6,50.659,3.07,23.0,2025-03-24 14:54:00,14.89,5.33,53.0,1020.32,0.32,5.15,NNW,337.0,0.0,410.1,3.0,weather_underground,,
ILAMAD25,La Madeleine,other,EasyWeatherPro_V5.1.6,50.659,3.07,23.0,2025-03-24 14:59:00,15.39,5.72,52.0,1020.32,0.16,3.22,NNW,337.0,0.0,401.5,3.0,weather_underground,,
ILAMAD25,La Madeleine,other,EasyWeatherPro_V5.1.6,50.659,3.07,23.0,2025-03-24 15:04:00,15.83,5.67,51.0,1020.32,0.97,6.44,NNW,337.0,0.0,406.2,3.0,weather_underground,,
ILAMAD25,La Madeleine,other,EasyWeatherPro_V5.1.6,50.659,3.07,23.0,2025-03-24 15:09:00,15.44,6.39,55.0,1020.32,0.48,5.79,NNW,337.0,0.0,379.3,2.0,weather_underground,,
ILAMAD25,La Madeleine,other,EasyWeatherPro_V5.1.6,50.659,3.07,23.0,2025-03-24 15:14:00,14.28,5.56,56.0,1020.32,0.0,1.93,NNW,337.0,0.0,372.1,2.0,weather_underground,,
ILAMAD25,La Madeleine,other,EasyWeatherPro_V5.1.6,50.659,3.07,23.0,2025-03-24 15:19:00,15.61,5.94,53.0,1020.32,0.48,3.54,NNW,337.0,0.0,378.7,2.0,weather_underground,,
ILAMAD25,La Madeleine,other,EasyWeatherPro_V5.1.6,50.659,3.07,23.0,2025-03-24 15:24:00,16.17,6.39,52.0,1020.32,0.64,5.47,NNW,337.0,0.0,394.0,3.0,weather_underground,,
ILAMAD25,La Madeleine,other,EasyWeatherPro_V5.1.6,50.659,3.07,23.0,2025-03-24 15:29:00,17.0,7.22,53.0,1020.32,0.32,3.22,NNW,337.0,0.0,172.4,1.0,weather_underground,,
ILAMAD25,La Madeleine,other,EasyWeatherPro_V5.1.6,50.659,3.07,23.0,2025-03-24 15:34:00,15.72,6.33,53.0,1020.32,0.97,5.15,NNW,337.0,0.0,371.5,2.0,weather_underground,,
ILAMAD25,La Madeleine,other,EasyWeatherPro_V5.1.6,50.659,3.07,23.0,2025-03-24 15:39:00,15.28,5.94,54.0,1020.32,0.48,3.86,NNW,337.0,0.0,336.7,2.0,weather_underground,,
ILAMAD25,La Madeleine,other,EasyWeatherPro_V5.1.6,50.659,3.07,23.0,2025-03-24 15:44:00,14.83,5.89,55.0,1020.32,0.0,1.77,NW,315.0,0.0,350.8,2.0,weather_underground,,
ILAMAD25,La Madeleine,other,EasyWeatherPro_V5.1.6,50.659,3.07,23.0,2025-03-24 15:49:00,15.5,5.83,53.0,1020.32,0.64,5.47,NNW,337.0,0.0,339.5,2.0,weather_underground,,
ILAMAD25,La Madeleine,other,EasyWeatherPro_V5.1.6,50.659,3.07,23.0,2025-03-24 15:54:00,16.17,6.28,52.0,1020.32,1.45,6.12,NNW,337.0,0.0,352.9,2.0,weather_underground,,
ILAMAD25,La Madeleine,other,EasyWeatherPro_V5.1.6,50.659,3.07,23.0,2025-03-24 15:59:00,15.94,6.06,52.0,1020.32,0.48,5.15,NNW,337.0,0.0,340.2,2.0,weather_underground,,
ILAMAD25,La Madeleine,other,EasyWeatherPro_V5.1.6,50.659,3.07,23.0,2025-03-24 16:04:00,16.28,6.28,51.0,1019.98,0.8,5.47,NNW,337.0,0.0,339.3,2.0,weather_underground,,
ILAMAD25,La Madeleine,other,EasyWeatherPro_V5.1.6,50.659,3.07,23.0,2025-03-24 16:09:00,16.22,6.44,52.0,1020.32,0.48,4.51,NNW,337.0,0.0,301.1,2.0,weather_underground,,
ILAMAD25,La Madeleine,other,EasyWeatherPro_V5.1.6,50.659,3.07,23.0,2025-03-24 16:14:00,15.33,5.83,53.0,1020.32,0.32,4.18,NNW,337.0,0.0,310.3,2.0,weather_underground,,
ILAMAD25,La Madeleine,other,EasyWeatherPro_V5.1.6,50.659,3.07,23.0,2025-03-24 16:19:00,16.06,6.61,54.0,1019.98,0.48,6.12,NNW,337.0,0.0,302.2,2.0,weather_underground,,
ILAMAD25,La Madeleine,other,EasyWeatherPro_V5.1.6,50.659,3.07,23.0,2025-03-24 16:24:00,16.0,6.72,54.0,1019.98,0.16,5.79,NNW,337.0,0.0,83.2,0.0,weather_underground,,
ILAMAD25,La Madeleine,other,EasyWeatherPro_V5.1.6,50.659,3.07,23.0,2025-03-24 16:29:00,15.56,6.72,56.0,1019.98,0.97,5.47,NNW,337.0,0.0,79.4,0.0,weather_underground,,
ILAMAD25,La Madeleine,other,EasyWeatherPro_V5.1.6,50.659,3.07,23.0,2025-03-24 16:34:00,14.89,6.22,56.0,1019.98,0.64,6.44,NNW,337.0,0.0,253.6,2.0,weather_underground,,
ILAMAD25,La Madeleine,other,EasyWeatherPro_V5.1.6,50.659,3.07,23.0,2025-03-24 16:39:00,14.89,6.39,57.0,1020.32,0.16,4.18,NNW,337.0,0.0,56.7,0.0,weather_underground,,
ILAMAD25,La Madeleine,other,EasyWeatherPro_V5.1.6,50.659,3.07,23.0,2025-03-24 16:44:00,14.39,6.0,57.0,1020.32,0.16,0.64,North,,0.0,247.1,2.0,weather_underground,,
ILAMAD25,La Madeleine,other,EasyWeatherPro_V5.1.6,50.659,3.07,23.0,2025-03-24 16:49:00,14.56,5.72,55.0,1019.98,0.48,4.83,NW,315.0,0.0,246.3,2.0,weather_underground,,
ILAMAD25,La Madeleine,other,EasyWeatherPro_V5.1.6,50.659,3.07,23.0,2025-03-24 16:54:00,15.33,6.61,56.0,1020.32,0.64,5.47,NNW,337.0,0.0,217.2,1.0,weather_underground,,
ILAMAD25,La Madeleine,other,EasyWeatherPro_V5.1.6,50.659,3.07,23.0,2025-03-24 16:59:00,15.11,7.0,58.0,1020.32,0.32,5.15,NNW,337.0,0.0,100.8,0.0,weather_underground,,
ILAMAD25,La Madeleine,other,EasyWeatherPro_V5.1.6,50.659,3.07,23.0,2025-03-24 17:04:00,14.67,6.94,60.0,1020.32,0.32,4.83,NNW,337.0,0.0,72.8,0.0,weather_underground,,
ILAMAD25,La Madeleine,other,EasyWeatherPro_V5.1.6,50.659,3.07,23.0,2025-03-24 17:09:00,14.28,6.72,60.0,1020.32,0.16,2.9,NNW,337.0,0.0,78.9,0.0,weather_underground,,
ILAMAD25,La Madeleine,other,EasyWeatherPro_V5.1.6,50.659,3.07,23.0,2025-03-24 17:14:00,14.06,6.83,62.0,1019.98,0.0,0.64,NNW,337.0,0.0,70.5,0.0,weather_underground,,
ILAMAD25,La Madeleine,other,EasyWeatherPro_V5.1.6,50.659,3.07,23.0,2025-03-24 17:19:00,13.89,6.78,62.0,1020.32,0.16,1.61,NNW,337.0,0.0,86.8,0.0,weather_underground,,
ILAMAD25,La Madeleine,other,EasyWeatherPro_V5.1.6,50.659,3.07,23.0,2025-03-24 17:24:00,14.17,6.94,62.0,1020.32,0.16,2.09,North,,0.0,75.6,0.0,weather_underground,,
ILAMAD25,La Madeleine,other,EasyWeatherPro_V5.1.6,50.659,3.07,23.0,2025-03-24 17:29:00,14.22,6.89,61.0,1020.32,0.16,2.9,NNW,337.0,0.0,50.4,0.0,weather_underground,,
ILAMAD25,La Madeleine,other,EasyWeatherPro_V5.1.6,50.659,3.07,23.0,2025-03-24 17:34:00,14.0,6.72,61.0,1020.32,0.32,2.57,NNW,337.0,0.0,38.2,0.0,weather_underground,,
ILAMAD25,La Madeleine,other,EasyWeatherPro_V5.1.6,50.659,3.07,23.0,2025-03-24 17:39:00,13.78,6.67,62.0,1020.32,0.16,2.74,NNW,337.0,0.0,51.0,0.0,weather_underground,,
ILAMAD25,La Madeleine,other,EasyWeatherPro_V5.1.6,50.659,3.07,23.0,2025-03-24 17:44:00,13.72,6.61,62.0,1020.32,0.16,4.18,NNW,337.0,0.0,55.4,0.0,weather_underground,,
ILAMAD25,La Madeleine,other,EasyWeatherPro_V5.1.6,50.659,3.07,23.0,2025-03-24 17:49:00,13.78,6.78,63.0,1020.32,0.16,4.51,,,0.0,52.3,0.0,weather_underground,,
ILAMAD25,La Madeleine,other,EasyWeatherPro_V5.1.6,50.659,3.07,23.0,2025-03-24 17:54:00,13.89,6.94,63.0,1020.32,0.16,1.93,NNW,337.0,0.0,50.3,0.0,weather_underground,,
ILAMAD25,La Madeleine,other,EasyWeatherPro_V5.1.6,50.659,3.07,23.0,2025-03-24 17:59:00,13.83,6.72,62.0,1020.32,0.8,5.79,NNW,337.0,0.0,32.5,0.0,weather_underground,,
ILAMAD25,La Madeleine,other,EasyWeatherPro_V5.1.6,50.659,3.07,23.0,2025-03-24 18:04:00,13.67,6.83,63.0,1020.32,0.0,1.93,NNW,337.0,0.0,48.7,0.0,weather_underground,,
ILAMAD25,La Madeleine,other,EasyWeatherPro_V5.1.6,50.659,3.07,23.0,2025-03-24 18:09:00,13.61,6.78,64.0,1020.32,0.0,0.0,NNW,337.0,0.0,48.7,0.0,weather_underground,,
ILAMAD25,La Madeleine,other,EasyWeatherPro_V5.1.6,50.659,3.07,23.0,2025-03-24 18:14:00,13.67,6.83,63.0,1020.66,0.16,2.41,,,0.0,32.9,0.0,weather_underground,,
ILAMAD25,La Madeleine,other,EasyWeatherPro_V5.1.6,50.659,3.07,23.0,2025-03-24 18:19:00,13.61,6.61,63.0,1020.66,0.0,1.61,,,0.0,22.3,0.0,weather_underground,,
ILAMAD25,La Madeleine,other,EasyWeatherPro_V5.1.6,50.659,3.07,23.0,2025-03-24 18:24:00,13.39,6.83,64.0,1020.66,0.0,0.0,,,0.0,21.0,0.0,weather_underground,,
ILAMAD25,La Madeleine,other,EasyWeatherPro_V5.1.6,50.659,3.07,23.0,2025-03-24 18:29:00,13.11,6.5,64.0,1020.66,0.16,1.77,NNW,337.0,0.0,19.1,0.0,weather_underground,,
ILAMAD25,La Madeleine,other,EasyWeatherPro_V5.1.6,50.659,3.07,23.0,2025-03-24 18:34:00,13.11,6.56,65.0,1020.66,0.0,0.64,NNW,337.0,0.0,19.3,0.0,weather_underground,,
ILAMAD25,La Madeleine,other,EasyWeatherPro_V5.1.6,50.659,3.07,23.0,2025-03-24 18:39:00,12.94,6.72,66.0,1020.66,0.16,1.45,NW,315.0,0.0,19.2,0.0,weather_underground,,
ILAMAD25,La Madeleine,other,EasyWeatherPro_V5.1.6,50.659,3.07,23.0,2025-03-24 18:44:00,13.0,6.72,66.0,1020.66,0.0,1.29,NNW,337.0,0.0,16.6,0.0,weather_underground,,
ILAMAD25,La Madeleine,other,EasyWeatherPro_V5.1.6,50.659,3.07,23.0,2025-03-24 18:49:00,12.89,6.83,67.0,1020.66,0.0,0.0,NNW,337.0,0.0,13.1,0.0,weather_underground,,
ILAMAD25,La Madeleine,other,EasyWeatherPro_V5.1.6,50.659,3.07,23.0,2025-03-24 18:54:00,12.78,6.78,67.0,1020.66,0.32,2.41,North,,0.0,11.8,0.0,weather_underground,,
ILAMAD25,La Madeleine,other,EasyWeatherPro_V5.1.6,50.659,3.07,23.0,2025-03-24 18:59:00,12.67,6.56,66.0,1020.66,0.32,3.22,NNW,337.0,0.0,9.9,0.0,weather_underground,,
ILAMAD25,La Madeleine,other,EasyWeatherPro_V5.1.6,50.659,3.07,23.0,2025-03-24 19:04:00,12.72,6.61,67.0,1020.66,0.0,2.9,NNW,337.0,0.0,7.7,0.0,weather_underground,,
ILAMAD25,La Madeleine,other,EasyWeatherPro_V5.1.6,50.659,3.07,23.0,2025-03-24 19:09:00,12.56,6.67,68.0,1020.66,0.0,0.0,NNW,337.0,0.0,6.0,0.0,weather_underground,,
ILAMAD25,La Madeleine,other,EasyWeatherPro_V5.1.6,50.659,3.07,23.0,2025-03-24 19:14:00,12.39,6.72,68.0,1020.66,0.0,0.0,NNW,337.0,0.0,4.5,0.0,weather_underground,,
ILAMAD25,La Madeleine,other,EasyWeatherPro_V5.1.6,50.659,3.07,23.0,2025-03-24 19:19:00,12.28,6.72,69.0,1021.0,0.0,0.0,NNW,337.0,0.0,3.2,0.0,weather_underground,,
ILAMAD25,La Madeleine,other,EasyWeatherPro_V5.1.6,50.659,3.07,23.0,2025-03-24 19:24:00,12.11,6.72,70.0,1021.0,0.0,0.0,NNW,337.0,0.0,2.2,0.0,weather_underground,,
ILAMAD25,La Madeleine,other,EasyWeatherPro_V5.1.6,50.659,3.07,23.0,2025-03-24 19:29:00,11.89,6.72,70.0,1021.0,0.0,0.0,NNW,337.0,0.0,1.3,0.0,weather_underground,,
ILAMAD25,La Madeleine,other,EasyWeatherPro_V5.1.6,50.659,3.07,23.0,2025-03-24 19:34:00,11.72,6.67,71.0,1021.0,0.0,0.0,NNW,337.0,0.0,0.7,0.0,weather_underground,,
ILAMAD25,La Madeleine,other,EasyWeatherPro_V5.1.6,50.659,3.07,23.0,2025-03-24 19:39:00,11.67,6.56,71.0,1021.0,0.0,0.0,NNW,337.0,0.0,0.4,0.0,weather_underground,,
ILAMAD25,La Madeleine,other,EasyWeatherPro_V5.1.6,50.659,3.07,23.0,2025-03-24 19:44:00,11.5,6.56,72.0,1021.0,0.0,0.0,NNW,337.0,0.0,0.2,0.0,weather_underground,,
ILAMAD25,La Madeleine,other,EasyWeatherPro_V5.1.6,50.659,3.07,23.0,2025-03-24 19:49:00,11.39,6.5,72.0,1021.0,0.0,0.0,NNW,337.0,0.0,0.1,0.0,weather_underground,,
ILAMAD25,La Madeleine,other,EasyWeatherPro_V5.1.6,50.659,3.07,23.0,2025-03-24 19:54:00,11.28,6.33,72.0,1021.0,0.0,0.0,NNW,337.0,0.0,0.0,0.0,weather_underground,,
ILAMAD25,La Madeleine,other,EasyWeatherPro_V5.1.6,50.659,3.07,23.0,2025-03-24 19:59:00,11.17,6.28,72.0,1021.0,0.0,0.0,NNW,337.0,0.0,0.0,0.0,weather_underground,,
ILAMAD25,La Madeleine,other,EasyWeatherPro_V5.1.6,50.659,3.07,23.0,2025-03-24 20:04:00,11.0,6.28,73.0,1021.0,0.0,0.0,NNW,337.0,0.0,0.0,0.0,weather_underground,,
ILAMAD25,La Madeleine,other,EasyWeatherPro_V5.1.6,50.659,3.07,23.0,2025-03-24 20:09:00,10.89,6.28,73.0,1021.34,0.0,0.0,NNW,337.0,0.0,0.0,0.0,weather_underground,,
ILAMAD25,La Madeleine,other,EasyWeatherPro_V5.1.6,50.659,3.07,23.0,2025-03-24 20:14:00,10.83,6.22,73.0,1021.34,0.0,0.0,NNW,337.0,0.0,0.0,0.0,weather_underground,,
ILAMAD25,La Madeleine,other,EasyWeatherPro_V5.1.6,50.659,3.07,23.0,2025-03-24 20:19:00,10.78,6.22,73.0,1021.34,0.0,0.0,NNW,337.0,0.0,0.0,0.0,weather_underground,,
ILAMAD25,La Madeleine,other,EasyWeatherPro_V5.1.6,50.659,3.07,23.0,2025-03-24 20:24:00,10.72,6.17,73.0,1021.34,0.0,0.0,NNW,337.0,0.0,0.0,0.0,weather_underground,,
ILAMAD25,La Madeleine,other,EasyWeatherPro_V5.1.6,50.659,3.07,23.0,2025-03-24 20:29:00,10.67,6.06,73.0,1021.34,0.0,0.0,NNW,337.0,0.0,0.0,0.0,weather_underground,,
ILAMAD25,La Madeleine,other,EasyWeatherPro_V5.1.6,50.659,3.07,23.0,2025-03-24 20:34:00,10.56,6.0,73.0,1021.34,0.0,0.0,NNW,337.0,0.0,0.0,0.0,weather_underground,,
ILAMAD25,La Madeleine,other,EasyWeatherPro_V5.1.6,50.659,3.07,23.0,2025-03-24 20:39:00,10.39,6.0,74.0,1021.34,0.0,0.0,NNW,337.0,0.0,0.0,0.0,weather_underground,,
ILAMAD25,La Madeleine,other,EasyWeatherPro_V5.1.6,50.659,3.07,23.0,2025-03-24 20:44:00,10.33,5.94,74.0,1021.34,0.0,0.0,NNW,337.0,0.0,0.0,0.0,weather_underground,,
ILAMAD25,La Madeleine,other,EasyWeatherPro_V5.1.6,50.659,3.07,23.0,2025-03-24 20:49:00,10.28,5.89,74.0,1021.67,0.0,0.0,NNW,337.0,0.0,0.0,0.0,weather_underground,,
ILAMAD25,La Madeleine,other,EasyWeatherPro_V5.1.6,50.659,3.07,23.0,2025-03-24 20:54:00,10.28,5.89,74.0,1021.34,0.0,0.0,NNW,337.0,0.0,0.0,0.0,weather_underground,,
ILAMAD25,La Madeleine,other,EasyWeatherPro_V5.1.6,50.659,3.07,23.0,2025-03-24 20:59:00,10.22,5.78,74.0,1021.67,0.0,0.0,NNW,337.0,0.0,0.0,0.0,weather_underground,,
ILAMAD25,La Madeleine,other,EasyWeatherPro_V5.1.6,50.659,3.07,23.0,2025-03-24 21:04:00,10.17,5.72,74.0,1021.34,0.0,0.0,NNW,337.0,0.0,0.0,0.0,weather_underground,,
ILAMAD25,La Madeleine,other,EasyWeatherPro_V5.1.6,50.659,3.07,23.0,2025-03-24 21:09:00,10.11,5.78,74.0,1021.34,0.0,0.0,NNW,337.0,0.0,0.0,0.0,weather_underground,,
ILAMAD25,La Madeleine,other,EasyWeatherPro_V5.1.6,50.659,3.07,23.0,2025-03-24 21:14:00,10.0,5.78,75.0,1021.34,0.0,0.0,NNW,337.0,0.0,0.0,0.0,weather_underground,,
ILAMAD25,La Madeleine,other,EasyWeatherPro_V5.1.6,50.659,3.07,23.0,2025-03-24 21:19:00,10.0,5.78,75.0,1021.34,0.0,0.0,NNW,337.0,0.0,0.0,0.0,weather_underground,,
ILAMAD25,La Madeleine,other,EasyWeatherPro_V5.1.6,50.659,3.07,23.0,2025-03-24 21:24:00,10.0,5.78,75.0,1021.34,0.0,0.0,NNW,337.0,0.0,0.0,0.0,weather_underground,,
ILAMAD25,La Madeleine,other,EasyWeatherPro_V5.1.6,50.659,3.07,23.0,2025-03-24 21:29:00,9.94,5.78,75.0,1021.34,0.0,0.0,NNW,337.0,0.0,0.0,0.0,weather_underground,,
ILAMAD25,La Madeleine,other,EasyWeatherPro_V5.1.6,50.659,3.07,23.0,2025-03-24 21:34:00,9.89,5.72,75.0,1021.34,0.0,0.0,NNW,337.0,0.0,0.0,0.0,weather_underground,,
ILAMAD25,La Madeleine,other,EasyWeatherPro_V5.1.6,50.659,3.07,23.0,2025-03-24 21:39:00,9.83,5.67,75.0,1021.34,0.0,0.0,NNW,337.0,0.0,0.0,0.0,weather_underground,,
ILAMAD25,La Madeleine,other,EasyWeatherPro_V5.1.6,50.659,3.07,23.0,2025-03-24 21:44:00,9.78,5.72,76.0,1021.34,0.0,0.0,NNW,337.0,0.0,0.0,0.0,weather_underground,,
ILAMAD25,La Madeleine,other,EasyWeatherPro_V5.1.6,50.659,3.07,23.0,2025-03-24 21:49:00,9.72,5.72,76.0,1021.34,0.0,0.0,NNW,337.0,0.0,0.0,0.0,weather_underground,,
ILAMAD25,La Madeleine,other,EasyWeatherPro_V5.1.6,50.659,3.07,23.0,2025-03-24 21:54:00,9.67,5.67,76.0,1021.34,0.0,0.0,NNW,337.0,0.0,0.0,0.0,weather_underground,,
ILAMAD25,La Madeleine,other,EasyWeatherPro_V5.1.6,50.659,3.07,23.0,2025-03-24 21:59:00,9.67,5.5,75.0,1021.67,0.0,0.0,NNW,337.0,0.0,0.0,0.0,weather_underground,,
ILAMAD25,La Madeleine,other,EasyWeatherPro_V5.1.6,50.659,3.07,23.0,2025-03-24 22:04:00,9.72,5.61,76.0,1021.67,0.0,0.0,NNW,337.0,0.0,0.0,0.0,weather_underground,,
ILAMAD25,La Madeleine,other,EasyWeatherPro_V5.1.6,50.659,3.07,23.0,2025-03-24 22:09:00,9.61,5.61,76.0,1021.67,0.0,0.0,NNW,337.0,0.0,0.0,0.0,weather_underground,,
ILAMAD25,La Madeleine,other,EasyWeatherPro_V5.1.6,50.659,3.07,23.0,2025-03-24 22:14:00,9.44,5.61,77.0,1021.67,0.0,0.0,NNW,337.0,0.0,0.0,0.0,weather_underground,,
ILAMAD25,La Madeleine,other,EasyWeatherPro_V5.1.6,50.659,3.07,23.0,2025-03-24 22:19:00,9.33,5.56,77.0,1021.67,0.0,0.0,NNW,337.0,0.0,0.0,0.0,weather_underground,,
ILAMAD25,La Madeleine,other,EasyWeatherPro_V5.1.6,50.659,3.07,23.0,2025-03-24 22:24:00,9.22,5.5,77.0,1021.67,0.0,0.0,NNW,337.0,0.0,0.0,0.0,weather_underground,,
ILAMAD25,La Madeleine,other,EasyWeatherPro_V5.1.6,50.659,3.07,23.0,2025-03-24 22:29:00,9.22,5.61,78.0,1021.67,0.0,0.0,NNW,337.0,0.0,0.0,0.0,weather_underground,,
ILAMAD25,La Madeleine,other,EasyWeatherPro_V5.1.6,50.659,3.07,23.0,2025-03-24 22:34:00,9.11,5.5,78.0,1021.67,0.0,0.0,NNW,337.0,0.0,0.0,0.0,weather_underground,,
ILAMAD25,La Madeleine,other,EasyWeatherPro_V5.1.6,50.659,3.07,23.0,2025-03-24 22:39:00,9.0,5.56,79.0,1021.67,0.0,0.0,NNW,337.0,0.0,0.0,0.0,weather_underground,,
ILAMAD25,La Madeleine,other,EasyWeatherPro_V5.1.6,50.659,3.07,23.0,2025-03-24 22:44:00,8.89,5.5,79.0,1021.67,0.0,0.0,NNW,337.0,0.0,0.0,0.0,weather_underground,,
ILAMAD25,La Madeleine,other,EasyWeatherPro_V5.1.6,50.659,3.07,23.0,2025-03-24 22:49:00,8.83,5.44,79.0,1021.67,0.0,0.0,NNW,337.0,0.0,0.0,0.0,weather_underground,,
ILAMAD25,La Madeleine,other,EasyWeatherPro_V5.1.6,50.659,3.07,23.0,2025-03-24 22:54:00,8.72,5.33,79.0,1021.67,0.0,0.0,NNW,337.0,0.0,0.0,0.0,weather_underground,,
ILAMAD25,La Madeleine,other,EasyWeatherPro_V5.1.6,50.659,3.07,23.0,2025-03-24 22:59:00,8.67,5.28,80.0,1021.67,0.0,0.0,NNW,337.0,0.0,0.0,0.0,weather_underground,,
ILAMAD25,La Madeleine,other,EasyWeatherPro_V5.1.6,50.659,3.07,23.0,2025-03-24 23:04:00,8.56,5.22,80.0,1021.67,0.0,0.0,NNW,337.0,0.0,0.0,0.0,weather_underground,,
ILAMAD25,La Madeleine,other,EasyWeatherPro_V5.1.6,50.659,3.07,23.0,2025-03-24 23:09:00,8.5,5.33,81.0,1021.67,0.0,0.0,NNW,337.0,0.0,0.0,0.0,weather_underground,,
ILAMAD25,La Madeleine,other,EasyWeatherPro_V5.1.6,50.659,3.07,23.0,2025-03-24 23:14:00,8.5,5.28,80.0,1021.67,0.0,0.0,NNW,337.0,0.0,0.0,0.0,weather_underground,,
ILAMAD25,La Madeleine,other,EasyWeatherPro_V5.1.6,50.659,3.07,23.0,2025-03-24 23:19:00,8.44,5.17,80.0,1021.67,0.0,0.0,NNW,337.0,0.0,0.0,0.0,weather_underground,,
ILAMAD25,La Madeleine,other,EasyWeatherPro_V5.1.6,50.659,3.07,23.0,2025-03-24 23:24:00,8.28,5.11,81.0,1021.67,0.0,0.0,NNW,337.0,0.0,0.0,0.0,weather_underground,,
ILAMAD25,La Madeleine,other,EasyWeatherPro_V5.1.6,50.659,3.07,23.0,2025-03-24 23:29:00,8.17,5.06,81.0,1021.67,0.0,0.0,NNW,337.0,0.0,0.0,0.0,weather_underground,,
ILAMAD25,La Madeleine,other,EasyWeatherPro_V5.1.6,50.659,3.07,23.0,2025-03-24 23:34:00,8.06,5.0,81.0,1022.01,0.0,0.0,NNW,337.0,0.0,0.0,0.0,weather_underground,,
ILAMAD25,La Madeleine,other,EasyWeatherPro_V5.1.6,50.659,3.07,23.0,2025-03-24 23:39:00,8.0,5.11,82.0,1022.01,0.0,0.0,NNW,337.0,0.0,0.0,0.0,weather_underground,,
ILAMAD25,La Madeleine,other,EasyWeatherPro_V5.1.6,50.659,3.07,23.0,2025-03-24 23:44:00,7.94,5.06,82.0,1022.01,0.0,0.0,NNW,337.0,0.0,0.0,0.0,weather_underground,,
ILAMAD25,La Madeleine,other,EasyWeatherPro_V5.1.6,50.659,3.07,23.0,2025-03-24 23:49:00,7.89,5.11,83.0,1021.67,0.0,0.0,NNW,337.0,0.0,0.0,0.0,weather_underground,,
ILAMAD25,La Madeleine,other,EasyWeatherPro_V5.1.6,50.659,3.07,23.0,2025-03-24 23:54:00,7.89,5.06,82.0,1022.01,0.0,0.0,NNW,337.0,0.0,0.0,0.0,weather_underground,,
ILAMAD25,La Madeleine,other,EasyWeatherPro_V5.1.6,50.659,3.07,23.0,2025-03-24 23:59:00,7.89,5.0,82.0,1022.01,0.0,0.0,NNW,337.0,0.0,0.0,0.0,weather_underground,,
ILAMAD25,La Madeleine,other,EasyWeatherPro_V5.1.6,50.659,3.07,23.0,,,,,,,,,,,,,weather_underground,,
ILAMAD25,La Madeleine,other,EasyWeatherPro_V5.1.6,50.659,3.07,23.0,2025-03-24 00:04:00,8.0,5.11,82.0,1021.67,0.0,0.0,NNW,337.0,0.0,0.0,0.0,weather_underground,,
ILAMAD25,La Madeleine,other,EasyWeatherPro_V5.1.6,50.659,3.07,23.0,2025-03-24 00:09:00,7.89,5.0,82.0,1022.01,0.0,0.0,NNW,337.0,0.0,0.0,0.0,weather_underground,,
ILAMAD25,La Madeleine,other,EasyWeatherPro_V5.1.6,50.659,3.07,23.0,2025-03-24 00:14:00,7.78,4.89,82.0,1022.01,0.0,0.0,NNW,337.0,0.0,0.0,0.0,weather_underground,,
ILAMAD25,La Madeleine,other,EasyWeatherPro_V5.1.6,50.659,3.07,23.0,2025-03-24 00:19:00,7.72,5.0,83.0,1022.01,0.0,0.0,NNW,337.0,0.0,0.0,0.0,weather_underground,,
ILAMAD25,La Madeleine,other,EasyWeatherPro_V5.1.6,50.659,3.07,23.0,2025-03-24 00:24:00,7.67,4.94,83.0,1022.01,0.0,0.0,NNW,337.0,0.0,0.0,0.0,weather_underground,,
ILAMAD25,La Madeleine,other,EasyWeatherPro_V5.1.6,50.659,3.07,23.0,2025-03-24 00:29:00,7.61,4.89,83.0,1022.01,0.0,0.0,NNW,337.0,0.0,0.0,0.0,weather_underground,,
ILAMAD25,La Madeleine,other,EasyWeatherPro_V5.1.6,50.659,3.07,23.0,2025-03-24 00:34:00,7.5,5.0,84.0,1021.67,0.0,0.0,NNW,337.0,0.0,0.0,0.0,weather_underground,,
ILAMAD25,La Madeleine,other,EasyWeatherPro_V5.1.6,50.659,3.07,23.0,2025-03-24 00:39:00,7.56,5.0,84.0,1021.67,0.0,0.0,NNW,337.0,0.0,0.0,0.0,weather_underground,,
ILAMAD25,La Madeleine,other,EasyWeatherPro_V5.1.6,50.659,3.07,23.0,2025-03-24 00:44:00,7.78,5.06,83.0,1022.01,0.0,0.0,NNW,337.0,0.0,0.0,0.0,weather_underground,,
ILAMAD25,La Madeleine,other,EasyWeatherPro_V5.1.6,50.659,3.07,23.0,2025-03-24 00:49:00,7.78,5.11,83.0,1022.01,0.0,0.0,NNW,337.0,0.0,0.0,0.0,weather_underground,,
ILAMAD25,La Madeleine,other,EasyWeatherPro_V5.1.6,50.659,3.07,23.0,2025-03-24 00:54:00,7.67,5.0,83.0,1022.01,0.0,0.0,NNW,337.0,0.0,0.0,0.0,weather_underground,,
ILAMAD25,La Madeleine,other,EasyWeatherPro_V5.1.6,50.659,3.07,23.0,2025-03-24 00:59:00,7.5,5.0,84.0,1021.67,0.0,0.0,NNW,337.0,0.0,0.0,0.0,weather_underground,,
ILAMAD25,La Madeleine,other,EasyWeatherPro_V5.1.6,50.659,3.07,23.0,2025-03-24 01:04:00,7.33,4.83,84.0,1021.67,0.0,0.0,NNW,337.0,0.0,0.0,0.0,weather_underground,,
ILAMAD25,La Madeleine,other,EasyWeatherPro_V5.1.6,50.659,3.07,23.0,2025-03-24 01:09:00,7.22,4.78,85.0,1022.01,0.0,0.0,NNW,337.0,0.0,0.0,0.0,weather_underground,,
ILAMAD25,La Madeleine,other,EasyWeatherPro_V5.1.6,50.659,3.07,23.0,2025-03-24 01:14:00,7.22,4.89,85.0,1022.01,0.0,0.0,NNW,337.0,0.0,0.0,0.0,weather_underground,,
ILAMAD25,La Madeleine,other,EasyWeatherPro_V5.1.6,50.659,3.07,23.0,2025-03-24 01:19:00,7.22,5.0,86.0,1022.01,0.0,0.0,NNW,337.0,0.0,0.0,0.0,weather_underground,,
ILAMAD25,La Madeleine,other,EasyWeatherPro_V5.1.6,50.659,3.07,23.0,2025-03-24 01:24:00,7.22,4.94,86.0,1022.01,0.0,0.0,NNW,337.0,0.0,0.0,0.0,weather_underground,,
ILAMAD25,La Madeleine,other,EasyWeatherPro_V5.1.6,50.659,3.07,23.0,2025-03-24 01:29:00,7.17,4.89,86.0,1022.01,0.0,0.0,NNW,337.0,0.0,0.0,0.0,weather_underground,,
ILAMAD25,La Madeleine,other,EasyWeatherPro_V5.1.6,50.659,3.07,23.0,2025-03-24 01:34:00,7.0,4.78,86.0,1021.67,0.0,0.0,NNW,337.0,0.0,0.0,0.0,weather_underground,,
ILAMAD25,La Madeleine,other,EasyWeatherPro_V5.1.6,50.659,3.07,23.0,2025-03-24 01:39:00,6.89,4.72,86.0,1021.67,0.0,0.0,NNW,337.0,0.0,0.0,0.0,weather_underground,,
ILAMAD25,La Madeleine,other,EasyWeatherPro_V5.1.6,50.659,3.07,23.0,2025-03-24 01:44:00,6.83,4.67,86.0,1021.67,0.0,0.0,NNW,337.0,0.0,0.0,0.0,weather_underground,,
ILAMAD25,La Madeleine,other,EasyWeatherPro_V5.1.6,50.659,3.07,23.0,2025-03-24 01:49:00,6.89,4.83,87.0,1021.67,0.0,0.0,NNW,337.0,0.0,0.0,0.0,weather_underground,,
ILAMAD25,La Madeleine,other,EasyWeatherPro_V5.1.6,50.659,3.07,23.0,2025-03-24 01:54:00,6.83,4.83,87.0,1022.01,0.0,0.0,NNW,337.0,0.0,0.0,0.0,weather_underground,,
ILAMAD25,La Madeleine,other,EasyWeatherPro_V5.1.6,50.659,3.07,23.0,2025-03-24 01:59:00,6.78,4.78,87.0,1021.67,0.0,0.0,NNW,337.0,0.0,0.0,0.0,weather_underground,,
ILAMAD25,La Madeleine,other,EasyWeatherPro_V5.1.6,50.659,3.07,23.0,2025-03-24 02:04:00,6.78,4.78,87.0,1021.67,0.0,0.0,NNW,337.0,0.0,0.0,0.0,weather_underground,,
ILAMAD25,La Madeleine,other,EasyWeatherPro_V5.1.6,50.659,3.07,23.0,2025-03-24 02:09:00,6.67,4.67,87.0,1021.67,0.0,0.0,NNW,337.0,0.0,0.0,0.0,weather_underground,,
ILAMAD25,La Madeleine,other,EasyWeatherPro_V5.1.6,50.659,3.07,23.0,2025-03-24 02:14:00,6.72,4.78,88.0,1021.67,0.0,0.0,NNW,337.0,0.0,0.0,0.0,weather_underground,,
ILAMAD25,La Madeleine,other,EasyWeatherPro_V5.1.6,50.659,3.07,23.0,2025-03-24 02:19:00,6.72,4.78,88.0,1022.01,0.0,0.0,NNW,337.0,0.0,0.0,0.0,weather_underground,,
ILAMAD25,La Madeleine,other,EasyWeatherPro_V5.1.6,50.659,3.07,23.0,2025-03-24 02:24:00,6.67,4.72,88.0,1022.01,0.0,0.0,NNW,337.0,0.0,0.0,0.0,weather_underground,,
ILAMAD25,La Madeleine,other,EasyWeatherPro_V5.1.6,50.659,3.07,23.0,2025-03-24 02:29:00,6.56,4.67,88.0,1021.67,0.0,0.0,NNW,337.0,0.0,0.0,0.0,weather_underground,,
ILAMAD25,La Madeleine,other,EasyWeatherPro_V5.1.6,50.659,3.07,23.0,2025-03-24 02:34:00,6.44,4.56,88.0,1022.01,0.0,0.0,NNW,337.0,0.0,0.0,0.0,weather_underground,,
ILAMAD25,La Madeleine,other,EasyWeatherPro_V5.1.6,50.659,3.07,23.0,2025-03-24 02:39:00,6.56,4.78,89.0,1021.67,0.0,0.0,NNW,337.0,0.0,0.0,0.0,weather_underground,,
ILAMAD25,La Madeleine,other,EasyWeatherPro_V5.1.6,50.659,3.07,23.0,2025-03-24 02:44:00,6.56,4.83,89.0,1021.67,0.0,0.0,NNW,337.0,0.0,0.0,0.0,weather_underground,,
ILAMAD25,La Madeleine,other,EasyWeatherPro_V5.1.6,50.659,3.07,23.0,2025-03-24 02:49:00,6.39,4.72,89.0,1021.67,0.0,0.0,NNW,337.0,0.0,0.0,0.0,weather_underground,,
ILAMAD25,La Madeleine,other,EasyWeatherPro_V5.1.6,50.659,3.07,23.0,2025-03-24 02:54:00,6.28,4.61,89.0,1021.67,0.0,0.0,NNW,337.0,0.0,0.0,0.0,weather_underground,,
ILAMAD25,La Madeleine,other,EasyWeatherPro_V5.1.6,50.659,3.07,23.0,2025-03-24 02:59:00,6.22,4.5,89.0,1021.67,0.0,0.0,NNW,337.0,0.0,0.0,0.0,weather_underground,,
ILAMAD25,La Madeleine,other,EasyWeatherPro_V5.1.6,50.659,3.07,23.0,2025-03-24 03:04:00,6.17,4.44,89.0,1021.67,0.0,0.0,NNW,337.0,0.0,0.0,0.0,weather_underground,,
ILAMAD25,La Madeleine,other,EasyWeatherPro_V5.1.6,50.659,3.07,23.0,2025-03-24 03:09:00,6.11,4.39,89.0,1021.67,0.0,0.0,NNW,337.0,0.0,0.0,0.0,weather_underground,,
ILAMAD25,La Madeleine,other,EasyWeatherPro_V5.1.6,50.659,3.07,23.0,2025-03-24 03:14:00,6.22,4.67,90.0,1021.67,0.0,0.0,NNW,337.0,0.0,0.0,0.0,weather_underground,,
ILAMAD25,La Madeleine,other,EasyWeatherPro_V5.1.6,50.659,3.07,23.0,2025-03-24 03:19:00,6.28,4.78,90.0,1021.67,0.0,0.0,NNW,337.0,0.0,0.0,0.0,weather_underground,,
ILAMAD25,La Madeleine,other,EasyWeatherPro_V5.1.6,50.659,3.07,23.0,2025-03-24 03:24:00,6.28,4.78,90.0,1021.67,0.0,0.0,NNW,337.0,0.0,0.0,0.0,weather_underground,,
ILAMAD25,La Madeleine,other,EasyWeatherPro_V5.1.6,50.659,3.07,23.0,2025-03-24 03:29:00,6.17,4.67,90.0,1021.67,0.0,0.0,NNW,337.0,0.0,0.0,0.0,weather_underground,,
ILAMAD25,La Madeleine,other,EasyWeatherPro_V5.1.6,50.659,3.07,23.0,2025-03-24 03:34:00,6.06,4.56,90.0,1021.67,0.0,0.0,NNW,337.0,0.0,0.0,0.0,weather_underground,,
ILAMAD25,La Madeleine,other,EasyWeatherPro_V5.1.6,50.659,3.07,23.0,2025-03-24 03:39:00,6.0,4.5,90.0,1021.67,0.0,0.0,NNW,337.0,0.0,0.0,0.0,weather_underground,,
ILAMAD25,La Madeleine,other,EasyWeatherPro_V5.1.6,50.659,3.07,23.0,2025-03-24 03:44:00,6.0,4.5,90.0,1021.67,0.0,0.0,NNW,337.0,0.0,0.0,0.0,weather_underground,,
ILAMAD25,La Madeleine,other,EasyWeatherPro_V5.1.6,50.659,3.07,23.0,2025-03-24 03:49:00,6.0,4.5,90.0,1021.34,0.0,0.0,NNW,337.0,0.0,0.0,0.0,weather_underground,,
ILAMAD25,La Madeleine,other,EasyWeatherPro_V5.1.6,50.659,3.07,23.0,2025-03-24 03:54:00,6.11,4.61,90.0,1021.34,0.0,0.0,NNW,337.0,0.0,0.0,0.0,weather_underground,,
ILAMAD25,La Madeleine,other,EasyWeatherPro_V5.1.6,50.659,3.07,23.0,2025-03-24 03:59:00,6.0,4.5,90.0,1021.34,0.0,0.0,NNW,337.0,0.0,0.0,0.0,weather_underground,,
ILAMAD25,La Madeleine,other,EasyWeatherPro_V5.1.6,50.659,3.07,23.0,2025-03-24 04:04:00,6.0,4.5,90.0,1021.67,0.0,0.0,NNW,337.0,0.0,0.0,0.0,weather_underground,,
ILAMAD25,La Madeleine,other,EasyWeatherPro_V5.1.6,50.659,3.07,23.0,2025-03-24 04:09:00,6.0,4.56,90.0,1021.34,0.0,0.0,NNW,337.0,0.0,0.0,0.0,weather_underground,,
ILAMAD25,La Madeleine,other,EasyWeatherPro_V5.1.6,50.659,3.07,23.0,2025-03-24 04:14:00,6.0,4.67,91.0,1021.34,0.0,0.0,NNW,337.0,0.0,0.0,0.0,weather_underground,,
ILAMAD25,La Madeleine,other,EasyWeatherPro_V5.1.6,50.659,3.07,23.0,2025-03-24 04:19:00,5.94,4.67,91.0,1021.34,0.0,0.0,NNW,337.0,0.0,0.0,0.0,weather_underground,,
ILAMAD25,La Madeleine,other,EasyWeatherPro_V5.1.6,50.659,3.07,23.0,2025-03-24 04:24:00,5.94,4.67,91.0,1021.34,0.0,0.0,NNW,337.0,0.0,0.0,0.0,weather_underground,,
ILAMAD25,La Madeleine,other,EasyWeatherPro_V5.1.6,50.659,3.07,23.0,2025-03-24 04:29:00,5.83,4.56,91.0,1021.34,0.0,0.0,NNW,337.0,0.0,0.0,0.0,weather_underground,,
ILAMAD25,La Madeleine,other,EasyWeatherPro_V5.1.6,50.659,3.07,23.0,2025-03-24 04:34:00,5.72,4.44,91.0,1021.34,0.0,0.0,NNW,337.0,0.0,0.0,0.0,weather_underground,,
ILAMAD25,La Madeleine,other,EasyWeatherPro_V5.1.6,50.659,3.07,23.0,2025-03-24 04:39:00,5.67,4.33,91.0,1021.34,0.0,0.0,NNW,337.0,0.0,0.0,0.0,weather_underground,,
ILAMAD25,La Madeleine,other,EasyWeatherPro_V5.1.6,50.659,3.07,23.0,2025-03-24 04:44:00,5.61,4.28,91.0,1021.67,0.0,0.0,NNW,337.0,0.0,0.0,0.0,weather_underground,,
ILAMAD25,La Madeleine,other,EasyWeatherPro_V5.1.6,50.659,3.07,23.0,2025-03-24 04:49:00,5.56,4.28,91.0,1021.67,0.0,0.0,NNW,337.0,0.0,0.0,0.0,weather_underground,,
ILAMAD25,La Madeleine,other,EasyWeatherPro_V5.1.6,50.659,3.07,23.0,2025-03-24 04:54:00,5.56,4.22,91.0,1021.67,0.0,0.0,NNW,337.0,0.0,0.0,0.0,weather_underground,,
ILAMAD25,La Madeleine,other,EasyWeatherPro_V5.1.6,50.659,3.07,23.0,2025-03-24 04:59:00,5.61,4.28,91.0,1021.67,0.0,0.0,NNW,337.0,0.0,0.0,0.0,weather_underground,,
ILAMAD25,La Madeleine,other,EasyWeatherPro_V5.1.6,50.659,3.07,23.0,2025-03-24 05:04:00,5.56,4.28,91.0,1021.67,0.0,0.0,NNW,337.0,0.0,0.0,0.0,weather_underground,,
ILAMAD25,La Madeleine,other,EasyWeatherPro_V5.1.6,50.659,3.07,23.0,2025-03-24 05:09:00,5.61,4.33,92.0,1021.67,0.0,0.0,NNW,337.0,0.0,0.0,0.0,weather_underground,,
ILAMAD25,La Madeleine,other,EasyWeatherPro_V5.1.6,50.659,3.07,23.0,2025-03-24 05:14:00,5.61,4.39,92.0,1021.34,0.0,0.0,NNW,337.0,0.0,0.0,0.0,weather_underground,,
ILAMAD25,La Madeleine,other,EasyWeatherPro_V5.1.6,50.659,3.07,23.0,2025-03-24 05:19:00,5.44,4.28,92.0,1021.67,0.0,0.0,NNW,337.0,0.0,0.0,0.0,weather_underground,,
ILAMAD25,La Madeleine,other,EasyWeatherPro_V5.1.6,50.659,3.07,23.0,2025-03-24 05:24:00,5.39,4.22,92.0,1021.34,0.0,0.0,NNW,337.0,0.0,0.0,0.0,weather_underground,,
ILAMAD25,La Madeleine,other,EasyWeatherPro_V5.1.6,50.659,3.07,23.0,2025-03-24 05:29:00,5.28,4.11,92.0,1021.34,0.0,0.0,NNW,337.0,0.0,0.0,0.0,weather_underground,,
ILAMAD25,La Madeleine,other,EasyWeatherPro_V5.1.6,50.659,3.07,23.0,2025-03-24 05:34:00,5.28,4.06,92.0,1021.67,0.0,0.0,NNW,337.0,0.0,0.0,0.0,weather_underground,,
ILAMAD25,La Madeleine,other,EasyWeatherPro_V5.1.6,50.659,3.07,23.0,2025-03-24 05:39:00,5.22,4.06,92.0,1021.67,0.0,0.0,NNW,337.0,0.0,0.0,0.0,weather_underground,,
ILAMAD25,La Madeleine,other,EasyWeatherPro_V5.1.6,50.659,3.07,23.0,2025-03-24 05:44:00,5.28,4.11,92.0,1021.67,0.0,0.0,NNW,337.0,0.0,0.0,0.0,weather_underground,,
ILAMAD25,La Madeleine,other,EasyWeatherPro_V5.1.6,50.659,3.07,23.0,2025-03-24 05:49:00,5.28,4.11,92.0,1021.67,0.0,0.0,NNW,337.0,0.0,0.0,0.0,weather_underground,,
ILAMAD25,La Madeleine,other,EasyWeatherPro_V5.1.6,50.659,3.07,23.0,2025-03-24 05:54:00,5.22,4.06,92.0,1021.67,0.0,0.0,NNW,337.0,0.0,0.0,0.0,weather_underground,,
ILAMAD25,La Madeleine,other,EasyWeatherPro_V5.1.6,50.659,3.07,23.0,2025-03-24 05:59:00,5.39,4.22,92.0,1021.67,0.0,0.0,NNW,337.0,0.0,0.0,0.0,weather_underground,,
ILAMAD25,La Madeleine,other,EasyWeatherPro_V5.1.6,50.659,3.07,23.0,2025-03-24 06:04:00,5.39,4.22,92.0,1021.67,0.0,0.0,NNW,337.0,0.0,0.0,0.0,weather_underground,,
ILAMAD25,La Madeleine,other,EasyWeatherPro_V5.1.6,50.659,3.07,23.0,2025-03-24 06:09:00,5.28,4.11,92.0,1021.67,0.0,0.0,NNW,337.0,0.0,0.0,0.0,weather_underground,,
ILAMAD25,La Madeleine,other,EasyWeatherPro_V5.1.6,50.659,3.07,23.0,2025-03-24 06:14:00,5.28,4.17,93.0,1021.67,0.0,0.0,NNW,337.0,0.0,0.0,0.0,weather_underground,,
ILAMAD25,La Madeleine,other,EasyWeatherPro_V5.1.6,50.659,3.07,23.0,2025-03-24 06:19:00,5.22,4.11,93.0,1021.67,0.0,0.0,NNW,337.0,0.0,0.0,0.0,weather_underground,,
ILAMAD25,La Madeleine,other,EasyWeatherPro_V5.1.6,50.659,3.07,23.0,2025-03-24 06:24:00,5.22,4.11,93.0,1021.67,0.0,0.0,NNW,337.0,0.0,0.0,0.0,weather_underground,,
ILAMAD25,La Madeleine,other,EasyWeatherPro_V5.1.6,50.659,3.07,23.0,2025-03-24 06:29:00,5.17,4.06,93.0,1021.67,0.0,0.0,NNW,337.0,0.0,0.0,0.0,weather_underground,,
ILAMAD25,La Madeleine,other,EasyWeatherPro_V5.1.6,50.659,3.07,23.0,2025-03-24 06:34:00,5.06,3.94,93.0,1021.67,0.0,0.0,NNW,337.0,0.0,0.0,0.0,weather_underground,,
ILAMAD25,La Madeleine,other,EasyWeatherPro_V5.1.6,50.659,3.07,23.0,2025-03-24 06:39:00,5.11,4.0,93.0,1021.67,0.0,0.0,NNW,337.0,0.0,0.0,0.0,weather_underground,,
ILAMAD25,La Madeleine,other,EasyWeatherPro_V5.1.6,50.659,3.07,23.0,2025-03-24 06:44:00,5.11,4.0,93.0,1021.67,0.0,0.0,NNW,337.0,0.0,0.0,0.0,weather_underground,,
ILAMAD25,La Madeleine,other,EasyWeatherPro_V5.1.6,50.659,3.07,23.0,2025-03-24 06:49:00,5.22,4.11,93.0,1021.67,0.0,0.0,NNW,337.0,0.0,0.0,0.0,weather_underground,,
ILAMAD25,La Madeleine,other,EasyWeatherPro_V5.1.6,50.659,3.07,23.0,2025-03-24 06:54:00,5.22,4.11,93.0,1021.67,0.0,0.0,NNW,337.0,0.0,0.0,0.0,weather_underground,,
ILAMAD25,La Madeleine,other,EasyWeatherPro_V5.1.6,50.659,3.07,23.0,2025-03-24 06:59:00,5.22,4.11,93.0,1021.67,0.0,0.0,NNW,337.0,0.0,0.0,0.0,weather_underground,,
ILAMAD25,La Madeleine,other,EasyWeatherPro_V5.1.6,50.659,3.07,23.0,2025-03-24 07:04:00,5.28,4.17,93.0,1021.67,0.0,0.0,NNW,337.0,0.0,0.0,0.0,weather_underground,,
ILAMAD25,La Madeleine,other,EasyWeatherPro_V5.1.6,50.659,3.07,23.0,2025-03-24 07:09:00,5.22,4.17,93.0,1021.67,0.0,0.0,NNW,337.0,0.0,0.0,0.0,weather_underground,,
ILAMAD25,La Madeleine,other,EasyWeatherPro_V5.1.6,50.659,3.07,23.0,2025-03-24 07:14:00,5.22,4.11,93.0,1021.67,0.0,0.0,NNW,337.0,0.0,0.0,0.0,weather_underground,,
ILAMAD25,La Madeleine,other,EasyWeatherPro_V5.1.6,50.659,3.07,23.0,2025-03-24 07:19:00,5.22,4.17,93.0,1021.67,0.0,0.0,NNW,337.0,0.0,0.0,0.0,weather_underground,,
ILAMAD25,La Madeleine,other,EasyWeatherPro_V5.1.6,50.659,3.07,23.0,2025-03-24 07:24:00,5.22,4.11,93.0,1021.67,0.0,0.0,NNW,337.0,0.0,0.0,0.0,weather_underground,,
ILAMAD25,La Madeleine,other,EasyWeatherPro_V5.1.6,50.659,3.07,23.0,2025-03-24 07:29:00,5.11,4.0,93.0,1021.67,0.0,0.0,NNW,337.0,0.0,0.1,0.0,weather_underground,,
ILAMAD25,La Madeleine,other,EasyWeatherPro_V5.1.6,50.659,3.07,23.0,2025-03-24 07:34:00,5.0,3.89,93.0,1021.67,0.0,0.0,NNW,337.0,0.0,0.1,0.0,weather_underground,,
ILAMAD25,La Madeleine,other,EasyWeatherPro_V5.1.6,50.659,3.07,23.0,2025-03-24 07:39:00,4.94,3.83,93.0,1021.67,0.0,0.0,NNW,337.0,0.0,0.2,0.0,weather_underground,,
ILAMAD25,La Madeleine,other,EasyWeatherPro_V5.1.6,50.659,3.07,23.0,2025-03-24 07:44:00,5.0,3.89,93.0,1021.67,0.0,0.0,NNW,337.0,0.0,0.5,0.0,weather_underground,,
ILAMAD25,La Madeleine,other,EasyWeatherPro_V5.1.6,50.659,3.07,23.0,2025-03-24 07:49:00,5.06,3.94,93.0,1022.01,0.0,0.0,NNW,337.0,0.0,1.0,0.0,weather_underground,,
ILAMAD25,La Madeleine,other,EasyWeatherPro_V5.1.6,50.659,3.07,23.0,2025-03-24 07:54:00,5.0,3.89,93.0,1022.01,0.0,0.0,NNW,337.0,0.0,1.6,0.0,weather_underground,,
ILAMAD25,La Madeleine,other,EasyWeatherPro_V5.1.6,50.659,3.07,23.0,2025-03-24 07:59:00,4.89,3.78,93.0,1022.01,0.0,0.0,NNW,337.0,0.0,2.4,0.0,weather_underground,,
ILAMAD25,La Madeleine,other,EasyWeatherPro_V5.1.6,50.659,3.07,23.0,2025-03-24 08:04:00,4.78,3.72,93.0,1022.01,0.0,0.0,NNW,337.0,0.0,3.4,0.0,weather_underground,,
ILAMAD25,La Madeleine,other,EasyWeatherPro_V5.1.6,50.659,3.07,23.0,2025-03-24 08:09:00,4.78,3.67,93.0,1022.01,0.0,0.0,NNW,337.0,0.0,4.5,0.0,weather_underground,,
ILAMAD25,La Madeleine,other,EasyWeatherPro_V5.1.6,50.659,3.07,23.0,2025-03-24 08:14:00,4.83,3.78,93.0,1022.35,0.0,0.0,NNW,337.0,0.0,5.6,0.0,weather_underground,,
ILAMAD25,La Madeleine,other,EasyWeatherPro_V5.1.6,50.659,3.07,23.0,2025-03-24 08:19:00,5.11,4.11,94.0,1022.35,0.0,0.0,NNW,337.0,0.0,6.9,0.0,weather_underground,,
ILAMAD25,La Madeleine,other,EasyWeatherPro_V5.1.6,50.659,3.07,23.0,2025-03-24 08:24:00,5.22,4.22,94.0,1022.35,0.0,0.0,NNW,337.0,0.0,8.2,0.0,weather_underground,,
ILAMAD25,La Madeleine,other,EasyWeatherPro_V5.1.6,50.659,3.07,23.0,2025-03-24 08:29:00,5.28,4.28,94.0,1022.35,0.0,0.0,NNW,337.0,0.0,9.4,0.0,weather_underground,,
ILAMAD25,La Madeleine,other,EasyWeatherPro_V5.1.6,50.659,3.07,23.0,2025-03-24 08:34:00,5.28,4.28,94.0,1022.35,0.0,0.0,NNW,337.0,0.0,10.7,0.0,weather_underground,,
ILAMAD25,La Madeleine,other,EasyWeatherPro_V5.1.6,50.659,3.07,23.0,2025-03-24 08:39:00,5.33,4.33,94.0,1022.35,0.0,0.0,NNW,337.0,0.0,12.1,0.0,weather_underground,,
ILAMAD25,La Madeleine,other,EasyWeatherPro_V5.1.6,50.659,3.07,23.0,2025-03-24 08:44:00,5.5,4.5,94.0,1022.35,0.0,0.0,NNW,337.0,0.0,13.3,0.0,weather_underground,,
ILAMAD25,La Madeleine,other,EasyWeatherPro_V5.1.6,50.659,3.07,23.0,2025-03-24 08:49:00,5.72,4.72,94.0,1022.35,0.0,0.0,NNW,337.0,0.0,14.3,0.0,weather_underground,,
ILAMAD25,La Madeleine,other,EasyWeatherPro_V5.1.6,50.659,3.07,23.0,2025-03-24 08:54:00,6.0,5.0,94.0,1022.35,0.0,0.0,NNW,337.0,0.0,15.1,0.0,weather_underground,,
ILAMAD25,La Madeleine,other,EasyWeatherPro_V5.1.6,50.659,3.07,23.0,2025-03-24 08:59:00,6.22,5.22,94.0,1022.35,0.0,0.0,NNW,337.0,0.0,16.3,0.0,weather_underground,,
ILAMAD25,La Madeleine,other,EasyWeatherPro_V5.1.6,50.659,3.07,23.0,2025-03-24 09:04:00,6.39,5.39,94.0,1022.35,0.0,0.0,NNW,337.0,0.0,17.2,0.0,weather_underground,,
ILAMAD25,La Madeleine,other,EasyWeatherPro_V5.1.6,50.659,3.07,23.0,2025-03-24 09:09:00,6.67,5.67,94.0,1022.35,0.0,0.0,NNW,337.0,0.0,17.8,0.0,weather_underground,,
ILAMAD25,La Madeleine,other,EasyWeatherPro_V5.1.6,50.659,3.07,23.0,2025-03-24 09:14:00,6.83,5.83,94.0,1022.35,0.0,0.0,NNW,337.0,0.0,18.5,0.0,weather_underground,,
ILAMAD25,La Madeleine,other,EasyWeatherPro_V5.1.6,50.659,3.07,23.0,2025-03-24 09:19:00,7.06,6.0,93.0,1022.35,0.0,0.0,NNW,337.0,0.0,19.3,0.0,weather_underground,,
ILAMAD25,La Madeleine,other,EasyWeatherPro_V5.1.6,50.659,3.07,23.0,2025-03-24 09:24:00,7.22,6.11,93.0,1022.35,0.0,0.0,NNW,337.0,0.0,20.1,0.0,weather_underground,,
ILAMAD25,La Madeleine,other,EasyWeatherPro_V5.1.6,50.659,3.07,23.0,2025-03-24 09:29:00,7.33,6.22,93.0,1022.35,0.0,0.0,NNW,337.0,0.0,22.4,0.0,weather_underground,,
ILAMAD25,La Madeleine,other,EasyWeatherPro_V5.1.6,50.659,3.07,23.0,2025-03-24 09:34:00,7.61,6.33,92.0,1022.35,0.0,0.0,NNW,337.0,0.0,23.3,0.0,weather_underground,,
ILAMAD25,La Madeleine,other,EasyWeatherPro_V5.1.6,50.659,3.07,23.0,2025-03-24 09:39:00,7.83,6.33,90.0,1022.69,0.0,0.0,NNW,337.0,0.0,22.7,0.0,weather_underground,,
ILAMAD25,La Madeleine,other,EasyWeatherPro_V5.1.6,50.659,3.07,23.0,2025-03-24 09:44:00,8.06,6.28,89.0,1022.69,0.0,0.0,NNW,337.0,0.0,23.4,0.0,weather_underground,,
ILAMAD25,La Madeleine,other,EasyWeatherPro_V5.1.6,50.659,3.07,23.0,2025-03-24 09:49:00,8.28,6.22,87.0,1022.69,0.0,0.0,NNW,337.0,0.0,24.3,0.0,weather_underground,,
ILAMAD25,La Madeleine,other,EasyWeatherPro_V5.1.6,50.659,3.07,23.0,2025-03-24 09:54:00,8.5,6.22,86.0,1022.69,0.0,0.0,NNW,337.0,0.0,25.6,0.0,weather_underground,,
ILAMAD25,La Madeleine,other,EasyWeatherPro_V5.1.6,50.659,3.07,23.0,2025-03-24 09:59:00,8.78,6.33,85.0,1023.03,0.0,0.0,NNW,337.0,0.0,26.4,0.0,weather_underground,,
ILAMAD25,La Madeleine,other,EasyWeatherPro_V5.1.6,50.659,3.07,23.0,2025-03-24 10:04:00,9.0,6.33,84.0,1022.69,0.0,0.0,NNW,337.0,0.0,26.6,0.0,weather_underground,,
ILAMAD25,La Madeleine,other,EasyWeatherPro_V5.1.6,50.659,3.07,23.0,2025-03-24 10:09:00,9.17,6.28,82.0,1023.03,0.16,1.93,NNW,337.0,0.0,26.9,0.0,weather_underground,,
ILAMAD25,La Madeleine,other,EasyWeatherPro_V5.1.6,50.659,3.07,23.0,2025-03-24 10:14:00,9.39,6.5,82.0,1022.69,0.0,0.0,NNW,337.0,0.0,27.0,0.0,weather_underground,,
ILAMAD25,La Madeleine,other,EasyWeatherPro_V5.1.6,50.659,3.07,23.0,2025-03-24 10:19:00,9.67,6.72,82.0,1022.69,0.0,0.0,NNW,337.0,0.0,27.1,0.0,weather_underground,,
ILAMAD25,La Madeleine,other,EasyWeatherPro_V5.1.6,50.659,3.07,23.0,2025-03-24 10:24:00,9.89,6.78,81.0,1022.69,0.0,0.0,NNW,337.0,0.0,27.2,0.0,weather_underground,,
ILAMAD25,La Madeleine,other,EasyWeatherPro_V5.1.6,50.659,3.07,23.0,2025-03-24 10:29:00,10.11,6.89,81.0,1022.69,0.0,0.0,NNW,337.0,0.0,27.4,0.0,weather_underground,,
ILAMAD25,La Madeleine,other,EasyWeatherPro_V5.1.6,50.659,3.07,23.0,2025-03-24 10:34:00,10.28,6.78,79.0,1023.03,0.0,0.0,NNW,337.0,0.0,27.5,0.0,weather_underground,,
ILAMAD25,La Madeleine,other,EasyWeatherPro_V5.1.6,50.659,3.07,23.0,2025-03-24 10:39:00,10.39,6.83,79.0,1023.03,0.0,0.0,NNW,337.0,0.0,27.5,0.0,weather_underground,,
ILAMAD25,La Madeleine,other,EasyWeatherPro_V5.1.6,50.659,3.07,23.0,2025-03-24 10:44:00,10.61,6.83,78.0,1023.03,0.0,0.0,NNW,337.0,0.0,27.5,0.0,weather_underground,,
ILAMAD25,La Madeleine,other,EasyWeatherPro_V5.1.6,50.659,3.07,23.0,2025-03-24 10:49:00,10.78,6.78,77.0,1023.03,0.0,1.93,NW,315.0,0.0,27.5,0.0,weather_underground,,
ILAMAD25,La Madeleine,other,EasyWeatherPro_V5.1.6,50.659,3.07,23.0,2025-03-24 10:54:00,10.94,6.83,76.0,1022.69,0.0,0.0,NNW,337.0,0.0,27.5,0.0,weather_underground,,
ILAMAD25,La Madeleine,other,EasyWeatherPro_V5.1.6,50.659,3.07,23.0,2025-03-24 10:59:00,11.11,6.78,75.0,1023.03,0.0,0.0,NW,315.0,0.0,27.7,0.0,weather_underground,,
ILAMAD25,La Madeleine,other,EasyWeatherPro_V5.1.6,50.659,3.07,23.0,2025-03-24 11:04:00,11.22,6.89,75.0,1023.03,0.0,1.93,NW,315.0,0.0,27.6,0.0,weather_underground,,
ILAMAD25,La Madeleine,other,EasyWeatherPro_V5.1.6,50.659,3.07,23.0,2025-03-24 11:09:00,11.5,7.33,76.0,1022.69,0.0,0.0,NW,315.0,0.0,27.7,0.0,weather_underground,,
ILAMAD25,La Madeleine,other,EasyWeatherPro_V5.1.6,50.659,3.07,23.0,2025-03-24 11:14:00,11.67,7.56,76.0,1022.69,0.0,0.0,NW,315.0,0.0,27.9,0.0,weather_underground,,
ILAMAD25,La Madeleine,other,EasyWeatherPro_V5.1.6,50.659,3.07,23.0,2025-03-24 11:19:00,11.78,7.28,74.0,1023.03,0.0,0.0,NW,315.0,0.0,28.0,0.0,weather_underground,,
ILAMAD25,La Madeleine,other,EasyWeatherPro_V5.1.6,50.659,3.07,23.0,2025-03-24 11:24:00,11.89,7.11,73.0,1023.03,0.16,2.25,NW,315.0,0.0,27.5,0.0,weather_underground,,
ILAMAD25,La Madeleine,other,EasyWeatherPro_V5.1.6,50.659,3.07,23.0,2025-03-24 11:29:00,12.11,7.0,71.0,1022.69,0.32,2.57,NNW,337.0,0.0,27.4,0.0,weather_underground,,
ILAMAD25,La Madeleine,other,EasyWeatherPro_V5.1.6,50.659,3.07,23.0,2025-03-24 11:34:00,12.33,7.06,70.0,1022.69,0.16,2.41,NNW,337.0,0.0,27.2,0.0,weather_underground,,
ILAMAD25,La Madeleine,other,EasyWeatherPro_V5.1.6,50.659,3.07,23.0,2025-03-24 11:39:00,12.44,7.0,69.0,1022.69,0.0,0.64,NNW,337.0,0.0,27.2,0.0,weather_underground,,
ILAMAD25,La Madeleine,other,EasyWeatherPro_V5.1.6,50.659,3.07,23.0,2025-03-24 11:44:00,12.72,6.78,68.0,1022.69,0.0,0.0,NNW,337.0,0.0,26.9,0.0,weather_underground,,
ILAMAD25,La Madeleine,other,EasyWeatherPro_V5.1.6,50.659,3.07,23.0,2025-03-24 11:49:00,12.94,7.06,67.0,1022.69,0.32,3.86,NNW,337.0,0.0,27.1,0.0,weather_underground,,
ILAMAD25,La Madeleine,other,EasyWeatherPro_V5.1.6,50.659,3.07,23.0,2025-03-24 11:54:00,13.0,6.61,65.0,1022.69,1.45,6.12,NW,315.0,0.0,27.3,0.0,weather_underground,,
ILAMAD25,La Madeleine,other,EasyWeatherPro_V5.1.6,50.659,3.07,23.0,2025-03-24 11:59:00,13.0,6.5,65.0,1022.69,0.16,4.18,NNW,337.0,0.0,27.3,0.0,weather_underground,,
ILAMAD25,La Madeleine,other,EasyWeatherPro_V5.1.6,50.659,3.07,23.0,2025-03-24 12:04:00,13.11,6.22,63.0,1022.35,0.8,5.47,NNW,337.0,0.0,27.3,0.0,weather_underground,,
ILAMAD25,La Madeleine,other,EasyWeatherPro_V5.1.6,50.659,3.07,23.0,2025-03-24 12:09:00,13.22,6.5,64.0,1022.69,0.32,3.06,NW,315.0,0.0,27.6,0.0,weather_underground,,
ILAMAD25,La Madeleine,other,EasyWeatherPro_V5.1.6,50.659,3.07,23.0,2025-03-24 12:14:00,13.39,6.67,64.0,1022.69,0.32,3.86,NNW,337.0,0.0,27.7,0.0,weather_underground,,
ILAMAD25,La Madeleine,other,EasyWeatherPro_V5.1.6,50.659,3.07,23.0,2025-03-24 12:19:00,13.67,6.83,63.0,1022.35,0.0,1.45,NNW,337.0,0.0,28.0,0.0,weather_underground,,
ILAMAD25,La Madeleine,other,EasyWeatherPro_V5.1.6,50.659,3.07,23.0,2025-03-24 12:24:00,13.83,6.89,63.0,1022.35,0.0,0.32,NNW,337.0,0.0,29.3,0.0,weather_underground,,
ILAMAD25,La Madeleine,other,EasyWeatherPro_V5.1.6,50.659,3.07,23.0,2025-03-24 12:29:00,14.0,6.67,61.0,1022.69,0.16,2.09,NNW,337.0,0.0,29.2,0.0,weather_underground,,
ILAMAD25,La Madeleine,other,EasyWeatherPro_V5.1.6,50.659,3.07,23.0,2025-03-24 12:34:00,14.0,6.78,62.0,1022.35,0.32,3.86,NNW,337.0,0.0,30.4,0.0,weather_underground,,
ILAMAD25,La Madeleine,other,EasyWeatherPro_V5.1.6,50.659,3.07,23.0,2025-03-24 12:39:00,14.11,6.67,61.0,1022.35,0.0,0.97,NNW,337.0,0.0,29.7,0.0,weather_underground,,
ILAMAD25,La Madeleine,other,EasyWeatherPro_V5.1.6,50.659,3.07,23.0,2025-03-24 12:44:00,14.33,6.89,61.0,1022.35,0.0,1.45,NW,315.0,0.0,30.7,0.0,weather_underground,,
ILAMAD25,La Madeleine,other,EasyWeatherPro_V5.1.6,50.659,3.07,23.0,2025-03-24 12:49:00,14.56,6.72,59.0,1022.35,0.0,0.0,NNW,337.0,0.0,33.6,0.0,weather_underground,,
ILAMAD25,La Madeleine,other,EasyWeatherPro_V5.1.6,50.659,3.07,23.0,2025-03-24 12:54:00,14.72,7.06,60.0,1022.35,0.0,0.0,NNW,337.0,0.0,33.5,0.0,weather_underground,,
ILAMAD25,La Madeleine,other,EasyWeatherPro_V5.1.6,50.659,3.07,23.0,2025-03-24 12:59:00,14.78,6.67,58.0,1022.35,0.32,1.29,NNW,337.0,0.0,37.1,0.0,weather_underground,,
ILAMAD25,La Madeleine,other,EasyWeatherPro_V5.1.6,50.659,3.07,23.0,2025-03-24 13:04:00,14.56,6.67,59.0,1022.35,0.48,3.54,NNW,337.0,0.0,45.2,0.0,weather_underground,,
ILAMAD25,La Madeleine,other,EasyWeatherPro_V5.1.6,50.659,3.07,23.0,2025-03-24 13:09:00,14.83,7.06,59.0,1022.35,0.0,0.0,NNW,337.0,0.0,44.7,0.0,weather_underground,,
ILAMAD25,La Madeleine,other,EasyWeatherPro_V5.1.6,50.659,3.07,23.0,2025-03-24 13:14:00,14.83,6.44,57.0,1022.35,0.64,3.86,NNW,337.0,0.0,46.0,0.0,weather_underground,,
ILAMAD25,La Madeleine,other,EasyWeatherPro_V5.1.6,50.659,3.07,23.0,2025-03-24 13:19:00,15.06,7.06,59.0,1022.35,0.0,0.64,NNW,337.0,0.0,52.9,0.0,weather_underground,,
ILAMAD25,La Madeleine,other,EasyWeatherPro_V5.1.6,50.659,3.07,23.0,2025-03-24 13:24:00,14.94,6.33,56.0,1022.35,0.48,7.08,NW,315.0,0.0,55.0,0.0,weather_underground,,
ILAMAD25,La Madeleine,other,EasyWeatherPro_V5.1.6,50.659,3.07,23.0,2025-03-24 13:29:00,14.5,6.33,58.0,1022.35,0.0,0.0,NNW,337.0,0.0,53.1,0.0,weather_underground,,
ILAMAD25,La Madeleine,other,EasyWeatherPro_V5.1.6,50.659,3.07,23.0,2025-03-24 13:34:00,14.06,6.83,62.0,1022.35,0.0,0.0,NNW,337.0,0.0,109.9,1.0,weather_underground,,
ILAMAD25,La Madeleine,other,EasyWeatherPro_V5.1.6,50.659,3.07,23.0,2025-03-24 13:39:00,14.28,6.56,60.0,1022.35,0.16,3.54,NNW,337.0,0.0,389.5,3.0,weather_underground,,
ILAMAD25,La Madeleine,other,EasyWeatherPro_V5.1.6,50.659,3.07,23.0,2025-03-24 13:44:00,14.89,6.44,57.0,1022.35,0.0,2.09,NNW,337.0,0.0,406.1,3.0,weather_underground,,
ILAMAD25,La Madeleine,other,EasyWeatherPro_V5.1.6,50.659,3.07,23.0,2025-03-24 13:49:00,15.44,6.61,56.0,1022.35,0.0,0.0,NNW,337.0,0.0,393.9,3.0,weather_underground,,
ILAMAD25,La Madeleine,other,EasyWeatherPro_V5.1.6,50.659,3.07,23.0,2025-03-24 13:54:00,15.5,6.5,55.0,1022.01,0.16,1.93,,,0.0,79.3,0.0,weather_underground,,
ILAMAD25,La Madeleine,other,EasyWeatherPro_V5.1.6,50.659,3.07,23.0,2025-03-24 13:59:00,14.61,6.11,57.0,1022.01,0.0,1.77,,,0.0,375.4,2.0,weather_underground,,
ILAMAD25,La Madeleine,other,EasyWeatherPro_V5.1.6,50.659,3.07,23.0,2025-03-24 14:04:00,14.39,5.89,57.0,1022.01,0.32,3.54,NW,315.0,0.0,174.0,1.0,weather_underground,,
ILAMAD25,La Madeleine,other,EasyWeatherPro_V5.1.6,50.659,3.07,23.0,2025-03-24 14:09:00,13.56,5.22,57.0,1022.01,0.16,1.61,,,0.0,410.9,3.0,weather_underground,,
ILAMAD25,La Madeleine,other,EasyWeatherPro_V5.1.6,50.659,3.07,23.0,2025-03-24 14:14:00,14.56,5.33,54.0,1022.01,0.16,3.86,,,0.0,403.1,3.0,weather_underground,,
ILAMAD25,La Madeleine,other,EasyWeatherPro_V5.1.6,50.659,3.07,23.0,2025-03-24 14:19:00,15.33,5.39,52.0,1022.01,0.32,2.25,NNW,337.0,0.0,405.1,3.0,weather_underground,,
ILAMAD25,La Madeleine,other,EasyWeatherPro_V5.1.6,50.659,3.07,23.0,2025-03-24 14:24:00,15.67,6.11,53.0,1022.01,0.16,3.54,NNW,337.0,0.0,409.4,3.0,weather_underground,,
ILAMAD25,La Madeleine,other,EasyWeatherPro_V5.1.6,50.659,3.07,23.0,2025-03-24 14:29:00,15.89,6.67,54.0,1021.67,1.13,5.47,NNW,337.0,0.0,415.9,3.0,weather_underground,,
ILAMAD25,La Madeleine,other,EasyWeatherPro_V5.1.6,50.659,3.07,23.0,2025-03-24 14:34:00,16.39,7.22,55.0,1021.67,0.16,4.51,NNW,337.0,0.0,214.6,1.0,weather_underground,,
ILAMAD25,La Madeleine,other,EasyWeatherPro_V5.1.6,50.659,3.07,23.0,2025-03-24 14:39:00,14.72,6.33,57.0,1021.67,0.16,3.86,NNW,337.0,0.0,417.4,3.0,weather_underground,,
ILAMAD25,La Madeleine,other,EasyWeatherPro_V5.1.6,50.659,3.07,23.0,2025-03-24 14:44:00,15.67,6.44,54.0,1021.67,0.8,5.47,NNW,337.0,0.0,381.4,3.0,weather_underground,,
ILAMAD25,La Madeleine,other,EasyWeatherPro_V5.1.6,50.659,3.07,23.0,2025-03-24 14:49:00,15.72,6.22,53.0,1021.67,0.64,5.47,NNW,337.0,0.0,382.0,3.0,weather_underground,,
ILAMAD25,La Madeleine,other,EasyWeatherPro_V5.1.6,50.659,3.07,23.0,2025-03-24 14:54:00,15.94,6.56,54.0,1021.67,0.8,4.18,NNW,337.0,0.0,389.5,3.0,weather_underground,,
ILAMAD25,La Madeleine,other,EasyWeatherPro_V5.1.6,50.659,3.07,23.0,2025-03-24 14:59:00,16.28,6.5,53.0,1021.67,0.0,1.29,NNW,337.0,0.0,389.3,3.0,weather_underground,,
ILAMAD25,La Madeleine,other,EasyWeatherPro_V5.1.6,50.659,3.07,23.0,2025-03-24 15:04:00,16.83,6.78,52.0,1021.67,0.64,2.09,,,0.0,389.3,3.0,weather_underground,,
ILAMAD25,La Madeleine,other,EasyWeatherPro_V5.1.6,50.659,3.07,23.0,2025-03-24 15:09:00,17.06,7.06,52.0,1021.67,0.97,5.47,NW,315.0,0.0,389.2,3.0,weather_underground,,
ILAMAD25,La Madeleine,other,EasyWeatherPro_V5.1.6,50.659,3.07,23.0,2025-03-24 15:14:00,16.33,7.0,54.0,1021.67,0.32,5.47,NNW,337.0,0.0,357.9,2.0,weather_underground,,
ILAMAD25,La Madeleine,other,EasyWeatherPro_V5.1.6,50.659,3.07,23.0,2025-03-24 15:19:00,15.94,7.0,55.0,1021.67,0.32,1.93,NNW,337.0,0.0,62.3,0.0,weather_underground,,
ILAMAD25,La Madeleine,other,EasyWeatherPro_V5.1.6,50.659,3.07,23.0,2025-03-24 15:24:00,14.56,5.72,55.0,1021.34,0.64,4.83,NNW,337.0,0.0,359.6,2.0,weather_underground,,
ILAMAD25,La Madeleine,other,EasyWeatherPro_V5.1.6,50.659,3.07,23.0,2025-03-24 15:29:00,15.83,6.5,54.0,1021.67,0.16,3.06,NNW,337.0,0.0,361.7,2.0,weather_underground,,
ILAMAD25,La Madeleine,other,EasyWeatherPro_V5.1.6,50.659,3.07,23.0,2025-03-24 15:34:00,16.0,6.44,53.0,1021.34,2.41,4.83,NW,315.0,0.0,357.1,2.0,weather_underground,,
ILAMAD25,La Madeleine,other,EasyWeatherPro_V5.1.6,50.659,3.07,23.0,2025-03-24 15:39:00,15.94,6.94,55.0,1021.34,0.16,4.02,NW,315.0,0.0,375.3,2.0,weather_underground,,
ILAMAD25,La Madeleine,other,EasyWeatherPro_V5.1.6,50.659,3.07,23.0,2025-03-24 15:44:00,16.61,6.83,52.0,1021.34,0.48,5.47,NNW,337.0,0.0,374.4,2.0,weather_underground,,
ILAMAD25,La Madeleine,other,EasyWeatherPro_V5.1.6,50.659,3.07,23.0,2025-03-24 15:49:00,17.67,7.5,51.0,1021.34,0.48,5.47,NNW,337.0,0.0,357.4,2.0,weather_underground,,
ILAMAD25,La Madeleine,other,EasyWeatherPro_V5.1.6,50.659,3.07,23.0,2025-03-24 15:54:00,16.33,7.56,56.0,1021.34,0.0,0.97,NNW,337.0,0.0,71.3,0.0,weather_underground,,
ILAMAD25,La Madeleine,other,EasyWeatherPro_V5.1.6,50.659,3.07,23.0,2025-03-24 15:59:00,15.33,7.33,59.0,1021.34,0.0,0.0,NNW,337.0,0.0,210.8,1.0,weather_underground,,
ILAMAD25,La Madeleine,other,EasyWeatherPro_V5.1.6,50.659,3.07,23.0,2025-03-24 16:04:00,14.5,6.5,59.0,1021.34,0.32,3.22,NNW,337.0,0.0,305.2,2.0,weather_underground,,
ILAMAD25,La Madeleine,other,EasyWeatherPro_V5.1.6,50.659,3.07,23.0,2025-03-24 16:09:00,15.39,6.61,56.0,1021.34,0.16,2.41,NNW,337.0,0.0,323.6,2.0,weather_underground,,
ILAMAD25,La Madeleine,other,EasyWeatherPro_V5.1.6,50.659,3.07,23.0,2025-03-24 16:14:00,16.06,6.22,52.0,1021.34,0.32,3.22,NW,315.0,0.0,323.5,2.0,weather_underground,,
ILAMAD25,La Madeleine,other,EasyWeatherPro_V5.1.6,50.659,3.07,23.0,2025-03-24 16:19:00,17.0,6.39,50.0,1021.34,0.16,3.86,NW,315.0,0.0,315.9,2.0,weather_underground,,
ILAMAD25,La Madeleine,other,EasyWeatherPro_V5.1.6,50.659,3.07,23.0,2025-03-24 16:24:00,17.22,6.83,50.0,1021.34,0.32,3.22,NW,315.0,0.0,301.6,2.0,weather_underground,,
ILAMAD25,La Madeleine,other,EasyWeatherPro_V5.1.6,50.659,3.07,23.0,2025-03-24 16:29:00,16.89,6.78,51.0,1021.34,0.48,3.06,NW,315.0,0.0,295.3,2.0,weather_underground,,
ILAMAD25,La Madeleine,other,EasyWeatherPro_V5.1.6,50.659,3.07,23.0,2025-03-24 16:34:00,16.67,6.61,51.0,1021.34,0.97,5.15,NNW,337.0,0.0,281.9,2.0,weather_underground,,
ILAMAD25,La Madeleine,other,EasyWeatherPro_V5.1.6,50.659,3.07,23.0,2025-03-24 16:39:00,17.0,6.5,50.0,1021.0,0.97,3.38,NW,315.0,0.0,274.6,2.0,weather_underground,,
ILAMAD25,La Madeleine,other,EasyWeatherPro_V5.1.6,50.659,3.07,23.0,2025-03-24 16:44:00,16.78,6.83,52.0,1021.34,0.64,5.47,NW,315.0,0.0,221.4,1.0,weather_underground,,
ILAMAD25,La Madeleine,other,EasyWeatherPro_V5.1.6,50.659,3.07,23.0,2025-03-24 16:49:00,16.17,7.17,55.0,1021.0,0.16,2.57,NNW,337.0,0.0,193.0,1.0,weather_underground,,
ILAMAD25,La Madeleine,other,EasyWeatherPro_V5.1.6,50.659,3.07,23.0,2025-03-24 16:54:00,15.67,7.22,57.0,1021.0,0.0,1.77,NNW,337.0,0.0,50.6,0.0,weather_underground,,
ILAMAD25,La Madeleine,other,EasyWeatherPro_V5.1.6,50.659,3.07,23.0,2025-03-24 16:59:00,15.0,7.39,60.0,1021.34,0.16,1.29,NNW,337.0,0.0,83.5,0.0,weather_underground,,
ILAMAD25,La Madeleine,other,EasyWeatherPro_V5.1.6,50.659,3.07,23.0,2025-03-24 17:04:00,14.39,7.06,61.0,1021.34,0.0,0.64,NNW,337.0,0.0,82.6,0.0,weather_underground,,
ILAMAD25,La Madeleine,other,EasyWeatherPro_V5.1.6,50.659,3.07,23.0,2025-03-24 17:09:00,14.67,6.94,60.0,1021.0,0.16,3.22,NNW,337.0,0.0,76.9,0.0,weather_underground,,
ILAMAD25,La Madeleine,other,EasyWeatherPro_V5.1.6,50.659,3.07,23.0,2025-03-24 17:14:00,14.72,6.89,60.0,1021.34,0.0,1.29,NNW,337.0,0.0,68.4,0.0,weather_underground,,
ILAMAD25,La Madeleine,other,EasyWeatherPro_V5.1.6,50.659,3.07,23.0,2025-03-24 17:19:00,14.61,7.0,60.0,1021.34,0.0,0.0,NNW,337.0,0.0,56.8,0.0,weather_underground,,
ILAMAD25,La Madeleine,other,EasyWeatherPro_V5.1.6,50.659,3.07,23.0,2025-03-24 17:24:00,14.44,6.78,60.0,1021.34,0.0,0.0,NNW,337.0,0.0,44.7,0.0,weather_underground,,
ILAMAD25,La Madeleine,other,EasyWeatherPro_V5.1.6,50.659,3.07,23.0,2025-03-24 17:29:00,14.33,6.83,61.0,1021.34,0.32,4.51,NNW,337.0,0.0,41.7,0.0,weather_underground,,
ILAMAD25,La Madeleine,other,EasyWeatherPro_V5.1.6,50.659,3.07,23.0,2025-03-24 17:34:00,14.33,6.83,61.0,1021.34,0.0,0.0,NNW,337.0,0.0,38.7,0.0,weather_underground,,
ILAMAD25,La Madeleine,other,EasyWeatherPro_V5.1.6,50.659,3.07,23.0,2025-03-24 17:39:00,14.28,6.56,60.0,1021.34,0.0,0.0,NNW,337.0,0.0,34.0,0.0,weather_underground,,
ILAMAD25,La Madeleine,other,EasyWeatherPro_V5.1.6,50.659,3.07,23.0,2025-03-24 17:44:00,14.17,7.17,63.0,1021.34,0.0,0.0,NNW,337.0,0.0,37.9,0.0,weather_underground,,
ILAMAD25,La Madeleine,other,EasyWeatherPro_V5.1.6,50.659,3.07,23.0,2025-03-24 17:49:00,14.06,7.22,63.0,1021.0,0.0,0.0,NNW,337.0,0.0,43.8,0.0,weather_underground,,
ILAMAD25,La Madeleine,other,EasyWeatherPro_V5.1.6,50.659,3.07,23.0,2025-03-24 17:54:00,13.94,6.94,63.0,1021.34,0.0,0.0,NNW,337.0,0.0,43.5,0.0,weather_underground,,
ILAMAD25,La Madeleine,other,EasyWeatherPro_V5.1.6,50.659,3.07,23.0,2025-03-24 17:59:00,14.0,7.06,63.0,1021.0,0.0,0.0,NNW,337.0,0.0,40.0,0.0,weather_underground,,
ILAMAD25,La Madeleine,other,EasyWeatherPro_V5.1.6,50.659,3.07,23.0,2025-03-24 18:04:00,14.0,6.89,62.0,1021.34,0.0,2.09,NNW,337.0,0.0,35.7,0.0,weather_underground,,
ILAMAD25,La Madeleine,other,EasyWeatherPro_V5.1.6,50.659,3.07,23.0,2025-03-24 18:09:00,13.94,6.94,63.0,1021.0,0.0,1.93,NNW,337.0,0.0,31.9,0.0,weather_underground,,
ILAMAD25,La Madeleine,other,EasyWeatherPro_V5.1.6,50.659,3.07,23.0,2025-03-24 18:14:00,13.78,6.83,63.0,1021.34,0.0,0.0,NNW,337.0,0.0,26.9,0.0,weather_underground,,
ILAMAD25,La Madeleine,other,EasyWeatherPro_V5.1.6,50.659,3.07,23.0,2025-03-24 18:19:00,13.61,6.56,62.0,1021.0,0.0,0.0,NNW,337.0,0.0,23.5,0.0,weather_underground,,
ILAMAD25,La Madeleine,other,EasyWeatherPro_V5.1.6,50.659,3.07,23.0,2025-03-24 18:24:00,13.5,6.39,62.0,1021.0,0.0,0.0,NNW,337.0,0.0,19.9,0.0,weather_underground,,
ILAMAD25,La Madeleine,other,EasyWeatherPro_V5.1.6,50.659,3.07,23.0,2025-03-24 18:29:00,13.39,6.61,64.0,1021.34,0.0,0.0,NNW,337.0,0.0,18.3,0.0,weather_underground,,
ILAMAD25,La Madeleine,other,EasyWeatherPro_V5.1.6,50.659,3.07,23.0,2025-03-24 18:34:00,13.33,6.56,63.0,1021.34,0.0,0.0,NNW,337.0,0.0,17.4,0.0,weather_underground,,
ILAMAD25,La Madeleine,other,EasyWeatherPro_V5.1.6,50.659,3.07,23.0,2025-03-24 18:39:00,13.33,6.78,65.0,1021.34,0.0,0.0,NNW,337.0,0.0,15.8,0.0,weather_underground,,
ILAMAD25,La Madeleine,other,EasyWeatherPro_V5.1.6,50.659,3.07,23.0,2025-03-24 18:44:00,13.06,7.0,67.0,1021.67,0.0,0.0,NNW,337.0,0.0,14.4,0.0,weather_underground,,
ILAMAD25,La Madeleine,other,EasyWeatherPro_V5.1.6,50.659,3.07,23.0,2025-03-24 18:49:00,12.89,6.89,67.0,1021.67,0.0,0.0,NNW,337.0,0.0,13.2,0.0,weather_underground,,
ILAMAD25,La Madeleine,other,EasyWeatherPro_V5.1.6,50.659,3.07,23.0,2025-03-24 18:54:00,12.78,6.67,66.0,1021.67,0.0,0.0,NNW,337.0,0.0,12.3,0.0,weather_underground,,
ILAMAD25,La Madeleine,other,EasyWeatherPro_V5.1.6,50.659,3.07,23.0,2025-03-24 18:59:00,12.72,6.83,68.0,1021.34,0.0,0.0,NNW,337.0,0.0,9.0,0.0,weather_underground,,
ILAMAD25,La Madeleine,other,EasyWeatherPro_V5.1.6,50.659,3.07,23.0,2025-03-24 19:04:00,12.67,6.83,68.0,1021.67,0.0,0.0,NNW,337.0,0.0,6.3,0.0,weather_underground,,
ILAMAD25,La Madeleine,other,EasyWeatherPro_V5.1.6,50.659,3.07,23.0,2025-03-24 19:09:00,12.5,6.83,68.0,1021.67,0.0,0.0,NNW,337.0,0.0,4.6,0.0,weather_underground,,
ILAMAD25,La Madeleine,other,EasyWeatherPro_V5.1.6,50.659,3.07,23.0,2025-03-24 19:14:00,12.39,6.72,68.0,1021.67,0.0,0.0,NNW,337.0,0.0,3.2,0.0,weather_underground,,
ILAMAD25,La Madeleine,other,EasyWeatherPro_V5.1.6,50.659,3.07,23.0,2025-03-24 19:19:00,12.28,6.78,69.0,1021.67,0.0,0.0,NNW,337.0,0.0,2.2,0.0,weather_underground,,
ILAMAD25,La Madeleine,other,EasyWeatherPro_V5.1.6,50.659,3.07,23.0,2025-03-24 19:24:00,12.28,6.78,69.0,1021.67,0.0,0.0,NNW,337.0,0.0,1.4,0.0,weather_underground,,
ILAMAD25,La Madeleine,other,EasyWeatherPro_V5.1.6,50.659,3.07,23.0,2025-03-24 19:29:00,12.17,6.72,69.0,1021.67,0.0,0.0,NNW,337.0,0.0,0.8,0.0,weather_underground,,
ILAMAD25,La Madeleine,other,EasyWeatherPro_V5.1.6,50.659,3.07,23.0,2025-03-24 19:34:00,12.06,6.72,70.0,1021.67,0.0,0.0,NNW,337.0,0.0,0.5,0.0,weather_underground,,
ILAMAD25,La Madeleine,other,EasyWeatherPro_V5.1.6,50.659,3.07,23.0,2025-03-24 19:39:00,11.89,6.61,70.0,1021.67,0.0,0.0,NNW,337.0,0.0,0.2,0.0,weather_underground,,
ILAMAD25,La Madeleine,other,EasyWeatherPro_V5.1.6,50.659,3.07,23.0,2025-03-24 19:44:00,11.78,6.61,71.0,1021.67,0.0,0.0,NNW,337.0,0.0,0.1,0.0,weather_underground,,
ILAMAD25,La Madeleine,other,EasyWeatherPro_V5.1.6,50.659,3.07,23.0,2025-03-24 19:49:00,11.67,6.56,71.0,1021.67,0.0,0.0,NNW,337.0,0.0,0.1,0.0,weather_underground,,
ILAMAD25,La Madeleine,other,EasyWeatherPro_V5.1.6,50.659,3.07,23.0,2025-03-24 19:54:00,11.44,6.5,72.0,1021.67,0.0,0.0,NNW,337.0,0.0,0.0,0.0,weather_underground,,
ILAMAD25,La Madeleine,other,EasyWeatherPro_V5.1.6,50.659,3.07,23.0,2025-03-24 19:59:00,11.33,6.44,72.0,1022.01,0.0,0.0,NNW,337.0,0.0,0.0,0.0,weather_underground,,
ILAMAD25,La Madeleine,other,EasyWeatherPro_V5.1.6,50.659,3.07,23.0,2025-03-24 20:04:00,11.22,6.39,72.0,1021.67,0.0,0.0,NNW,337.0,0.0,0.0,0.0,weather_underground,,
ILAMAD25,La Madeleine,other,EasyWeatherPro_V5.1.6,50.659,3.07,23.0,2025-03-24 20:09:00,11.06,6.44,73.0,1022.01,0.0,0.0,NNW,337.0,0.0,0.0,0.0,weather_underground,,
ILAMAD25,La Madeleine,other,EasyWeatherPro_V5.1.6,50.659,3.07,23.0,2025-03-24 20:14:00,11.0,6.39,73.0,1022.01,0.0,0.0,NNW,337.0,0.0,0.0,0.0,weather_underground,,
ILAMAD25,La Madeleine,other,EasyWeatherPro_V5.1.6,50.659,3.07,23.0,2025-03-24 20:19:00,10.83,6.28,73.0,1022.01,0.0,0.0,NNW,337.0,0.0,0.0,0.0,weather_underground,,
ILAMAD25,La Madeleine,other,EasyWeatherPro_V5.1.6,50.659,3.07,23.0,2025-03-24 20:24:00,10.78,6.33,74.0,1022.01,0.0,0.0,NNW,337.0,0.0,0.0,0.0,weather_underground,,
ILAMAD25,La Madeleine,other,EasyWeatherPro_V5.1.6,50.659,3.07,23.0,2025-03-24 20:29:00,10.72,6.28,74.0,1022.01,0.0,0.0,NNW,337.0,0.0,0.0,0.0,weather_underground,,
ILAMAD25,La Madeleine,other,EasyWeatherPro_V5.1.6,50.659,3.07,23.0,2025-03-24 20:34:00,10.61,6.22,74.0,1021.67,0.0,0.0,NNW,337.0,0.0,0.0,0.0,weather_underground,,
ILAMAD25,La Madeleine,other,EasyWeatherPro_V5.1.6,50.659,3.07,23.0,2025-03-24 20:39:00,10.5,6.11,74.0,1022.01,0.0,0.0,NNW,337.0,0.0,0.0,0.0,weather_underground,,
ILAMAD25,La Madeleine,other,EasyWeatherPro_V5.1.6,50.659,3.07,23.0,2025-03-24 20:44:00,10.39,6.0,74.0,1022.01,0.0,0.0,NNW,337.0,0.0,0.0,0.0,weather_underground,,
ILAMAD25,La Madeleine,other,EasyWeatherPro_V5.1.6,50.659,3.07,23.0,2025-03-24 20:49:00,10.39,6.11,75.0,1021.67,0.0,0.0,NNW,337.0,0.0,0.0,0.0,weather_underground,,
ILAMAD25,La Madeleine,other,EasyWeatherPro_V5.1.6,50.659,3.07,23.0,2025-03-24 20:54:00,10.33,6.0,74.0,1022.01,0.0,0.0,NNW,337.0,0.0,0.0,0.0,weather_underground,,
ILAMAD25,La Madeleine,other,EasyWeatherPro_V5.1.6,50.659,3.07,23.0,2025-03-24 20:59:00,10.39,6.0,74.0,1022.01,0.0,0.0,NNW,337.0,0.0,0.0,0.0,weather_underground,,
ILAMAD25,La Madeleine,other,EasyWeatherPro_V5.1.6,50.659,3.07,23.0,2025-03-24 21:04:00,10.28,5.94,74.0,1022.01,0.0,0.0,NNW,337.0,0.0,0.0,0.0,weather_underground,,
ILAMAD25,La Madeleine,other,EasyWeatherPro_V5.1.6,50.659,3.07,23.0,2025-03-24 21:09:00,10.22,6.0,75.0,1022.01,0.0,0.0,NNW,337.0,0.0,0.0,0.0,weather_underground,,
ILAMAD25,La Madeleine,other,EasyWeatherPro_V5.1.6,50.659,3.07,23.0,2025-03-24 21:14:00,10.06,5.89,75.0,1022.01,0.0,0.0,NNW,337.0,0.0,0.0,0.0,weather_underground,,
ILAMAD25,La Madeleine,other,EasyWeatherPro_V5.1.6,50.659,3.07,23.0,2025-03-24 21:19:00,9.89,5.94,76.0,1022.01,0.0,0.0,NNW,337.0,0.0,0.0,0.0,weather_underground,,
ILAMAD25,La Madeleine,other,EasyWeatherPro_V5.1.6,50.659,3.07,23.0,2025-03-24 21:24:00,9.78,6.0,77.0,1021.67,0.0,0.0,NNW,337.0,0.0,0.0,0.0,weather_underground,,
ILAMAD25,La Madeleine,other,EasyWeatherPro_V5.1.6,50.659,3.07,23.0,2025-03-24 21:29:00,9.89,6.17,78.0,1021.67,0.0,0.0,NNW,337.0,0.0,0.0,0.0,weather_underground,,
ILAMAD25,La Madeleine,other,EasyWeatherPro_V5.1.6,50.659,3.07,23.0,2025-03-24 21:34:00,9.78,6.17,78.0,1021.67,0.0,0.0,NNW,337.0,0.0,0.0,0.0,weather_underground,,
ILAMAD25,La Madeleine,other,EasyWeatherPro_V5.1.6,50.659,3.07,23.0,2025-03-24 21:39:00,9.67,6.06,78.0,1021.67,0.0,0.0,NNW,337.0,0.0,0.0,0.0,weather_underground,,
ILAMAD25,La Madeleine,other,EasyWeatherPro_V5.1.6,50.659,3.07,23.0,2025-03-24 21:44:00,9.61,6.0,78.0,1021.67,0.0,0.0,NNW,337.0,0.0,0.0,0.0,weather_underground,,
ILAMAD25,La Madeleine,other,EasyWeatherPro_V5.1.6,50.659,3.07,23.0,2025-03-24 21:49:00,9.5,5.94,78.0,1021.67,0.0,0.0,NNW,337.0,0.0,0.0,0.0,weather_underground,,
ILAMAD25,La Madeleine,other,EasyWeatherPro_V5.1.6,50.659,3.07,23.0,2025-03-24 21:54:00,9.5,6.0,79.0,1021.67,0.0,0.0,NNW,337.0,0.0,0.0,0.0,weather_underground,,
ILAMAD25,La Madeleine,other,EasyWeatherPro_V5.1.6,50.659,3.07,23.0,2025-03-24 21:59:00,9.5,6.0,79.0,1021.67,0.0,0.0,NNW,337.0,0.0,0.0,0.0,weather_underground,,
ILAMAD25,La Madeleine,other,EasyWeatherPro_V5.1.6,50.659,3.07,23.0,2025-03-24 22:04:00,9.39,5.89,79.0,1022.01,0.0,0.0,NNW,337.0,0.0,0.0,0.0,weather_underground,,
ILAMAD25,La Madeleine,other,EasyWeatherPro_V5.1.6,50.659,3.07,23.0,2025-03-24 22:09:00,9.28,5.89,80.0,1021.67,0.0,0.0,NNW,337.0,0.0,0.0,0.0,weather_underground,,
ILAMAD25,La Madeleine,other,EasyWeatherPro_V5.1.6,50.659,3.07,23.0,2025-03-24 22:14:00,9.17,5.83,80.0,1022.01,0.0,0.0,NNW,337.0,0.0,0.0,0.0,weather_underground,,
ILAMAD25,La Madeleine,other,EasyWeatherPro_V5.1.6,50.659,3.07,23.0,2025-03-24 22:19:00,9.0,5.78,80.0,1021.67,0.0,0.0,NNW,337.0,0.0,0.0,0.0,weather_underground,,
ILAMAD25,La Madeleine,other,EasyWeatherPro_V5.1.6,50.659,3.07,23.0,2025-03-24 22:24:00,9.0,5.89,81.0,1021.67,0.0,0.0,NNW,337.0,0.0,0.0,0.0,weather_underground,,
ILAMAD25,La Madeleine,other,EasyWeatherPro_V5.1.6,50.659,3.07,23.0,2025-03-24 22:29:00,9.0,5.89,81.0,1021.67,0.0,0.0,NNW,337.0,0.0,0.0,0.0,weather_underground,,
ILAMAD25,La Madeleine,other,EasyWeatherPro_V5.1.6,50.659,3.07,23.0,2025-03-24 22:34:00,8.89,5.78,81.0,1021.67,0.0,0.0,NNW,337.0,0.0,0.0,0.0,weather_underground,,
ILAMAD25,La Madeleine,other,EasyWeatherPro_V5.1.6,50.659,3.07,23.0,2025-03-24 22:39:00,8.89,5.89,81.0,1022.01,0.0,0.0,NNW,337.0,0.0,0.0,0.0,weather_underground,,
ILAMAD25,La Madeleine,other,EasyWeatherPro_V5.1.6,50.659,3.07,23.0,2025-03-24 22:44:00,8.78,5.89,82.0,1021.67,0.0,0.0,NNW,337.0,0.0,0.0,0.0,weather_underground,,
ILAMAD25,La Madeleine,other,EasyWeatherPro_V5.1.6,50.659,3.07,23.0,2025-03-24 22:49:00,8.78,5.83,82.0,1021.67,0.0,0.0,NNW,337.0,0.0,0.0,0.0,weather_underground,,
ILAMAD25,La Madeleine,other,EasyWeatherPro_V5.1.6,50.659,3.07,23.0,2025-03-24 22:54:00,8.67,5.72,82.0,1021.67,0.0,0.0,NNW,337.0,0.0,0.0,0.0,weather_underground,,
ILAMAD25,La Madeleine,other,EasyWeatherPro_V5.1.6,50.659,3.07,23.0,2025-03-24 22:59:00,8.61,5.72,82.0,1021.67,0.0,0.0,NNW,337.0,0.0,0.0,0.0,weather_underground,,
ILAMAD25,La Madeleine,other,EasyWeatherPro_V5.1.6,50.659,3.07,23.0,2025-03-24 23:04:00,8.61,5.89,83.0,1021.67,0.0,0.0,NNW,337.0,0.0,0.0,0.0,weather_underground,,
ILAMAD25,La Madeleine,other,EasyWeatherPro_V5.1.6,50.659,3.07,23.0,2025-03-24 23:09:00,8.61,5.83,83.0,1021.67,0.0,0.0,NNW,337.0,0.0,0.0,0.0,weather_underground,,
ILAMAD25,La Madeleine,other,EasyWeatherPro_V5.1.6,50.659,3.07,23.0,2025-03-24 23:14:00,8.61,5.72,82.0,1021.67,0.0,0.0,NNW,337.0,0.0,0.0,0.0,weather_underground,,
ILAMAD25,La Madeleine,other,EasyWeatherPro_V5.1.6,50.659,3.07,23.0,2025-03-24 23:19:00,8.56,5.72,82.0,1022.01,0.0,0.0,NNW,337.0,0.0,0.0,0.0,weather_underground,,
ILAMAD25,La Madeleine,other,EasyWeatherPro_V5.1.6,50.659,3.07,23.0,2025-03-24 23:24:00,8.44,5.72,83.0,1021.67,0.0,0.0,NNW,337.0,0.0,0.0,0.0,weather_underground,,
ILAMAD25,La Madeleine,other,EasyWeatherPro_V5.1.6,50.659,3.07,23.0,2025-03-24 23:29:00,8.39,5.72,83.0,1021.67,0.0,0.0,NNW,337.0,0.0,0.0,0.0,weather_underground,,
ILAMAD25,La Madeleine,other,EasyWeatherPro_V5.1.6,50.659,3.07,23.0,2025-03-24 23:34:00,8.28,5.61,83.0,1021.67,0.0,0.0,NNW,337.0,0.0,0.0,0.0,weather_underground,,
ILAMAD25,La Madeleine,other,EasyWeatherPro_V5.1.6,50.659,3.07,23.0,2025-03-24 23:39:00,8.28,5.67,84.0,1021.67,0.0,0.0,NNW,337.0,0.0,0.0,0.0,weather_underground,,
ILAMAD25,La Madeleine,other,EasyWeatherPro_V5.1.6,50.659,3.07,23.0,2025-03-24 23:44:00,8.28,5.72,84.0,1021.67,0.0,0.0,NNW,337.0,0.0,0.0,0.0,weather_underground,,
ILAMAD25,La Madeleine,other,EasyWeatherPro_V5.1.6,50.659,3.07,23.0,2025-03-24 23:49:00,8.22,5.61,84.0,1021.67,0.0,0.0,NNW,337.0,0.0,0.0,0.0,weather_underground,,
ILAMAD25,La Madeleine,other,EasyWeatherPro_V5.1.6,50.659,3.07,23.0,2025-03-24 23:54:00,8.11,5.5,84.0,1021.67,0.0,0.0,NNW,337.0,0.0,0.0,0.0,weather_underground,,
ILAMAD25,La Madeleine,other,EasyWeatherPro_V5.1.6,50.659,3.07,23.0,2025-03-24 23:59:00,8.0,5.39,84.0,1021.67,0.0,0.0,NNW,337.0,0.0,0.0,0.0,weather_underground,,
ILAMAD25,La Madeleine,other,EasyWeatherPro_V5.1.6,50.659,3.07,23.0,,,,,,,,,,,,,weather_underground,,
ILAMAD25,La Madeleine,other,EasyWeatherPro_V5.1.6,50.659,3.07,23.0,2025-03-24 00:04:00,7.94,5.39,84.0,1021.67,0.0,0.0,NNW,337.0,0.0,0.0,0.0,weather_underground,,
ILAMAD25,La Madeleine,other,EasyWeatherPro_V5.1.6,50.659,3.07,23.0,2025-03-24 00:09:00,7.89,5.5,85.0,1021.67,0.0,0.0,NNW,337.0,0.0,0.0,0.0,weather_underground,,
ILAMAD25,La Madeleine,other,EasyWeatherPro_V5.1.6,50.659,3.07,23.0,2025-03-24 00:14:00,7.89,5.5,85.0,1021.67,0.0,0.0,NNW,337.0,0.0,0.0,0.0,weather_underground,,
ILAMAD25,La Madeleine,other,EasyWeatherPro_V5.1.6,50.659,3.07,23.0,2025-03-24 00:19:00,7.83,5.61,86.0,1021.67,0.0,0.0,NNW,337.0,0.0,0.0,0.0,weather_underground,,
ILAMAD25,La Madeleine,other,EasyWeatherPro_V5.1.6,50.659,3.07,23.0,2025-03-24 00:24:00,7.83,5.67,86.0,1021.67,0.0,0.0,NNW,337.0,0.0,0.0,0.0,weather_underground,,
ILAMAD25,La Madeleine,other,EasyWeatherPro_V5.1.6,50.659,3.07,23.0,2025-03-24 00:29:00,7.94,5.72,86.0,1021.67,0.0,0.0,NNW,337.0,0.0,0.0,0.0,weather_underground,,
ILAMAD25,La Madeleine,other,EasyWeatherPro_V5.1.6,50.659,3.07,23.0,2025-03-24 00:34:00,8.11,5.72,85.0,1021.67,0.0,0.0,NNW,337.0,0.0,0.0,0.0,weather_underground,,
ILAMAD25,La Madeleine,other,EasyWeatherPro_V5.1.6,50.659,3.07,23.0,2025-03-24 00:39:00,8.17,5.72,85.0,1021.67,0.0,0.0,NNW,337.0,0.0,0.0,0.0,weather_underground,,
ILAMAD25,La Madeleine,other,EasyWeatherPro_V5.1.6,50.659,3.07,23.0,2025-03-24 00:44:00,8.22,5.78,85.0,1021.67,0.0,0.0,NNW,337.0,0.0,0.0,0.0,weather_underground,,
ILAMAD25,La Madeleine,other,EasyWeatherPro_V5.1.6,50.659,3.07,23.0,2025-03-24 00:49:00,8.22,5.78,85.0,1021.34,0.0,0.0,NNW,337.0,0.0,0.0,0.0,weather_underground,,
ILAMAD25,La Madeleine,other,EasyWeatherPro_V5.1.6,50.659,3.07,23.0,2025-03-24 00:54:00,8.28,5.89,85.0,1021.34,0.0,0.0,NNW,337.0,0.0,0.0,0.0,weather_underground,,
ILAMAD25,La Madeleine,other,EasyWeatherPro_V5.1.6,50.659,3.07,23.0,2025-03-24 00:59:00,8.28,5.89,85.0,1021.34,0.0,0.0,NNW,337.0,0.0,0.0,0.0,weather_underground,,
ILAMAD25,La Madeleine,other,EasyWeatherPro_V5.1.6,50.659,3.07,23.0,2025-03-24 01:04:00,8.33,5.94,85.0,1021.34,0.0,0.0,NNW,337.0,0.0,0.0,0.0,weather_underground,,
ILAMAD25,La Madeleine,other,EasyWeatherPro_V5.1.6,50.659,3.07,23.0,2025-03-24 01:09:00,8.39,6.0,85.0,1021.34,0.0,0.0,NNW,337.0,0.0,0.0,0.0,weather_underground,,
ILAMAD25,La Madeleine,other,EasyWeatherPro_V5.1.6,50.659,3.07,23.0,2025-03-24 01:14:00,8.5,6.11,85.0,1021.34,0.0,0.0,NNW,337.0,0.0,0.0,0.0,weather_underground,,
ILAMAD25,La Madeleine,other,EasyWeatherPro_V5.1.6,50.659,3.07,23.0,2025-03-24 01:19:00,8.56,6.17,85.0,1021.34,0.0,0.0,NNW,337.0,0.0,0.0,0.0,weather_underground,,
ILAMAD25,La Madeleine,other,EasyWeatherPro_V5.1.6,50.659,3.07,23.0,2025-03-24 01:24:00,8.61,6.06,84.0,1021.34,0.0,0.0,NNW,337.0,0.0,0.0,0.0,weather_underground,,
ILAMAD25,La Madeleine,other,EasyWeatherPro_V5.1.6,50.659,3.07,23.0,2025-03-24 01:29:00,8.67,6.06,84.0,1021.0,0.0,0.0,NNW,337.0,0.0,0.0,0.0,weather_underground,,
ILAMAD25,La Madeleine,other,EasyWeatherPro_V5.1.6,50.659,3.07,23.0,2025-03-24 01:34:00,8.72,6.11,84.0,1021.34,0.0,0.0,NNW,337.0,0.0,0.0,0.0,weather_underground,,
ILAMAD25,La Madeleine,other,EasyWeatherPro_V5.1.6,50.659,3.07,23.0,2025-03-24 01:39:00,8.72,6.11,84.0,1021.0,0.0,0.0,NNW,337.0,0.0,0.0,0.0,weather_underground,,
ILAMAD25,La Madeleine,other,EasyWeatherPro_V5.1.6,50.659,3.07,23.0,2025-03-24 01:44:00,8.72,6.11,84.0,1021.0,0.0,0.0,NNW,337.0,0.0,0.0,0.0,weather_underground,,
ILAMAD25,La Madeleine,other,EasyWeatherPro_V5.1.6,50.659,3.07,23.0,2025-03-24 01:49:00,8.61,6.0,84.0,1021.34,0.0,0.0,NNW,337.0,0.0,0.0,0.0,weather_underground,,
ILAMAD25,La Madeleine,other,EasyWeatherPro_V5.1.6,50.659,3.07,23.0,2025-03-24 01:54:00,8.56,5.94,84.0,1021.0,0.0,0.0,NNW,337.0,0.0,0.0,0.0,weather_underground,,
ILAMAD25,La Madeleine,other,EasyWeatherPro_V5.1.6,50.659,3.07,23.0,2025-03-24 01:59:00,8.44,5.83,84.0,1021.0,0.0,0.0,NNW,337.0,0.0,0.0,0.0,weather_underground,,
ILAMAD25,La Madeleine,other,EasyWeatherPro_V5.1.6,50.659,3.07,23.0,2025-03-24 02:04:00,8.33,5.83,84.0,1021.0,0.0,0.0,NNW,337.0,0.0,0.0,0.0,weather_underground,,
ILAMAD25,La Madeleine,other,EasyWeatherPro_V5.1.6,50.659,3.07,23.0,2025-03-24 02:09:00,8.22,5.83,85.0,1021.34,0.0,0.0,NNW,337.0,0.0,0.0,0.0,weather_underground,,
ILAMAD25,La Madeleine,other,EasyWeatherPro_V5.1.6,50.659,3.07,23.0,2025-03-24 02:14:00,8.11,5.72,85.0,1021.34,0.0,0.0,NNW,337.0,0.0,0.0,0.0,weather_underground,,
ILAMAD25,La Madeleine,other,EasyWeatherPro_V5.1.6,50.659,3.07,23.0,2025-03-24 02:19:00,8.0,5.67,85.0,1021.0,0.0,0.0,NNW,337.0,0.0,0.0,0.0,weather_underground,,
ILAMAD25,La Madeleine,other,EasyWeatherPro_V5.1.6,50.659,3.07,23.0,2025-03-24 02:24:00,7.89,5.72,86.0,1021.34,0.0,0.0,NNW,337.0,0.0,0.0,0.0,weather_underground,,
ILAMAD25,La Madeleine,other,EasyWeatherPro_V5.1.6,50.659,3.07,23.0,2025-03-24 02:29:00,7.89,5.72,86.0,1021.34,0.0,0.0,NNW,337.0,0.0,0.0,0.0,weather_underground,,
ILAMAD25,La Madeleine,other,EasyWeatherPro_V5.1.6,50.659,3.07,23.0,2025-03-24 02:34:00,7.83,5.67,86.0,1021.0,0.0,0.0,NNW,337.0,0.0,0.0,0.0,weather_underground,,
ILAMAD25,La Madeleine,other,EasyWeatherPro_V5.1.6,50.659,3.07,23.0,2025-03-24 02:39:00,7.78,5.72,87.0,1021.34,0.0,0.0,NNW,337.0,0.0,0.0,0.0,weather_underground,,
ILAMAD25,La Madeleine,other,EasyWeatherPro_V5.1.6,50.659,3.07,23.0,2025-03-24 02:44:00,7.83,5.83,87.0,1021.0,0.0,0.0,NNW,337.0,0.0,0.0,0.0,weather_underground,,
ILAMAD25,La Madeleine,other,EasyWeatherPro_V5.1.6,50.659,3.07,23.0,2025-03-24 02:49:00,7.78,5.78,87.0,1021.0,0.0,0.0,NNW,337.0,0.0,0.0,0.0,weather_underground,,
ILAMAD25,La Madeleine,other,EasyWeatherPro_V5.1.6,50.659,3.07,23.0,2025-03-24 02:54:00,7.72,5.72,87.0,1021.0,0.0,0.0,NNW,337.0,0.0,0.0,0.0,weather_underground,,
ILAMAD25,La Madeleine,other,EasyWeatherPro_V5.1.6,50.659,3.07,23.0,2025-03-24 02:59:00,7.78,5.78,87.0,1021.0,0.0,0.0,NNW,337.0,0.0,0.0,0.0,weather_underground,,
ILAMAD25,La Madeleine,other,EasyWeatherPro_V5.1.6,50.659,3.07,23.0,2025-03-24 03:04:00,7.72,5.72,87.0,1021.0,0.0,0.0,NNW,337.0,0.0,0.0,0.0,weather_underground,,
ILAMAD25,La Madeleine,other,EasyWeatherPro_V5.1.6,50.659,3.07,23.0,2025-03-24 03:09:00,7.61,5.72,88.0,1021.0,0.0,0.0,NNW,337.0,0.0,0.0,0.0,weather_underground,,
ILAMAD25,La Madeleine,other,EasyWeatherPro_V5.1.6,50.659,3.07,23.0,2025-03-24 03:14:00,7.44,5.56,88.0,1021.0,0.0,0.0,NNW,337.0,0.0,0.0,0.0,weather_underground,,
ILAMAD25,La Madeleine,other,EasyWeatherPro_V5.1.6,50.659,3.07,23.0,2025-03-24 03:19:00,7.33,5.44,88.0,1021.0,0.0,0.0,NNW,337.0,0.0,0.0,0.0,weather_underground,,
ILAMAD25,La Madeleine,other,EasyWeatherPro_V5.1.6,50.659,3.07,23.0,2025-03-24 03:24:00,7.22,5.33,88.0,1021.0,0.0,0.0,NNW,337.0,0.0,0.0,0.0,weather_underground,,
ILAMAD25,La Madeleine,other,EasyWeatherPro_V5.1.6,50.659,3.07,23.0,2025-03-24 03:29:00,7.17,5.22,88.0,1021.0,0.0,0.0,NNW,337.0,0.0,0.0,0.0,weather_underground,,
ILAMAD25,La Madeleine,other,EasyWeatherPro_V5.1.6,50.659,3.07,23.0,2025-03-24 03:34:00,7.11,5.28,88.0,1020.66,0.0,0.0,NNW,337.0,0.0,0.0,0.0,weather_underground,,
ILAMAD25,La Madeleine,other,EasyWeatherPro_V5.1.6,50.659,3.07,23.0,2025-03-24 03:39:00,7.11,5.39,89.0,1020.66,0.0,0.0,NNW,337.0,0.0,0.0,0.0,weather_underground,,
ILAMAD25,La Madeleine,other,EasyWeatherPro_V5.1.6,50.659,3.07,23.0,2025-03-24 03:44:00,7.11,5.39,89.0,1020.66,0.0,0.0,NNW,337.0,0.0,0.0,0.0,weather_underground,,
ILAMAD25,La Madeleine,other,EasyWeatherPro_V5.1.6,50.659,3.07,23.0,2025-03-24 03:49:00,7.11,5.44,89.0,1020.66,0.0,0.0,NNW,337.0,0.0,0.0,0.0,weather_underground,,
ILAMAD25,La Madeleine,other,EasyWeatherPro_V5.1.6,50.659,3.07,23.0,2025-03-24 03:54:00,7.17,5.67,90.0,1020.66,0.0,0.0,NNW,337.0,0.0,0.0,0.0,weather_underground,,
ILAMAD25,La Madeleine,other,EasyWeatherPro_V5.1.6,50.659,3.07,23.0,2025-03-24 03:59:00,7.22,5.72,90.0,1020.66,0.0,0.0,NNW,337.0,0.0,0.0,0.0,weather_underground,,
ILAMAD25,La Madeleine,other,EasyWeatherPro_V5.1.6,50.659,3.07,23.0,2025-03-24 04:04:00,7.22,5.61,90.0,1020.66,0.0,0.0,NNW,337.0,0.0,0.0,0.0,weather_underground,,
ILAMAD25,La Madeleine,other,EasyWeatherPro_V5.1.6,50.659,3.07,23.0,2025-03-24 04:09:00,7.11,5.39,89.0,1020.66,0.0,0.0,NNW,337.0,0.0,0.0,0.0,weather_underground,,
ILAMAD25,La Madeleine,other,EasyWeatherPro_V5.1.6,50.659,3.07,23.0,2025-03-24 04:14:00,7.0,5.28,89.0,1020.66,0.0,0.0,NNW,337.0,0.0,0.0,0.0,weather_underground,,
ILAMAD25,La Madeleine,other,EasyWeatherPro_V5.1.6,50.659,3.07,23.0,2025-03-24 04:19:00,6.89,5.22,89.0,1020.66,0.0,0.0,NNW,337.0,0.0,0.0,0.0,weather_underground,,
ILAMAD25,La Madeleine,other,EasyWeatherPro_V5.1.6,50.659,3.07,23.0,2025-03-24 04:24:00,6.89,5.28,89.0,1020.66,0.0,0.0,NNW,337.0,0.0,0.0,0.0,weather_underground,,
ILAMAD25,La Madeleine,other,EasyWeatherPro_V5.1.6,50.659,3.07,23.0,2025-03-24 04:29:00,6.78,5.28,90.0,1020.66,0.0,0.0,NNW,337.0,0.0,0.0,0.0,weather_underground,,
ILAMAD25,La Madeleine,other,EasyWeatherPro_V5.1.6,50.659,3.07,23.0,2025-03-24 04:34:00,6.83,5.33,90.0,1020.66,0.0,0.0,NNW,337.0,0.0,0.0,0.0,weather_underground,,
ILAMAD25,La Madeleine,other,EasyWeatherPro_V5.1.6,50.659,3.07,23.0,2025-03-24 04:39:00,6.89,5.39,90.0,1020.66,0.0,0.0,NNW,337.0,0.0,0.0,0.0,weather_underground,,
ILAMAD25,La Madeleine,other,EasyWeatherPro_V5.1.6,50.659,3.07,23.0,2025-03-24 04:44:00,6.89,5.39,90.0,1020.66,0.0,0.0,NNW,337.0,0.0,0.0,0.0,weather_underground,,
ILAMAD25,La Madeleine,other,EasyWeatherPro_V5.1.6,50.659,3.07,23.0,2025-03-24 04:49:00,6.83,5.33,90.0,1020.66,0.0,0.0,NNW,337.0,0.0,0.0,0.0,weather_underground,,
ILAMAD25,La Madeleine,other,EasyWeatherPro_V5.1.6,50.659,3.07,23.0,2025-03-24 04:54:00,6.78,5.28,90.0,1020.66,0.0,0.0,NNW,337.0,0.0,0.0,0.0,weather_underground,,
ILAMAD25,La Madeleine,other,EasyWeatherPro_V5.1.6,50.659,3.07,23.0,2025-03-24 04:59:00,6.67,5.17,90.0,1020.66,0.0,0.0,NNW,337.0,0.0,0.0,0.0,weather_underground,,
ILAMAD25,La Madeleine,other,EasyWeatherPro_V5.1.6,50.659,3.07,23.0,2025-03-24 05:04:00,6.72,5.28,90.0,1020.66,0.0,0.0,NNW,337.0,0.0,0.0,0.0,weather_underground,,
ILAMAD25,La Madeleine,other,EasyWeatherPro_V5.1.6,50.659,3.07,23.0,2025-03-24 05:09:00,6.72,5.39,91.0,1020.66,0.0,0.0,NNW,337.0,0.0,0.0,0.0,weather_underground,,
ILAMAD25,La Madeleine,other,EasyWeatherPro_V5.1.6,50.659,3.07,23.0,2025-03-24 05:14:00,6.67,5.33,91.0,1020.66,0.0,0.0,NNW,337.0,0.0,0.0,0.0,weather_underground,,
ILAMAD25,La Madeleine,other,EasyWeatherPro_V5.1.6,50.659,3.07,23.0,2025-03-24 05:19:00,6.61,5.28,91.0,1020.66,0.0,0.0,NNW,337.0,0.0,0.0,0.0,weather_underground,,
ILAMAD25,La Madeleine,other,EasyWeatherPro_V5.1.6,50.659,3.07,23.0,2025-03-24 05:24:00,6.56,5.28,91.0,1020.32,0.0,0.0,NNW,337.0,0.0,0.0,0.0,weather_underground,,
ILAMAD25,La Madeleine,other,EasyWeatherPro_V5.1.6,50.659,3.07,23.0,2025-03-24 05:29:00,6.5,5.22,91.0,1020.66,0.0,0.0,NNW,337.0,0.0,0.0,0.0,weather_underground,,
ILAMAD25,La Madeleine,other,EasyWeatherPro_V5.1.6,50.659,3.07,23.0,2025-03-24 05:34:00,6.44,5.17,91.0,1020.32,0.0,0.0,NNW,337.0,0.0,0.0,0.0,weather_underground,,
ILAMAD25,La Madeleine,other,EasyWeatherPro_V5.1.6,50.659,3.07,23.0,2025-03-24 05:39:00,6.39,5.11,91.0,1020.32,0.0,0.0,NNW,337.0,0.0,0.0,0.0,weather_underground,,
ILAMAD25,La Madeleine,other,EasyWeatherPro_V5.1.6,50.659,3.07,23.0,2025-03-24 05:44:00,6.39,5.11,91.0,1020.32,0.0,0.0,NNW,337.0,0.0,0.0,0.0,weather_underground,,
ILAMAD25,La Madeleine,other,EasyWeatherPro_V5.1.6,50.659,3.07,23.0,2025-03-24 05:49:00,6.39,5.11,91.0,1020.32,0.0,0.0,NNW,337.0,0.0,0.0,0.0,weather_underground,,
ILAMAD25,La Madeleine,other,EasyWeatherPro_V5.1.6,50.659,3.07,23.0,2025-03-24 05:54:00,6.39,5.11,91.0,1020.32,0.0,0.0,NNW,337.0,0.0,0.0,0.0,weather_underground,,
ILAMAD25,La Madeleine,other,EasyWeatherPro_V5.1.6,50.659,3.07,23.0,2025-03-24 05:59:00,6.33,5.06,91.0,1020.32,0.0,0.0,NNW,337.0,0.0,0.0,0.0,weather_underground,,
ILAMAD25,La Madeleine,other,EasyWeatherPro_V5.1.6,50.659,3.07,23.0,2025-03-24 06:04:00,6.33,5.06,91.0,1020.32,0.0,0.0,NNW,337.0,0.0,0.0,0.0,weather_underground,,
ILAMAD25,La Madeleine,other,EasyWeatherPro_V5.1.6,50.659,3.07,23.0,2025-03-24 06:09:00,6.28,5.0,91.0,1020.32,0.0,0.0,NNW,337.0,0.0,0.0,0.0,weather_underground,,
ILAMAD25,La Madeleine,other,EasyWeatherPro_V5.1.6,50.659,3.07,23.0,2025-03-24 06:14:00,6.22,5.0,92.0,1020.32,0.0,0.0,NNW,337.0,0.0,0.0,0.0,weather_underground,,
ILAMAD25,La Madeleine,other,EasyWeatherPro_V5.1.6,50.659,3.07,23.0,2025-03-24 06:19:00,6.22,5.0,92.0,1020.32,0.0,0.0,NNW,337.0,0.0,0.0,0.0,weather_underground,,
ILAMAD25,La Madeleine,other,EasyWeatherPro_V5.1.6,50.659,3.07,23.0,2025-03-24 06:24:00,6.22,5.0,92.0,1020.32,0.0,0.0,NNW,337.0,0.0,0.0,0.0,weather_underground,,
ILAMAD25,La Madeleine,other,EasyWeatherPro_V5.1.6,50.659,3.07,23.0,2025-03-24 06:29:00,6.17,4.94,92.0,1020.32,0.0,0.0,NNW,337.0,0.0,0.0,0.0,weather_underground,,
ILAMAD25,La Madeleine,other,EasyWeatherPro_V5.1.6,50.659,3.07,23.0,2025-03-24 06:34:00,6.06,4.83,92.0,1020.32,0.0,0.0,NNW,337.0,0.0,0.0,0.0,weather_underground,,
ILAMAD25,La Madeleine,other,EasyWeatherPro_V5.1.6,50.659,3.07,23.0,2025-03-24 06:39:00,6.06,4.83,92.0,1020.32,0.0,0.0,NNW,337.0,0.0,0.0,0.0,weather_underground,,
ILAMAD25,La Madeleine,other,EasyWeatherPro_V5.1.6,50.659,3.07,23.0,2025-03-24 06:44:00,6.11,4.89,92.0,1020.32,0.0,0.0,NNW,337.0,0.0,0.0,0.0,weather_underground,,
ILAMAD25,La Madeleine,other,EasyWeatherPro_V5.1.6,50.659,3.07,23.0,2025-03-24 06:49:00,6.06,4.83,92.0,1019.98,0.0,0.0,NNW,337.0,0.0,0.0,0.0,weather_underground,,
ILAMAD25,La Madeleine,other,EasyWeatherPro_V5.1.6,50.659,3.07,23.0,2025-03-24 06:54:00,6.06,4.83,92.0,1020.32,0.0,0.0,NNW,337.0,0.0,0.0,0.0,weather_underground,,
ILAMAD25,La Madeleine,other,EasyWeatherPro_V5.1.6,50.659,3.07,23.0,2025-03-24 06:59:00,6.0,4.78,92.0,1020.32,0.0,0.0,NNW,337.0,0.0,0.0,0.0,weather_underground,,
ILAMAD25,La Madeleine,other,EasyWeatherPro_V5.1.6,50.659,3.07,23.0,2025-03-24 07:04:00,6.0,4.78,92.0,1020.32,0.0,0.0,NNW,337.0,0.0,0.0,0.0,weather_underground,,
ILAMAD25,La Madeleine,other,EasyWeatherPro_V5.1.6,50.659,3.07,23.0,2025-03-24 07:09:00,5.94,4.78,92.0,1020.32,0.0,0.0,NNW,337.0,0.0,0.0,0.0,weather_underground,,
ILAMAD25,La Madeleine,other,EasyWeatherPro_V5.1.6,50.659,3.07,23.0,2025-03-24 07:14:00,5.89,4.72,92.0,1020.32,0.0,0.0,NNW,337.0,0.0,0.0,0.0,weather_underground,,
ILAMAD25,La Madeleine,other,EasyWeatherPro_V5.1.6,50.659,3.07,23.0,2025-03-24 07:19:00,5.83,4.67,92.0,1019.98,0.0,0.0,NNW,337.0,0.0,0.0,0.0,weather_underground,,
ILAMAD25,La Madeleine,other,EasyWeatherPro_V5.1.6,50.659,3.07,23.0,2025-03-24 07:24:00,5.78,4.61,92.0,1020.32,0.0,0.0,NNW,337.0,0.0,0.0,0.0,weather_underground,,
ILAMAD25,La Madeleine,other,EasyWeatherPro_V5.1.6,50.659,3.07,23.0,2025-03-24 07:29:00,5.78,4.67,93.0,1020.32,0.0,0.0,NNW,337.0,0.0,0.0,0.0,weather_underground,,
ILAMAD25,La Madeleine,other,EasyWeatherPro_V5.1.6,50.659,3.07,23.0,2025-03-24 07:34:00,5.78,4.72,93.0,1020.32,0.0,0.0,NNW,337.0,0.0,0.1,0.0,weather_underground,,
ILAMAD25,La Madeleine,other,EasyWeatherPro_V5.1.6,50.659,3.07,23.0,2025-03-24 07:39:00,5.67,4.56,93.0,1019.98,0.0,0.0,NNW,337.0,0.0,0.2,0.0,weather_underground,,
ILAMAD25,La Madeleine,other,EasyWeatherPro_V5.1.6,50.659,3.07,23.0,2025-03-24 07:44:00,5.61,4.5,93.0,1019.98,0.0,0.0,NNW,337.0,0.0,0.4,0.0,weather_underground,,
ILAMAD25,La Madeleine,other,EasyWeatherPro_V5.1.6,50.659,3.07,23.0,2025-03-24 07:49:00,5.5,4.39,93.0,1019.98,0.0,0.0,NNW,337.0,0.0,0.8,0.0,weather_underground,,
ILAMAD25,La Madeleine,other,EasyWeatherPro_V5.1.6,50.659,3.07,23.0,2025-03-24 07:54:00,5.5,4.39,93.0,1019.98,0.0,0.0,NNW,337.0,0.0,1.4,0.0,weather_underground,,
ILAMAD25,La Madeleine,other,EasyWeatherPro_V5.1.6,50.659,3.07,23.0,2025-03-24 07:59:00,5.56,4.44,93.0,1019.98,0.0,0.0,NNW,337.0,0.0,2.1,0.0,weather_underground,,
ILAMAD25,La Madeleine,other,EasyWeatherPro_V5.1.6,50.659,3.07,23.0,2025-03-24 08:04:00,5.72,4.61,93.0,1019.98,0.0,0.0,NNW,337.0,0.0,3.1,0.0,weather_underground,,
ILAMAD25,La Madeleine,other,EasyWeatherPro_V5.1.6,50.659,3.07,23.0,2025-03-24 08:09:00,5.72,4.61,93.0,1019.98,0.0,0.0,NNW,337.0,0.0,4.0,0.0,weather_underground,,
ILAMAD25,La Madeleine,other,EasyWeatherPro_V5.1.6,50.659,3.07,23.0,2025-03-24 08:14:00,5.72,4.61,93.0,1019.98,0.0,0.0,NNW,337.0,0.0,5.1,0.0,weather_underground,,
ILAMAD25,La Madeleine,other,EasyWeatherPro_V5.1.6,50.659,3.07,23.0,2025-03-24 08:19:00,5.78,4.72,93.0,1019.98,0.0,0.0,NNW,337.0,0.0,6.4,0.0,weather_underground,,
ILAMAD25,La Madeleine,other,EasyWeatherPro_V5.1.6,50.659,3.07,23.0,2025-03-24 08:24:00,5.83,4.78,93.0,1019.98,0.0,0.0,NNW,337.0,0.0,7.7,0.0,weather_underground,,
ILAMAD25,La Madeleine,other,EasyWeatherPro_V5.1.6,50.659,3.07,23.0,2025-03-24 08:29:00,5.89,4.78,93.0,1019.98,0.0,0.0,NNW,337.0,0.0,9.1,0.0,weather_underground,,
ILAMAD25,La Madeleine,other,EasyWeatherPro_V5.1.6,50.659,3.07,23.0,2025-03-24 08:34:00,6.0,4.89,93.0,1019.98,0.0,0.0,NNW,337.0,0.0,10.5,0.0,weather_underground,,
ILAMAD25,La Madeleine,other,EasyWeatherPro_V5.1.6,50.659,3.07,23.0,2025-03-24 08:39:00,6.11,5.0,93.0,1019.98,0.0,0.0,NNW,337.0,0.0,11.7,0.0,weather_underground,,
ILAMAD25,La Madeleine,other,EasyWeatherPro_V5.1.6,50.659,3.07,23.0,2025-03-24 08:44:00,6.11,5.06,93.0,1019.98,0.0,0.0,NNW,337.0,0.0,13.0,0.0,weather_underground,,
ILAMAD25,La Madeleine,other,EasyWeatherPro_V5.1.6,50.659,3.07,23.0,2025-03-24 08:49:00,6.28,5.22,93.0,1019.98,0.0,0.0,NNW,337.0,0.0,14.0,0.0,weather_underground,,
ILAMAD25,La Madeleine,other,EasyWeatherPro_V5.1.6,50.659,3.07,23.0,2025-03-24 08:54:00,6.5,5.39,93.0,1019.98,0.0,0.0,NNW,337.0,0.0,15.1,0.0,weather_underground,,
ILAMAD25,La Madeleine,other,EasyWeatherPro_V5.1.6,50.659,3.07,23.0,2025-03-24 08:59:00,6.67,5.56,93.0,1019.98,0.0,0.0,NNW,337.0,0.0,16.2,0.0,weather_underground,,
ILAMAD25,La Madeleine,other,EasyWeatherPro_V5.1.6,50.659,3.07,23.0,2025-03-24 09:04:00,6.72,5.67,93.0,1019.98,0.0,0.0,NNW,337.0,0.0,17.2,0.0,weather_underground,,
ILAMAD25,La Madeleine,other,EasyWeatherPro_V5.1.6,50.659,3.07,23.0,2025-03-24 09:09:00,6.83,5.78,93.0,1019.98,0.0,0.0,NNW,337.0,0.0,18.1,0.0,weather_underground,,
ILAMAD25,La Madeleine,other,EasyWeatherPro_V5.1.6,50.659,3.07,23.0,2025-03-24 09:14:00,7.0,5.78,92.0,1019.98,0.0,0.0,NNW,337.0,0.0,18.8,0.0,weather_underground,,
ILAMAD25,La Madeleine,other,EasyWeatherPro_V5.1.6,50.659,3.07,23.0,2025-03-24 09:19:00,7.11,5.83,92.0,1019.98,0.0,0.0,NNW,337.0,0.0,19.8,0.0,weather_underground,,
ILAMAD25,La Madeleine,other,EasyWeatherPro_V5.1.6,50.659,3.07,23.0,2025-03-24 09:24:00,7.22,5.89,91.0,1019.98,0.0,0.0,NNW,337.0,0.0,20.8,0.0,weather_underground,,
ILAMAD25,La Madeleine,other,EasyWeatherPro_V5.1.6,50.659,3.07,23.0,2025-03-24 09:29:00,7.33,5.83,90.0,1019.98,0.0,0.0,NNW,337.0,0.0,23.0,0.0,weather_underground,,
ILAMAD25,La Madeleine,other,EasyWeatherPro_V5.1.6,50.659,3.07,23.0,2025-03-24 09:34:00,7.5,5.89,90.0,1019.98,0.0,0.97,NNW,337.0,0.0,24.8,0.0,weather_underground,,
ILAMAD25,La Madeleine,other,EasyWeatherPro_V5.1.6,50.659,3.07,23.0,2025-03-24 09:39:00,7.72,6.0,89.0,1019.98,0.0,1.29,NNW,337.0,0.0,23.6,0.0,weather_underground,,
ILAMAD25,La Madeleine,other,EasyWeatherPro_V5.1.6,50.659,3.07,23.0,2025-03-24 09:44:00,7.89,6.06,88.0,1019.98,0.0,0.0,NNW,337.0,0.0,24.5,0.0,weather_underground,,
ILAMAD25,La Madeleine,other,EasyWeatherPro_V5.1.6,50.659,3.07,23.0,2025-03-24 09:49:00,8.06,6.17,88.0,1019.98,0.0,0.0,NNW,337.0,0.0,25.7,0.0,weather_underground,,
ILAMAD25,La Madeleine,other,EasyWeatherPro_V5.1.6,50.659,3.07,23.0,2025-03-24 09:54:00,8.22,6.22,87.0,1019.98,0.0,0.0,NNW,337.0,0.0,26.5,0.0,weather_underground,,
ILAMAD25,La Madeleine,other,EasyWeatherPro_V5.1.6,50.659,3.07,23.0,2025-03-24 09:59:00,8.39,6.39,87.0,1019.98,0.0,0.0,NNW,337.0,0.0,27.1,0.0,weather_underground,,
ILAMAD25,La Madeleine,other,EasyWeatherPro_V5.1.6,50.659,3.07,23.0,2025-03-24 10:04:00,8.61,6.39,86.0,1019.98,0.0,0.0,NNW,337.0,0.0,27.3,0.0,weather_underground,,
ILAMAD25,La Madeleine,other,EasyWeatherPro_V5.1.6,50.659,3.07,23.0,2025-03-24 10:09:00,8.78,6.39,85.0,1019.98,0.0,0.0,NNW,337.0,0.0,27.7,0.0,weather_underground,,
ILAMAD25,La Madeleine,other,EasyWeatherPro_V5.1.6,50.659,3.07,23.0,2025-03-24 10:14:00,8.94,6.44,85.0,1019.98,0.0,0.0,NNW,337.0,0.0,28.0,0.0,weather_underground,,
ILAMAD25,La Madeleine,other,EasyWeatherPro_V5.1.6,50.659,3.07,23.0,2025-03-24 10:19:00,9.17,6.56,84.0,1019.98,0.0,0.0,NNW,337.0,0.0,28.0,0.0,weather_underground,,
ILAMAD25,La Madeleine,other,EasyWeatherPro_V5.1.6,50.659,3.07,23.0,2025-03-24 10:24:00,9.33,6.72,84.0,1019.98,0.0,0.0,NNW,337.0,0.0,28.3,0.0,weather_underground,,
ILAMAD25,La Madeleine,other,EasyWeatherPro_V5.1.6,50.659,3.07,23.0,2025-03-24 10:29:00,9.61,6.78,83.0,1019.98,0.0,0.0,NNW,337.0,0.0,28.4,0.0,weather_underground,,
ILAMAD25,La Madeleine,other,EasyWeatherPro_V5.1.6,50.659,3.07,23.0,2025-03-24 10:34:00,9.78,6.89,82.0,1019.98,0.0,0.0,NNW,337.0,0.0,28.5,0.0,weather_underground,,
ILAMAD25,La Madeleine,other,EasyWeatherPro_V5.1.6,50.659,3.07,23.0,2025-03-24 10:39:00,10.0,6.94,81.0,1019.98,0.0,0.0,NNW,337.0,0.0,28.6,0.0,weather_underground,,
ILAMAD25,La Madeleine,other,EasyWeatherPro_V5.1.6,50.659,3.07,23.0,2025-03-24 10:44:00,10.22,7.17,81.0,1019.98,0.0,0.0,NNW,337.0,0.0,29.0,0.0,weather_underground,,
ILAMAD25,La Madeleine,other,EasyWeatherPro_V5.1.6,50.659,3.07,23.0,2025-03-24 10:49:00,10.44,7.28,81.0,1019.98,0.0,0.0,NNW,337.0,0.0,28.9,0.0,weather_underground,,
ILAMAD25,La Madeleine,other,EasyWeatherPro_V5.1.6,50.659,3.07,23.0,2025-03-24 10:54:00,10.67,7.33,80.0,1019.98,0.0,0.0,NNW,337.0,0.0,28.9,0.0,weather_underground,,
ILAMAD25,La Madeleine,other,EasyWeatherPro_V5.1.6,50.659,3.07,23.0,2025-03-24 10:59:00,10.78,7.33,79.0,1020.32,0.0,0.0,NNW,337.0,0.0,29.0,0.0,weather_underground,,
ILAMAD25,La Madeleine,other,EasyWeatherPro_V5.1.6,50.659,3.07,23.0,2025-03-24 11:04:00,11.0,7.22,78.0,1019.98,0.0,0.0,NNW,337.0,0.0,29.0,0.0,weather_underground,,
ILAMAD25,La Madeleine,other,EasyWeatherPro_V5.1.6,50.659,3.07,23.0,2025-03-24 11:09:00,11.17,7.33,78.0,1019.98,0.0,0.0,NNW,337.0,0.0,29.1,0.0,weather_underground,,
ILAMAD25,La Madeleine,other,EasyWeatherPro_V5.1.6,50.659,3.07,23.0,2025-03-24 11:14:00,11.22,7.22,77.0,1019.98,0.48,1.77,NNW,337.0,0.0,29.2,0.0,weather_underground,,
ILAMAD25,La Madeleine,other,EasyWeatherPro_V5.1.6,50.659,3.07,23.0,2025-03-24 11:19:00,11.39,7.39,76.0,1019.98,0.0,3.54,NW,315.0,0.0,29.5,0.0,weather_underground,,
ILAMAD25,La Madeleine,other,EasyWeatherPro_V5.1.6,50.659,3.07,23.0,2025-03-24 11:24:00,11.67,7.44,75.0,1019.98,0.0,0.0,NNW,337.0,0.0,29.6,0.0,weather_underground,,
ILAMAD25,La Madeleine,other,EasyWeatherPro_V5.1.6,50.659,3.07,23.0,2025-03-24 11:29:00,11.78,7.56,75.0,1019.98,0.0,0.0,NNW,337.0,0.0,29.3,0.0,weather_underground,,
ILAMAD25,La Madeleine,other,EasyWeatherPro_V5.1.6,50.659,3.07,23.0,2025-03-24 11:34:00,11.94,7.67,75.0,1019.98,0.0,1.29,NW,315.0,0.0,29.2,0.0,weather_underground,,
ILAMAD25,La Madeleine,other,EasyWeatherPro_V5.1.6,50.659,3.07,23.0,2025-03-24 11:39:00,12.06,7.5,74.0,1019.98,0.0,0.64,NNW,337.0,0.0,29.3,0.0,weather_underground,,
ILAMAD25,La Madeleine,other,EasyWeatherPro_V5.1.6,50.659,3.07,23.0,2025-03-24 11:44:00,12.33,7.72,74.0,1019.64,0.0,0.0,NNW,337.0,0.0,29.3,0.0,weather_underground,,
ILAMAD25,La Madeleine,other,EasyWeatherPro_V5.1.6,50.659,3.07,23.0,2025-03-24 11:49:00,12.56,7.78,73.0,1019.64,0.0,1.61,NNW,337.0,0.0,29.7,0.0,weather_underground,,
ILAMAD25,La Madeleine,other,EasyWeatherPro_V5.1.6,50.659,3.07,23.0,2025-03-24 11:54:00,12.72,7.72,72.0,1019.64,0.0,0.0,NNW,337.0,0.0,29.8,0.0,weather_underground,,
ILAMAD25,La Madeleine,other,EasyWeatherPro_V5.1.6,50.659,3.07,23.0,2025-03-24 11:59:00,12.94,8.0,72.0,1019.64,0.16,0.32,NW,315.0,0.0,30.0,0.0,weather_underground,,
ILAMAD25,La Madeleine,other,EasyWeatherPro_V5.1.6,50.659,3.07,23.0,2025-03-24 12:04:00,13.17,8.06,72.0,1019.64,0.0,1.93,NNW,337.0,0.0,30.2,0.0,weather_underground,,
ILAMAD25,La Madeleine,other,EasyWeatherPro_V5.1.6,50.659,3.07,23.0,2025-03-24 12:09:00,13.33,8.22,72.0,1019.3,0.0,0.0,NNW,337.0,0.0,30.1,0.0,weather_underground,,
ILAMAD25,La Madeleine,other,EasyWeatherPro_V5.1.6,50.659,3.07,23.0,2025-03-24 12:14:00,13.5,8.33,71.0,1019.3,0.0,0.0,NNW,337.0,0.0,29.9,0.0,weather_underground,,
ILAMAD25,La Madeleine,other,EasyWeatherPro_V5.1.6,50.659,3.07,23.0,2025-03-24 12:19:00,13.61,8.0,69.0,1019.3,0.48,3.86,NW,315.0,0.0,29.9,0.0,weather_underground,,
ILAMAD25,La Madeleine,other,EasyWeatherPro_V5.1.6,50.659,3.07,23.0,2025-03-24 12:24:00,13.67,8.17,69.0,1019.3,0.16,1.13,NW,315.0,0.0,29.8,0.0,weather_underground,,
ILAMAD25,La Madeleine,other,EasyWeatherPro_V5.1.6,50.659,3.07,23.0,2025-03-24 12:29:00,13.78,8.06,68.0,1019.3,0.16,2.25,NW,315.0,0.0,29.7,0.0,weather_underground,,
ILAMAD25,La Madeleine,other,EasyWeatherPro_V5.1.6,50.659,3.07,23.0,2025-03-24 12:34:00,14.0,8.28,68.0,1019.3,0.16,2.09,NNW,337.0,0.0,29.9,0.0,weather_underground,,
ILAMAD25,La Madeleine,other,EasyWeatherPro_V5.1.6,50.659,3.07,23.0,2025-03-24 12:39:00,14.11,8.11,67.0,1019.3,0.16,3.22,NNW,337.0,0.0,30.2,0.0,weather_underground,,
ILAMAD25,La Madeleine,other,EasyWeatherPro_V5.1.6,50.659,3.07,23.0,2025-03-24 12:44:00,14.33,8.44,68.0,1018.96,0.0,0.0,NNW,337.0,0.0,30.0,0.0,weather_underground,,
ILAMAD25,La Madeleine,other,EasyWeatherPro_V5.1.6,50.659,3.07,23.0,2025-03-24 12:49:00,14.44,8.33,67.0,1018.96,0.0,0.0,NNW,337.0,0.0,30.6,0.0,weather_underground,,
ILAMAD25,La Madeleine,other,EasyWeatherPro_V5.1.6,50.659,3.07,23.0,2025-03-24 12:54:00,14.83,8.67,67.0,1018.96,0.32,3.86,NW,315.0,0.0,30.7,0.0,weather_underground,,
ILAMAD25,La Madeleine,other,EasyWeatherPro_V5.1.6,50.659,3.07,23.0,2025-03-24 12:59:00,15.06,8.33,64.0,1018.96,0.32,2.9,NNW,337.0,0.0,31.2,0.0,weather_underground,,
ILAMAD25,La Madeleine,other,EasyWeatherPro_V5.1.6,50.659,3.07,23.0,2025-03-24 13:04:00,14.83,8.0,64.0,1018.96,0.32,4.18,WNW,292.0,0.0,31.5,0.0,weather_underground,,
ILAMAD25,La Madeleine,other,EasyWeatherPro_V5.1.6,50.659,3.07,23.0,2025-03-24 13:09:00,15.06,8.44,65.0,1018.63,0.16,1.61,North,,0.0,32.9,0.0,weather_underground,,
ILAMAD25,La Madeleine,other,EasyWeatherPro_V5.1.6,50.659,3.07,23.0,2025-03-24 13:14:00,15.67,8.56,63.0,1018.63,0.0,0.0,NNW,337.0,0.0,33.3,0.0,weather_underground,,
ILAMAD25,La Madeleine,other,EasyWeatherPro_V5.1.6,50.659,3.07,23.0,2025-03-24 13:19:00,16.33,8.44,59.0,1018.63,0.32,3.54,NNW,337.0,0.0,34.1,0.0,weather_underground,,
ILAMAD25,La Madeleine,other,EasyWeatherPro_V5.1.6,50.659,3.07,23.0,2025-03-24 13:24:00,16.39,8.0,58.0,1018.63,0.32,4.51,NNW,337.0,0.0,35.0,0.0,weather_underground,,
ILAMAD25,La Madeleine,other,EasyWeatherPro_V5.1.6,50.659,3.07,23.0,2025-03-24 13:29:00,16.5,8.28,58.0,1018.63,0.16,4.51,NNW,337.0,0.0,36.0,0.0,weather_underground,,
ILAMAD25,La Madeleine,other,EasyWeatherPro_V5.1.6,50.659,3.07,23.0,2025-03-24 13:34:00,16.83,8.61,58.0,1018.29,0.32,3.54,NNW,337.0,0.0,170.2,1.0,weather_underground,,
ILAMAD25,La Madeleine,other,EasyWeatherPro_V5.1.6,50.659,3.07,23.0,2025-03-24 13:39:00,15.72,6.72,55.0,1018.29,0.32,1.93,WNW,292.0,0.0,389.8,3.0,weather_underground,,
ILAMAD25,La Madeleine,other,EasyWeatherPro_V5.1.6,50.659,3.07,23.0,2025-03-24 13:44:00,15.72,7.0,56.0,1018.29,0.48,6.76,NNW,337.0,0.0,389.5,3.0,weather_underground,,
ILAMAD25,La Madeleine,other,EasyWeatherPro_V5.1.6,50.659,3.07,23.0,2025-03-24 13:49:00,16.0,6.72,54.0,1017.95,0.8,5.47,NNW,337.0,0.0,392.6,3.0,weather_underground,,
ILAMAD25,La Madeleine,other,EasyWeatherPro_V5.1.6,50.659,3.07,23.0,2025-03-24 13:54:00,15.94,6.56,53.0,1018.29,0.8,5.47,NNW,337.0,0.0,402.5,3.0,weather_underground,,
ILAMAD25,La Madeleine,other,EasyWeatherPro_V5.1.6,50.659,3.07,23.0,2025-03-24 13:59:00,15.78,6.0,52.0,1017.95,0.8,5.47,NW,315.0,0.0,395.5,3.0,weather_underground,,
ILAMAD25,La Madeleine,other,EasyWeatherPro_V5.1.6,50.659,3.07,23.0,2025-03-24 14:04:00,16.11,7.17,55.0,1017.95,0.48,7.08,NW,315.0,0.0,404.4,3.0,weather_underground,,
ILAMAD25,La Madeleine,other,EasyWeatherPro_V5.1.6,50.659,3.07,23.0,2025-03-24 14:09:00,16.44,8.06,58.0,1017.95,0.64,3.86,NW,315.0,0.0,409.0,3.0,weather_underground,,
ILAMAD25,La Madeleine,other,EasyWeatherPro_V5.1.6,50.659,3.07,23.0,2025-03-24 14:14:00,16.06,7.56,57.0,1017.61,1.45,7.89,NNW,337.0,0.0,389.6,3.0,weather_underground,,
ILAMAD25,La Madeleine,other,EasyWeatherPro_V5.1.6,50.659,3.07,23.0,2025-03-24 14:19:00,16.61,7.67,55.0,1017.95,0.48,7.08,NNW,337.0,0.0,387.4,3.0,weather_underground,,
ILAMAD25,La Madeleine,other,EasyWeatherPro_V5.1.6,50.659,3.07,23.0,2025-03-24 14:24:00,16.56,7.67,56.0,1017.61,1.61,6.76,NNW,337.0,0.0,389.4,3.0,weather_underground,,
ILAMAD25,La Madeleine,other,EasyWeatherPro_V5.1.6,50.659,3.07,23.0,2025-03-24 14:29:00,16.83,8.0,56.0,1017.27,1.77,7.4,NNW,337.0,0.0,389.5,3.0,weather_underground,,
ILAMAD25,La Madeleine,other,EasyWeatherPro_V5.1.6,50.659,3.07,23.0,2025-03-24 14:34:00,15.44,7.28,58.0,1017.27,0.48,4.51,NNW,337.0,0.0,389.4,3.0,weather_underground,,
ILAMAD25,La Madeleine,other,EasyWeatherPro_V5.1.6,50.659,3.07,23.0,2025-03-24 14:39:00,16.28,7.67,57.0,1017.61,0.64,5.63,NW,315.0,0.0,387.2,3.0,weather_underground,,
ILAMAD25,La Madeleine,other,EasyWeatherPro_V5.1.6,50.659,3.07,23.0,2025-03-24 14:44:00,16.72,8.0,56.0,1017.27,0.32,2.09,NNW,337.0,0.0,384.1,3.0,weather_underground,,
ILAMAD25,La Madeleine,other,EasyWeatherPro_V5.1.6,50.659,3.07,23.0,2025-03-24 14:49:00,16.83,7.83,55.0,1017.27,0.48,5.47,NNW,337.0,0.0,389.6,3.0,weather_underground,,
ILAMAD25,La Madeleine,other,EasyWeatherPro_V5.1.6,50.659,3.07,23.0,2025-03-24 14:54:00,16.72,8.06,56.0,1017.27,1.29,5.47,NW,315.0,0.0,387.1,3.0,weather_underground,,
ILAMAD25,La Madeleine,other,EasyWeatherPro_V5.1.6,50.659,3.07,23.0,2025-03-24 14:59:00,16.78,7.89,56.0,1016.93,0.8,5.47,NW,315.0,0.0,375.9,2.0,weather_underground,,
ILAMAD25,La Madeleine,other,EasyWeatherPro_V5.1.6,50.659,3.07,23.0,2025-03-24 15:04:00,16.94,7.61,54.0,1016.93,0.48,5.47,NNW,337.0,0.0,369.0,2.0,weather_underground,,
ILAMAD25,La Madeleine,other,EasyWeatherPro_V5.1.6,50.659,3.07,23.0,2025-03-24 15:09:00,17.33,8.0,54.0,1016.93,0.48,5.15,NNW,337.0,0.0,361.8,2.0,weather_underground,,
ILAMAD25,La Madeleine,other,EasyWeatherPro_V5.1.6,50.659,3.07,23.0,2025-03-24 15:14:00,17.11,7.78,54.0,1016.93,0.8,5.47,NNW,337.0,0.0,356.9,2.0,weather_underground,,
ILAMAD25,La Madeleine,other,EasyWeatherPro_V5.1.6,50.659,3.07,23.0,2025-03-24 15:19:00,17.11,7.83,54.0,1016.93,1.13,4.83,NNW,337.0,0.0,355.9,2.0,weather_underground,,
ILAMAD25,La Madeleine,other,EasyWeatherPro_V5.1.6,50.659,3.07,23.0,2025-03-24 15:24:00,16.78,7.72,55.0,1016.93,0.97,4.83,NNW,337.0,0.0,365.8,2.0,weather_underground,,
ILAMAD25,La Madeleine,other,EasyWeatherPro_V5.1.6,50.659,3.07,23.0,2025-03-24 15:29:00,16.78,7.83,56.0,1016.59,1.29,5.47,NNW,337.0,0.0,356.5,2.0,weather_underground,,
ILAMAD25,La Madeleine,other,EasyWeatherPro_V5.1.6,50.659,3.07,23.0,2025-03-24 15:34:00,17.17,7.67,54.0,1016.59,0.97,5.15,NNW,337.0,0.0,358.7,2.0,weather_underground,,
ILAMAD25,La Madeleine,other,EasyWeatherPro_V5.1.6,50.659,3.07,23.0,2025-03-24 15:39:00,17.39,7.72,53.0,1016.59,1.61,5.47,NNW,337.0,0.0,342.6,2.0,weather_underground,,
ILAMAD25,La Madeleine,other,EasyWeatherPro_V5.1.6,50.659,3.07,23.0,2025-03-24 15:44:00,17.33,8.0,54.0,1016.59,0.97,5.47,NNW,337.0,0.0,334.6,2.0,weather_underground,,
ILAMAD25,La Madeleine,other,EasyWeatherPro_V5.1.6,50.659,3.07,23.0,2025-03-24 15:49:00,17.39,8.06,54.0,1016.59,1.93,7.72,NNW,337.0,0.0,335.0,2.0,weather_underground,,
ILAMAD25,La Madeleine,other,EasyWeatherPro_V5.1.6,50.659,3.07,23.0,2025-03-24 15:54:00,17.5,8.5,55.0,1016.59,0.48,5.47,NNW,337.0,0.0,212.9,1.0,weather_underground,,
ILAMAD25,La Madeleine,other,EasyWeatherPro_V5.1.6,50.659,3.07,23.0,2025-03-24 15:59:00,16.33,7.78,57.0,1016.59,0.48,4.83,NW,315.0,0.0,309.8,2.0,weather_underground,,
ILAMAD25,La Madeleine,other,EasyWeatherPro_V5.1.6,50.659,3.07,23.0,2025-03-24 16:04:00,16.39,7.44,55.0,1016.26,0.64,7.08,NW,315.0,0.0,310.7,2.0,weather_underground,,
ILAMAD25,La Madeleine,other,EasyWeatherPro_V5.1.6,50.659,3.07,23.0,2025-03-24 16:09:00,16.67,7.72,55.0,1016.26,0.16,0.64,NNW,337.0,0.0,162.8,1.0,weather_underground,,
ILAMAD25,La Madeleine,other,EasyWeatherPro_V5.1.6,50.659,3.07,23.0,2025-03-24 16:14:00,16.06,7.67,58.0,1016.26,0.0,2.9,NNW,337.0,0.0,194.5,1.0,weather_underground,,
ILAMAD25,La Madeleine,other,EasyWeatherPro_V5.1.6,50.659,3.07,23.0,2025-03-24 16:19:00,15.83,8.17,60.0,1016.26,0.0,0.32,WNW,292.0,0.0,63.0,0.0,weather_underground,,
ILAMAD25,La Madeleine,other,EasyWeatherPro_V5.1.6,50.659,3.07,23.0,2025-03-24 16:24:00,15.56,8.28,62.0,1016.26,0.16,1.93,NNW,337.0,0.0,290.4,2.0,weather_underground,,
ILAMAD25,La Madeleine,other,EasyWeatherPro_V5.1.6,50.659,3.07,23.0,2025-03-24 16:29:00,15.33,8.17,62.0,1016.26,0.16,1.77,NW,315.0,0.0,288.0,2.0,weather_underground,,
ILAMAD25,La Madeleine,other,EasyWeatherPro_V5.1.6,50.659,3.07,23.0,2025-03-24 16:34:00,16.28,8.0,58.0,1015.92,0.64,5.15,NNW,337.0,0.0,66.7,0.0,weather_underground,,
ILAMAD25,La Madeleine,other,EasyWeatherPro_V5.1.6,50.659,3.07,23.0,2025-03-24 16:39:00,15.72,7.78,59.0,1015.92,0.16,4.18,NNW,337.0,0.0,239.8,1.0,weather_underground,,
ILAMAD25,La Madeleine,other,EasyWeatherPro_V5.1.6,50.659,3.07,23.0,2025-03-24 16:44:00,15.83,7.72,58.0,1015.92,0.16,4.51,NNW,337.0,0.0,232.5,1.0,weather_underground,,
ILAMAD25,La Madeleine,other,EasyWeatherPro_V5.1.6,50.659,3.07,23.0,2025-03-24 16:49:00,15.78,8.06,60.0,1015.92,0.0,2.57,WNW,292.0,0.0,201.4,1.0,weather_underground,,
ILAMAD25,La Madeleine,other,EasyWeatherPro_V5.1.6,50.659,3.07,23.0,2025-03-24 16:54:00,15.61,7.89,60.0,1016.26,0.16,1.77,NNW,337.0,0.0,45.2,0.0,weather_underground,,
ILAMAD25,La Madeleine,other,EasyWeatherPro_V5.1.6,50.659,3.07,23.0,2025-03-24 16:59:00,15.22,7.56,60.0,1015.92,0.32,3.22,NNW,337.0,0.0,87.3,0.0,weather_underground,,
ILAMAD25,La Madeleine,other,EasyWeatherPro_V5.1.6,50.659,3.07,23.0,2025-03-24 17:04:00,15.17,7.61,61.0,1015.92,0.0,2.25,NNW,337.0,0.0,86.7,0.0,weather_underground,,
ILAMAD25,La Madeleine,other,EasyWeatherPro_V5.1.6,50.659,3.07,23.0,2025-03-24 17:09:00,15.39,8.0,61.0,1015.58,0.16,0.97,NNW,337.0,0.0,46.0,0.0,weather_underground,,
ILAMAD25,La Madeleine,other,EasyWeatherPro_V5.1.6,50.659,3.07,23.0,2025-03-24 17:14:00,15.17,7.89,62.0,1015.92,0.16,4.18,NW,315.0,0.0,37.1,0.0,weather_underground,,
ILAMAD25,La Madeleine,other,EasyWeatherPro_V5.1.6,50.659,3.07,23.0,2025-03-24 17:19:00,14.83,7.78,63.0,1015.58,0.0,0.32,NNW,337.0,0.0,37.1,0.0,weather_underground,,
ILAMAD25,La Madeleine,other,EasyWeatherPro_V5.1.6,50.659,3.07,23.0,2025-03-24 17:24:00,14.78,7.78,63.0,1015.58,0.0,0.0,NNW,337.0,0.0,38.8,0.0,weather_underground,,
ILAMAD25,La Madeleine,other,EasyWeatherPro_V5.1.6,50.659,3.07,23.0,2025-03-24 17:29:00,14.72,7.83,63.0,1015.58,0.0,0.0,NNW,337.0,0.0,39.2,0.0,weather_underground,,
ILAMAD25,La Madeleine,other,EasyWeatherPro_V5.1.6,50.659,3.07,23.0,2025-03-24 17:34:00,14.72,7.89,64.0,1015.58,0.0,0.0,NNW,337.0,0.0,44.1,0.0,weather_underground,,
ILAMAD25,La Madeleine,other,EasyWeatherPro_V5.1.6,50.659,3.07,23.0,2025-03-24 17:39:00,14.56,8.0,65.0,1015.58,0.0,0.0,NNW,337.0,0.0,45.0,0.0,weather_underground,,
ILAMAD25,La Madeleine,other,EasyWeatherPro_V5.1.6,50.659,3.07,23.0,2025-03-24 17:44:00,14.61,7.67,63.0,1015.58,0.0,0.0,NNW,337.0,0.0,40.8,0.0,weather_underground,,
ILAMAD25,La Madeleine,other,EasyWeatherPro_V5.1.6,50.659,3.07,23.0,2025-03-24 17:49:00,14.56,7.56,63.0,1015.58,0.0,0.0,NNW,337.0,0.0,30.9,0.0,weather_underground,,
ILAMAD25,La Madeleine,other,EasyWeatherPro_V5.1.6,50.659,3.07,23.0,2025-03-24 17:54:00,14.39,7.72,64.0,1015.24,0.0,0.0,NNW,337.0,0.0,25.4,0.0,weather_underground,,
ILAMAD25,La Madeleine,other,EasyWeatherPro_V5.1.6,50.659,3.07,23.0,2025-03-24 17:59:00,14.17,7.78,65.0,1015.24,0.0,0.0,NNW,337.0,0.0,24.1,0.0,weather_underground,,
ILAMAD25,La Madeleine,other,EasyWeatherPro_V5.1.6,50.659,3.07,23.0,2025-03-24 18:04:00,14.0,7.83,66.0,1015.24,0.0,0.0,NNW,337.0,0.0,23.8,0.0,weather_underground,,
ILAMAD25,La Madeleine,other,EasyWeatherPro_V5.1.6,50.659,3.07,23.0,2025-03-24 18:09:00,14.0,7.67,66.0,1014.9,0.0,0.0,NNW,337.0,0.0,22.2,0.0,weather_underground,,
ILAMAD25,La Madeleine,other,EasyWeatherPro_V5.1.6,50.659,3.07,23.0,2025-03-24 18:14:00,14.11,7.83,66.0,1014.9,0.0,0.0,NW,315.0,0.0,21.1,0.0,weather_underground,,
ILAMAD25,La Madeleine,other,EasyWeatherPro_V5.1.6,50.659,3.07,23.0,2025-03-24 18:19:00,14.17,7.67,65.0,1014.9,0.16,4.18,NNW,337.0,0.0,19.8,0.0,weather_underground,,
ILAMAD25,La Madeleine,other,EasyWeatherPro_V5.1.6,50.659,3.07,23.0,2025-03-24 18:24:00,14.22,8.0,66.0,1014.56,0.0,0.32,NNW,337.0,0.0,18.7,0.0,weather_underground,,
ILAMAD25,La Madeleine,other,EasyWeatherPro_V5.1.6,50.659,3.07,23.0,2025-03-24 18:29:00,13.94,7.94,67.0,1014.56,0.0,0.0,NNW,337.0,0.0,17.6,0.0,weather_underground,,
ILAMAD25,La Madeleine,other,EasyWeatherPro_V5.1.6,50.659,3.07,23.0,2025-03-24 18:34:00,13.94,8.0,67.0,1014.56,0.0,0.0,NNW,337.0,0.0,16.3,0.0,weather_underground,,
ILAMAD25,La Madeleine,other,EasyWeatherPro_V5.1.6,50.659,3.07,23.0,2025-03-24 18:39:00,13.83,8.0,68.0,1014.56,0.0,0.0,NNW,337.0,0.0,14.3,0.0,weather_underground,,
ILAMAD25,La Madeleine,other,EasyWeatherPro_V5.1.6,50.659,3.07,23.0,2025-03-24 18:44:00,13.78,8.0,68.0,1014.56,0.0,0.0,NNW,337.0,0.0,12.5,0.0,weather_underground,,
ILAMAD25,La Madeleine,other,EasyWeatherPro_V5.1.6,50.659,3.07,23.0,2025-03-24 18:49:00,13.67,8.06,69.0,1014.56,0.0,0.0,NNW,337.0,0.0,11.0,0.0,weather_underground,,
ILAMAD25,La Madeleine,other,EasyWeatherPro_V5.1.6,50.659,3.07,23.0,2025-03-24 18:54:00,13.56,7.83,69.0,1014.56,0.0,0.0,NNW,337.0,0.0,9.4,0.0,weather_underground,,
ILAMAD25,La Madeleine,other,EasyWeatherPro_V5.1.6,50.659,3.07,23.0,2025-03-24 18:59:00,13.39,7.89,69.0,1014.22,0.0,0.0,NNW,337.0,0.0,7.7,0.0,weather_underground,,
ILAMAD25,La Madeleine,other,EasyWeatherPro_V5.1.6,50.659,3.07,23.0,2025-03-24 19:04:00,13.22,7.89,70.0,1014.22,0.0,0.0,NNW,337.0,0.0,6.1,0.0,weather_underground,,
ILAMAD25,La Madeleine,other,EasyWeatherPro_V5.1.6,50.659,3.07,23.0,2025-03-24 19:09:00,13.11,7.94,71.0,1014.22,0.0,0.0,NNW,337.0,0.0,4.6,0.0,weather_underground,,
ILAMAD25,La Madeleine,other,EasyWeatherPro_V5.1.6,50.659,3.07,23.0,2025-03-24 19:14:00,12.94,7.83,71.0,1014.56,0.0,0.0,NNW,337.0,0.0,3.1,0.0,weather_underground,,
ILAMAD25,La Madeleine,other,EasyWeatherPro_V5.1.6,50.659,3.07,23.0,2025-03-24 19:19:00,12.78,7.83,72.0,1014.22,0.0,0.0,NNW,337.0,0.0,2.1,0.0,weather_underground,,
ILAMAD25,La Madeleine,other,EasyWeatherPro_V5.1.6,50.659,3.07,23.0,2025-03-24 19:24:00,12.67,7.72,72.0,1014.22,0.0,0.0,NNW,337.0,0.0,1.3,0.0,weather_underground,,
ILAMAD25,La Madeleine,other,EasyWeatherPro_V5.1.6,50.659,3.07,23.0,2025-03-24 19:29:00,12.44,7.56,72.0,1014.22,0.0,0.0,NNW,337.0,0.0,0.7,0.0,weather_underground,,
ILAMAD25,La Madeleine,other,EasyWeatherPro_V5.1.6,50.659,3.07,23.0,2025-03-24 19:34:00,12.33,7.61,73.0,1014.22,0.0,0.0,NNW,337.0,0.0,0.4,0.0,weather_underground,,
ILAMAD25,La Madeleine,other,EasyWeatherPro_V5.1.6,50.659,3.07,23.0,2025-03-24 19:39:00,12.28,7.56,73.0,1014.22,0.0,0.0,NNW,337.0,0.0,0.2,0.0,weather_underground,,
ILAMAD25,La Madeleine,other,EasyWeatherPro_V5.1.6,50.659,3.07,23.0,2025-03-24 19:44:00,12.11,7.39,73.0,1014.22,0.0,0.0,NNW,337.0,0.0,0.1,0.0,weather_underground,,
ILAMAD25,La Madeleine,other,EasyWeatherPro_V5.1.6,50.659,3.07,23.0,2025-03-24 19:49:00,11.94,7.33,73.0,1014.22,0.0,0.0,NNW,337.0,0.0,0.0,0.0,weather_underground,,
ILAMAD25,La Madeleine,other,EasyWeatherPro_V5.1.6,50.659,3.07,23.0,2025-03-24 19:54:00,11.78,7.28,74.0,1014.22,0.0,0.0,NNW,337.0,0.0,0.0,0.0,weather_underground,,
ILAMAD25,La Madeleine,other,EasyWeatherPro_V5.1.6,50.659,3.07,23.0,2025-03-24 19:59:00,11.67,7.17,74.0,1014.22,0.0,0.0,NNW,337.0,0.0,0.0,0.0,weather_underground,,
ILAMAD25,La Madeleine,other,EasyWeatherPro_V5.1.6,50.659,3.07,23.0,2025-03-24 20:04:00,11.56,7.06,74.0,1014.22,0.0,0.0,NNW,337.0,0.0,0.0,0.0,weather_underground,,
ILAMAD25,La Madeleine,other,EasyWeatherPro_V5.1.6,50.659,3.07,23.0,2025-03-24 20:09:00,11.44,7.0,74.0,1013.89,0.0,0.0,NNW,337.0,0.0,0.0,0.0,weather_underground,,
ILAMAD25,La Madeleine,other,EasyWeatherPro_V5.1.6,50.659,3.07,23.0,2025-03-24 20:14:00,11.33,6.94,74.0,1013.89,0.0,0.0,NNW,337.0,0.0,0.0,0.0,weather_underground,,
ILAMAD25,La Madeleine,other,EasyWeatherPro_V5.1.6,50.659,3.07,23.0,2025-03-24 20:19:00,11.28,6.94,74.0,1014.22,0.0,0.0,NNW,337.0,0.0,0.0,0.0,weather_underground,,
ILAMAD25,La Madeleine,other,EasyWeatherPro_V5.1.6,50.659,3.07,23.0,2025-03-24 20:24:00,11.28,6.94,74.0,1014.22,0.0,0.0,NNW,337.0,0.0,0.0,0.0,weather_underground,,
ILAMAD25,La Madeleine,other,EasyWeatherPro_V5.1.6,50.659,3.07,23.0,2025-03-24 20:29:00,11.22,6.89,75.0,1013.89,0.0,0.0,NNW,337.0,0.0,0.0,0.0,weather_underground,,
ILAMAD25,La Madeleine,other,EasyWeatherPro_V5.1.6,50.659,3.07,23.0,2025-03-24 20:34:00,11.22,6.89,75.0,1013.89,0.0,0.0,NNW,337.0,0.0,0.0,0.0,weather_underground,,
ILAMAD25,La Madeleine,other,EasyWeatherPro_V5.1.6,50.659,3.07,23.0,2025-03-24 20:39:00,11.06,6.78,75.0,1013.89,0.0,0.0,NNW,337.0,0.0,0.0,0.0,weather_underground,,
ILAMAD25,La Madeleine,other,EasyWeatherPro_V5.1.6,50.659,3.07,23.0,2025-03-24 20:44:00,10.94,6.72,75.0,1013.89,0.0,0.0,NNW,337.0,0.0,0.0,0.0,weather_underground,,
ILAMAD25,La Madeleine,other,EasyWeatherPro_V5.1.6,50.659,3.07,23.0,2025-03-24 20:49:00,10.83,6.78,76.0,1013.89,0.0,0.0,NNW,337.0,0.0,0.0,0.0,weather_underground,,
ILAMAD25,La Madeleine,other,EasyWeatherPro_V5.1.6,50.659,3.07,23.0,2025-03-24 20:54:00,10.72,6.67,76.0,1013.89,0.0,0.0,NNW,337.0,0.0,0.0,0.0,weather_underground,,
ILAMAD25,La Madeleine,other,EasyWeatherPro_V5.1.6,50.659,3.07,23.0,2025-03-24 20:59:00,10.67,6.78,77.0,1013.89,0.0,0.0,NNW,337.0,0.0,0.0,0.0,weather_underground,,
ILAMAD25,La Madeleine,other,EasyWeatherPro_V5.1.6,50.659,3.07,23.0,2025-03-24 21:04:00,10.56,6.67,77.0,1013.89,0.0,0.0,NNW,337.0,0.0,0.0,0.0,weather_underground,,
ILAMAD25,La Madeleine,other,EasyWeatherPro_V5.1.6,50.659,3.07,23.0,2025-03-24 21:09:00,10.44,6.56,77.0,1013.89,0.0,0.0,NNW,337.0,0.0,0.0,0.0,weather_underground,,
ILAMAD25,La Madeleine,other,EasyWeatherPro_V5.1.6,50.659,3.07,23.0,2025-03-24 21:14:00,10.33,6.61,78.0,1013.89,0.0,0.0,NNW,337.0,0.0,0.0,0.0,weather_underground,,
ILAMAD25,La Madeleine,other,EasyWeatherPro_V5.1.6,50.659,3.07,23.0,2025-03-24 21:19:00,10.28,6.56,78.0,1013.89,0.0,0.0,NNW,337.0,0.0,0.0,0.0,weather_underground,,
ILAMAD25,La Madeleine,other,EasyWeatherPro_V5.1.6,50.659,3.07,23.0,2025-03-24 21:24:00,10.22,6.5,78.0,1013.55,0.0,0.0,NNW,337.0,0.0,0.0,0.0,weather_underground,,
ILAMAD25,La Madeleine,other,EasyWeatherPro_V5.1.6,50.659,3.07,23.0,2025-03-24 21:29:00,10.11,6.61,79.0,1013.55,0.0,0.0,NNW,337.0,0.0,0.0,0.0,weather_underground,,
ILAMAD25,La Madeleine,other,EasyWeatherPro_V5.1.6,50.659,3.07,23.0,2025-03-24 21:34:00,10.0,6.5,79.0,1013.55,0.0,0.0,NNW,337.0,0.0,0.0,0.0,weather_underground,,
ILAMAD25,La Madeleine,other,EasyWeatherPro_V5.1.6,50.659,3.07,23.0,2025-03-24 21:39:00,10.0,6.5,79.0,1013.55,0.0,0.0,NNW,337.0,0.0,0.0,0.0,weather_underground,,
ILAMAD25,La Madeleine,other,EasyWeatherPro_V5.1.6,50.659,3.07,23.0,2025-03-24 21:44:00,10.0,6.5,79.0,1013.55,0.0,0.0,NNW,337.0,0.0,0.0,0.0,weather_underground,,
ILAMAD25,La Madeleine,other,EasyWeatherPro_V5.1.6,50.659,3.07,23.0,2025-03-24 21:49:00,10.0,6.5,79.0,1013.55,0.0,0.0,NNW,337.0,0.0,0.0,0.0,weather_underground,,
ILAMAD25,La Madeleine,other,EasyWeatherPro_V5.1.6,50.659,3.07,23.0,2025-03-24 21:54:00,10.06,6.56,79.0,1013.55,0.0,0.0,NNW,337.0,0.0,0.0,0.0,weather_underground,,
ILAMAD25,La Madeleine,other,EasyWeatherPro_V5.1.6,50.659,3.07,23.0,2025-03-24 21:59:00,10.0,6.5,79.0,1013.55,0.0,0.0,NNW,337.0,0.0,0.0,0.0,weather_underground,,
ILAMAD25,La Madeleine,other,EasyWeatherPro_V5.1.6,50.659,3.07,23.0,2025-03-24 22:04:00,10.0,6.44,78.0,1013.55,0.0,0.0,NNW,337.0,0.0,0.0,0.0,weather_underground,,
ILAMAD25,La Madeleine,other,EasyWeatherPro_V5.1.6,50.659,3.07,23.0,2025-03-24 22:09:00,10.0,6.39,78.0,1013.55,0.0,0.0,NNW,337.0,0.0,0.0,0.0,weather_underground,,
ILAMAD25,La Madeleine,other,EasyWeatherPro_V5.1.6,50.659,3.07,23.0,2025-03-24 22:14:00,10.0,6.44,79.0,1013.55,0.0,0.0,NNW,337.0,0.0,0.0,0.0,weather_underground,,
ILAMAD25,La Madeleine,other,EasyWeatherPro_V5.1.6,50.659,3.07,23.0,2025-03-24 22:19:00,9.89,6.39,79.0,1013.21,0.0,0.0,NNW,337.0,0.0,0.0,0.0,weather_underground,,
ILAMAD25,La Madeleine,other,EasyWeatherPro_V5.1.6,50.659,3.07,23.0,2025-03-24 22:24:00,9.83,6.33,79.0,1013.21,0.0,0.0,NNW,337.0,0.0,0.0,0.0,weather_underground,,
ILAMAD25,La Madeleine,other,EasyWeatherPro_V5.1.6,50.659,3.07,23.0,2025-03-24 22:29:00,9.78,6.28,79.0,1013.21,0.0,0.0,NNW,337.0,0.0,0.0,0.0,weather_underground,,
ILAMAD25,La Madeleine,other,EasyWeatherPro_V5.1.6,50.659,3.07,23.0,2025-03-24 22:34:00,9.78,6.28,79.0,1012.87,0.0,0.0,NNW,337.0,0.0,0.0,0.0,weather_underground,,
ILAMAD25,La Madeleine,other,EasyWeatherPro_V5.1.6,50.659,3.07,23.0,2025-03-24 22:39:00,9.72,6.28,79.0,1012.87,0.0,0.0,NNW,337.0,0.0,0.0,0.0,weather_underground,,
ILAMAD25,La Madeleine,other,EasyWeatherPro_V5.1.6,50.659,3.07,23.0,2025-03-24 22:44:00,9.61,6.28,80.0,1012.87,0.0,0.0,NNW,337.0,0.0,0.0,0.0,weather_underground,,
ILAMAD25,La Madeleine,other,EasyWeatherPro_V5.1.6,50.659,3.07,23.0,2025-03-24 22:49:00,9.61,6.28,80.0,1012.87,0.0,0.0,NNW,337.0,0.0,0.0,0.0,weather_underground,,
ILAMAD25,La Madeleine,other,EasyWeatherPro_V5.1.6,50.659,3.07,23.0,2025-03-24 22:54:00,9.61,6.28,80.0,1012.87,0.0,0.0,NNW,337.0,0.0,0.0,0.0,weather_underground,,
ILAMAD25,La Madeleine,other,EasyWeatherPro_V5.1.6,50.659,3.07,23.0,2025-03-24 22:59:00,9.5,6.22,80.0,1012.87,0.0,0.0,NNW,337.0,0.0,0.0,0.0,weather_underground,,
ILAMAD25,La Madeleine,other,EasyWeatherPro_V5.1.6,50.659,3.07,23.0,2025-03-24 23:04:00,9.5,6.22,80.0,1012.87,0.0,0.0,NNW,337.0,0.0,0.0,0.0,weather_underground,,
ILAMAD25,La Madeleine,other,EasyWeatherPro_V5.1.6,50.659,3.07,23.0,2025-03-24 23:09:00,9.39,6.11,80.0,1012.87,0.0,0.0,NNW,337.0,0.0,0.0,0.0,weather_underground,,
ILAMAD25,La Madeleine,other,EasyWeatherPro_V5.1.6,50.659,3.07,23.0,2025-03-24 23:14:00,9.28,6.0,80.0,1012.87,0.0,0.0,NNW,337.0,0.0,0.0,0.0,weather_underground,,
ILAMAD25,La Madeleine,other,EasyWeatherPro_V5.1.6,50.659,3.07,23.0,2025-03-24 23:19:00,9.28,6.11,81.0,1012.87,0.0,0.0,NNW,337.0,0.0,0.0,0.0,weather_underground,,
ILAMAD25,La Madeleine,other,EasyWeatherPro_V5.1.6,50.659,3.07,23.0,2025-03-24 23:24:00,9.22,6.11,81.0,1012.87,0.0,0.0,NNW,337.0,0.0,0.0,0.0,weather_underground,,
ILAMAD25,La Madeleine,other,EasyWeatherPro_V5.1.6,50.659,3.07,23.0,2025-03-24 23:29:00,9.28,6.0,80.0,1012.87,0.0,0.0,NNW,337.0,0.0,0.0,0.0,weather_underground,,
ILAMAD25,La Madeleine,other,EasyWeatherPro_V5.1.6,50.659,3.07,23.0,2025-03-24 23:34:00,9.28,6.0,80.0,1012.87,0.0,0.0,NNW,337.0,0.0,0.0,0.0,weather_underground,,
ILAMAD25,La Madeleine,other,EasyWeatherPro_V5.1.6,50.659,3.07,23.0,2025-03-24 23:39:00,9.28,6.0,80.0,1012.53,0.0,0.0,NNW,337.0,0.0,0.0,0.0,weather_underground,,
ILAMAD25,La Madeleine,other,EasyWeatherPro_V5.1.6,50.659,3.07,23.0,2025-03-24 23:44:00,9.39,5.94,79.0,1012.87,0.0,0.0,NNW,337.0,0.0,0.0,0.0,weather_underground,,
ILAMAD25,La Madeleine,other,EasyWeatherPro_V5.1.6,50.659,3.07,23.0,2025-03-24 23:49:00,9.39,5.89,79.0,1012.87,0.0,0.0,NNW,337.0,0.0,0.0,0.0,weather_underground,,
ILAMAD25,La Madeleine,other,EasyWeatherPro_V5.1.6,50.659,3.07,23.0,2025-03-24 23:54:00,9.39,5.94,79.0,1012.87,0.0,0.0,NNW,337.0,0.0,0.0,0.0,weather_underground,,
ILAMAD25,La Madeleine,other,EasyWeatherPro_V5.1.6,50.659,3.07,23.0,2025-03-24 23:59:00,9.44,6.11,80.0,1012.87,0.0,0.0,NNW,337.0,0.0,0.0,0.0,weather_underground,,
ILAMAD25,La Madeleine,other,EasyWeatherPro_V5.1.6,50.659,3.07,23.0,,,,,,,,,,,,,weather_underground,,
ILAMAD25,La Madeleine,other,EasyWeatherPro_V5.1.6,50.659,3.07,23.0,2025-03-24 00:04:00,9.56,6.11,79.0,1012.87,0.0,0.0,NNW,337.0,0.0,0.0,0.0,weather_underground,,
ILAMAD25,La Madeleine,other,EasyWeatherPro_V5.1.6,50.659,3.07,23.0,2025-03-24 00:09:00,9.61,6.11,79.0,1012.87,0.0,0.0,NNW,337.0,0.0,0.0,0.0,weather_underground,,
ILAMAD25,La Madeleine,other,EasyWeatherPro_V5.1.6,50.659,3.07,23.0,2025-03-24 00:14:00,9.56,6.06,79.0,1012.53,0.0,0.0,NNW,337.0,0.0,0.0,0.0,weather_underground,,
ILAMAD25,La Madeleine,other,EasyWeatherPro_V5.1.6,50.659,3.07,23.0,2025-03-24 00:19:00,9.5,6.0,79.0,1012.53,0.0,0.0,NNW,337.0,0.0,0.0,0.0,weather_underground,,
ILAMAD25,La Madeleine,other,EasyWeatherPro_V5.1.6,50.659,3.07,23.0,2025-03-24 00:24:00,9.39,6.06,80.0,1012.53,0.0,0.0,NNW,337.0,0.0,0.0,0.0,weather_underground,,
ILAMAD25,La Madeleine,other,EasyWeatherPro_V5.1.6,50.659,3.07,23.0,2025-03-24 00:29:00,9.39,5.89,79.0,1012.53,0.0,0.0,NNW,337.0,0.0,0.0,0.0,weather_underground,,
ILAMAD25,La Madeleine,other,EasyWeatherPro_V5.1.6,50.659,3.07,23.0,2025-03-24 00:34:00,9.28,5.89,79.0,1012.19,0.0,0.0,NNW,337.0,0.0,0.0,0.0,weather_underground,,
ILAMAD25,La Madeleine,other,EasyWeatherPro_V5.1.6,50.659,3.07,23.0,2025-03-24 00:39:00,9.28,5.83,79.0,1012.19,0.0,0.0,NNW,337.0,0.0,0.0,0.0,weather_underground,,
ILAMAD25,La Madeleine,other,EasyWeatherPro_V5.1.6,50.659,3.07,23.0,2025-03-24 00:44:00,9.28,5.94,80.0,1012.19,0.0,0.0,NNW,337.0,0.0,0.0,0.0,weather_underground,,
ILAMAD25,La Madeleine,other,EasyWeatherPro_V5.1.6,50.659,3.07,23.0,2025-03-24 00:49:00,9.28,5.78,79.0,1012.19,0.0,0.0,NNW,337.0,0.0,0.0,0.0,weather_underground,,
ILAMAD25,La Madeleine,other,EasyWeatherPro_V5.1.6,50.659,3.07,23.0,2025-03-24 00:54:00,9.44,5.89,78.0,1011.85,0.0,0.0,NNW,337.0,0.0,0.0,0.0,weather_underground,,
ILAMAD25,La Madeleine,other,EasyWeatherPro_V5.1.6,50.659,3.07,23.0,2025-03-24 00:59:00,9.5,5.89,78.0,1011.85,0.0,0.0,NNW,337.0,0.0,0.0,0.0,weather_underground,,
ILAMAD25,La Madeleine,other,EasyWeatherPro_V5.1.6,50.659,3.07,23.0,2025-03-24 01:04:00,9.44,5.83,78.0,1011.85,0.0,0.0,NNW,337.0,0.0,0.0,0.0,weather_underground,,
ILAMAD25,La Madeleine,other,EasyWeatherPro_V5.1.6,50.659,3.07,23.0,2025-03-24 01:09:00,9.39,5.78,78.0,1011.85,0.0,0.0,NNW,337.0,0.0,0.0,0.0,weather_underground,,
ILAMAD25,La Madeleine,other,EasyWeatherPro_V5.1.6,50.659,3.07,23.0,2025-03-24 01:14:00,9.33,5.78,78.0,1011.85,0.0,0.0,NNW,337.0,0.0,0.0,0.0,weather_underground,,
ILAMAD25,La Madeleine,other,EasyWeatherPro_V5.1.6,50.659,3.07,23.0,2025-03-24 01:19:00,9.28,5.78,79.0,1011.85,0.0,0.0,NNW,337.0,0.0,0.0,0.0,weather_underground,,
ILAMAD25,La Madeleine,other,EasyWeatherPro_V5.1.6,50.659,3.07,23.0,2025-03-24 01:24:00,9.22,5.72,79.0,1011.85,0.0,0.0,NNW,337.0,0.0,0.0,0.0,weather_underground,,
ILAMAD25,La Madeleine,other,EasyWeatherPro_V5.1.6,50.659,3.07,23.0,2025-03-24 01:29:00,9.22,5.72,79.0,1011.85,0.0,0.0,NNW,337.0,0.0,0.0,0.0,weather_underground,,
ILAMAD25,La Madeleine,other,EasyWeatherPro_V5.1.6,50.659,3.07,23.0,2025-03-24 01:34:00,9.22,5.72,79.0,1011.85,0.16,2.25,NW,315.0,0.0,0.0,0.0,weather_underground,,
ILAMAD25,La Madeleine,other,EasyWeatherPro_V5.1.6,50.659,3.07,23.0,2025-03-24 01:39:00,9.22,5.72,79.0,1011.85,0.0,0.0,NNW,337.0,0.0,0.0,0.0,weather_underground,,
ILAMAD25,La Madeleine,other,EasyWeatherPro_V5.1.6,50.659,3.07,23.0,2025-03-24 01:44:00,9.17,5.67,79.0,1011.85,0.0,0.0,NNW,337.0,0.0,0.0,0.0,weather_underground,,
ILAMAD25,La Madeleine,other,EasyWeatherPro_V5.1.6,50.659,3.07,23.0,2025-03-24 01:49:00,9.06,5.61,79.0,1011.51,0.0,0.0,NNW,337.0,0.0,0.0,0.0,weather_underground,,
ILAMAD25,La Madeleine,other,EasyWeatherPro_V5.1.6,50.659,3.07,23.0,2025-03-24 01:54:00,9.0,5.61,79.0,1011.51,0.0,0.0,NNW,337.0,0.0,0.0,0.0,weather_underground,,
ILAMAD25,La Madeleine,other,EasyWeatherPro_V5.1.6,50.659,3.07,23.0,2025-03-24 01:59:00,9.0,5.61,79.0,1011.51,0.0,0.0,NW,315.0,0.0,0.0,0.0,weather_underground,,
ILAMAD25,La Madeleine,other,EasyWeatherPro_V5.1.6,50.659,3.07,23.0,2025-03-24 02:04:00,9.0,5.61,79.0,1011.18,0.0,0.0,NNW,337.0,0.0,0.0,0.0,weather_underground,,
ILAMAD25,La Madeleine,other,EasyWeatherPro_V5.1.6,50.659,3.07,23.0,2025-03-24 02:09:00,8.94,5.61,79.0,1011.18,0.0,0.0,NNW,337.0,0.0,0.0,0.0,weather_underground,,
ILAMAD25,La Madeleine,other,EasyWeatherPro_V5.1.6,50.659,3.07,23.0,2025-03-24 02:14:00,8.89,5.5,79.0,1011.18,0.0,0.0,NNW,337.0,0.0,0.0,0.0,weather_underground,,
ILAMAD25,La Madeleine,other,EasyWeatherPro_V5.1.6,50.659,3.07,23.0,2025-03-24 02:19:00,8.83,5.5,80.0,1011.18,0.0,0.0,NNW,337.0,0.0,0.0,0.0,weather_underground,,
ILAMAD25,La Madeleine,other,EasyWeatherPro_V5.1.6,50.659,3.07,23.0,2025-03-24 02:24:00,8.78,5.44,80.0,1011.18,0.0,0.0,NNW,337.0,0.0,0.0,0.0,weather_underground,,
ILAMAD25,La Madeleine,other,EasyWeatherPro_V5.1.6,50.659,3.07,23.0,2025-03-24 02:29:00,8.83,5.5,79.0,1011.18,0.0,0.0,NNW,337.0,0.0,0.0,0.0,weather_underground,,
ILAMAD25,La Madeleine,other,EasyWeatherPro_V5.1.6,50.659,3.07,23.0,2025-03-24 02:34:00,8.94,5.56,79.0,1011.18,0.0,0.0,NNW,337.0,0.0,0.0,0.0,weather_underground,,
ILAMAD25,La Madeleine,other,EasyWeatherPro_V5.1.6,50.659,3.07,23.0,2025-03-24 02:39:00,8.94,5.56,79.0,1011.18,0.0,0.0,NW,315.0,0.0,0.0,0.0,weather_underground,,
ILAMAD25,La Madeleine,other,EasyWeatherPro_V5.1.6,50.659,3.07,23.0,2025-03-24 02:44:00,8.94,5.56,79.0,1010.84,0.48,4.18,NNW,337.0,0.0,0.0,0.0,weather_underground,,
ILAMAD25,La Madeleine,other,EasyWeatherPro_V5.1.6,50.659,3.07,23.0,2025-03-24 02:49:00,8.89,5.5,79.0,1010.84,0.16,4.51,NNW,337.0,0.0,0.0,0.0,weather_underground,,
ILAMAD25,La Madeleine,other,EasyWeatherPro_V5.1.6,50.659,3.07,23.0,2025-03-24 02:54:00,8.89,5.5,79.0,1010.84,0.0,0.32,NNW,337.0,0.0,0.0,0.0,weather_underground,,
ILAMAD25,La Madeleine,other,EasyWeatherPro_V5.1.6,50.659,3.07,23.0,2025-03-24 02:59:00,8.89,5.5,79.0,1010.84,0.16,2.41,NW,315.0,0.0,0.0,0.0,weather_underground,,
ILAMAD25,La Madeleine,other,EasyWeatherPro_V5.1.6,50.659,3.07,23.0,2025-03-24 03:04:00,8.83,5.5,79.0,1010.84,0.0,2.25,NW,315.0,0.0,0.0,0.0,weather_underground,,
ILAMAD25,La Madeleine,other,EasyWeatherPro_V5.1.6,50.659,3.07,23.0,2025-03-24 03:09:00,8.83,5.44,79.0,1010.5,0.0,1.61,NW,315.0,0.0,0.0,0.0,weather_underground,,
ILAMAD25,La Madeleine,other,EasyWeatherPro_V5.1.6,50.659,3.07,23.0,2025-03-24 03:14:00,8.78,5.5,80.0,1010.5,0.0,0.32,NNW,337.0,0.0,0.0,0.0,weather_underground,,
ILAMAD25,La Madeleine,other,EasyWeatherPro_V5.1.6,50.659,3.07,23.0,2025-03-24 03:19:00,8.78,5.44,80.0,1010.16,0.0,1.61,NNW,337.0,0.0,0.0,0.0,weather_underground,,
ILAMAD25,La Madeleine,other,EasyWeatherPro_V5.1.6,50.659,3.07,23.0,2025-03-24 03:24:00,8.72,5.39,80.0,1010.16,0.0,0.0,NNW,337.0,0.0,0.0,0.0,weather_underground,,
ILAMAD25,La Madeleine,other,EasyWeatherPro_V5.1.6,50.659,3.07,23.0,2025-03-24 03:29:00,8.72,5.39,80.0,1010.16,0.16,3.38,NW,315.0,0.0,0.0,0.0,weather_underground,,
ILAMAD25,La Madeleine,other,EasyWeatherPro_V5.1.6,50.659,3.07,23.0,2025-03-24 03:34:00,8.72,5.39,80.0,1010.16,0.0,0.0,NNW,337.0,0.0,0.0,0.0,weather_underground,,
ILAMAD25,La Madeleine,other,EasyWeatherPro_V5.1.6,50.659,3.07,23.0,2025-03-24 03:39:00,8.72,5.39,80.0,1010.16,0.32,2.25,NW,315.0,0.0,0.0,0.0,weather_underground,,
ILAMAD25,La Madeleine,other,EasyWeatherPro_V5.1.6,50.659,3.07,23.0,2025-03-24 03:44:00,8.72,5.39,80.0,1009.82,0.0,1.45,NNW,337.0,0.0,0.0,0.0,weather_underground,,
ILAMAD25,La Madeleine,other,EasyWeatherPro_V5.1.6,50.659,3.07,23.0,2025-03-24 03:49:00,8.72,5.39,80.0,1009.82,0.0,0.97,NW,315.0,0.0,0.0,0.0,weather_underground,,
ILAMAD25,La Madeleine,other,EasyWeatherPro_V5.1.6,50.659,3.07,23.0,2025-03-24 03:54:00,8.72,5.39,80.0,1009.82,0.0,0.0,NNW,337.0,0.0,0.0,0.0,weather_underground,,
ILAMAD25,La Madeleine,other,EasyWeatherPro_V5.1.6,50.659,3.07,23.0,2025-03-24 03:59:00,8.78,5.5,80.0,1009.48,0.0,0.0,NNW,337.0,0.0,0.0,0.0,weather_underground,,
ILAMAD25,La Madeleine,other,EasyWeatherPro_V5.1.6,50.659,3.07,23.0,2025-03-24 04:04:00,8.78,5.5,80.0,1009.48,0.16,2.57,NNW,337.0,0.0,0.0,0.0,weather_underground,,
ILAMAD25,La Madeleine,other,EasyWeatherPro_V5.1.6,50.659,3.07,23.0,2025-03-24 04:09:00,8.78,5.61,80.0,1009.48,0.0,1.13,NNW,337.0,0.0,0.0,0.0,weather_underground,,
ILAMAD25,La Madeleine,other,EasyWeatherPro_V5.1.6,50.659,3.07,23.0,2025-03-24 04:14:00,8.78,5.61,81.0,1009.48,0.16,3.86,NNW,337.0,0.0,0.0,0.0,weather_underground,,
ILAMAD25,La Madeleine,other,EasyWeatherPro_V5.1.6,50.659,3.07,23.0,2025-03-24 04:19:00,8.78,5.61,81.0,1009.48,0.48,4.18,NNW,337.0,0.0,0.0,0.0,weather_underground,,
ILAMAD25,La Madeleine,other,EasyWeatherPro_V5.1.6,50.659,3.07,23.0,2025-03-24 04:24:00,8.89,5.61,80.0,1009.14,0.32,4.51,NW,315.0,0.0,0.0,0.0,weather_underground,,
ILAMAD25,La Madeleine,other,EasyWeatherPro_V5.1.6,50.659,3.07,23.0,2025-03-24 04:29:00,8.78,5.61,80.0,1009.14,0.16,4.51,NNW,337.0,0.0,0.0,0.0,weather_underground,,
ILAMAD25,La Madeleine,other,EasyWeatherPro_V5.1.6,50.659,3.07,23.0,2025-03-24 04:34:00,8.78,5.61,80.0,1009.14,0.48,3.54,NNW,337.0,0.0,0.0,0.0,weather_underground,,
ILAMAD25,La Madeleine,other,EasyWeatherPro_V5.1.6,50.659,3.07,23.0,2025-03-24 04:39:00,8.78,5.67,81.0,1009.14,0.32,3.22,NW,315.0,0.0,0.0,0.0,weather_underground,,
ILAMAD25,La Madeleine,other,EasyWeatherPro_V5.1.6,50.659,3.07,23.0,2025-03-24 04:44:00,8.72,5.61,81.0,1009.14,0.48,6.76,NNW,337.0,0.0,0.0,0.0,weather_underground,,
ILAMAD25,La Madeleine,other,EasyWeatherPro_V5.1.6,50.659,3.07,23.0,2025-03-24 04:49:00,8.72,5.61,81.0,1009.14,0.0,2.09,NW,315.0,0.0,0.0,0.0,weather_underground,,
ILAMAD25,La Madeleine,other,EasyWeatherPro_V5.1.6,50.659,3.07,23.0,2025-03-24 04:54:00,8.72,5.61,81.0,1008.81,0.32,2.57,NW,315.0,0.0,0.0,0.0,weather_underground,,
ILAMAD25,La Madeleine,other,EasyWeatherPro_V5.1.6,50.659,3.07,23.0,2025-03-24 04:59:00,8.72,5.61,81.0,1008.81,0.0,1.77,NNW,337.0,0.0,0.0,0.0,weather_underground,,
ILAMAD25,La Madeleine,other,EasyWeatherPro_V5.1.6,50.659,3.07,23.0,2025-03-24 05:04:00,8.72,5.61,81.0,1009.14,0.16,4.18,NW,315.0,0.0,0.0,0.0,weather_underground,,
ILAMAD25,La Madeleine,other,EasyWeatherPro_V5.1.6,50.659,3.07,23.0,2025-03-24 05:09:00,8.72,5.61,81.0,1008.81,0.0,1.61,NNW,337.0,0.0,0.0,0.0,weather_underground,,
ILAMAD25,La Madeleine,other,EasyWeatherPro_V5.1.6,50.659,3.07,23.0,2025-03-24 05:14:00,8.72,5.61,81.0,1008.81,0.16,1.77,NNW,337.0,0.0,0.0,0.0,weather_underground,,
ILAMAD25,La Madeleine,other,EasyWeatherPro_V5.1.6,50.659,3.07,23.0,2025-03-24 05:19:00,8.72,5.67,81.0,1008.81,0.16,3.86,NNW,337.0,0.0,0.0,0.0,weather_underground,,
ILAMAD25,La Madeleine,other,EasyWeatherPro_V5.1.6,50.659,3.07,23.0,2025-03-24 05:24:00,8.72,5.61,81.0,1008.47,0.48,5.15,NW,315.0,0.0,0.0,0.0,weather_underground,,
ILAMAD25,La Madeleine,other,EasyWeatherPro_V5.1.6,50.659,3.07,23.0,2025-03-24 05:29:00,8.78,5.72,81.0,1008.47,0.32,2.9,NNW,337.0,0.0,0.0,0.0,weather_underground,,
ILAMAD25,La Madeleine,other,EasyWeatherPro_V5.1.6,50.659,3.07,23.0,2025-03-24 05:34:00,8.72,5.61,81.0,1008.47,0.16,2.41,NW,315.0,0.0,0.0,0.0,weather_underground,,
ILAMAD25,La Madeleine,other,EasyWeatherPro_V5.1.6,50.659,3.07,23.0,2025-03-24 05:39:00,8.72,5.72,82.0,1008.47,0.48,3.86,NW,315.0,0.0,0.0,0.0,weather_underground,,
ILAMAD25,La Madeleine,other,EasyWeatherPro_V5.1.6,50.659,3.07,23.0,2025-03-24 05:44:00,8.72,5.72,82.0,1008.47,0.16,4.51,NNW,337.0,0.0,0.0,0.0,weather_underground,,
ILAMAD25,La Madeleine,other,EasyWeatherPro_V5.1.6,50.659,3.07,23.0,2025-03-24 05:49:00,8.72,5.78,82.0,1008.13,0.48,5.15,NNW,337.0,0.0,0.0,0.0,weather_underground,,
ILAMAD25,La Madeleine,other,EasyWeatherPro_V5.1.6,50.659,3.07,23.0,2025-03-24 05:54:00,8.72,5.78,82.0,1008.13,0.16,3.54,NW,315.0,0.0,0.0,0.0,weather_underground,,
ILAMAD25,La Madeleine,other,EasyWeatherPro_V5.1.6,50.659,3.07,23.0,2025-03-24 05:59:00,8.72,5.78,82.0,1008.13,0.16,1.93,NW,315.0,0.0,0.0,0.0,weather_underground,,
ILAMAD25,La Madeleine,other,EasyWeatherPro_V5.1.6,50.659,3.07,23.0,2025-03-24 06:04:00,8.72,5.78,82.0,1008.47,0.16,4.83,NNW,337.0,0.0,0.0,0.0,weather_underground,,
ILAMAD25,La Madeleine,other,EasyWeatherPro_V5.1.6,50.659,3.07,23.0,2025-03-24 06:09:00,8.72,5.78,82.0,1008.13,0.32,3.22,NNW,337.0,0.0,0.0,0.0,weather_underground,,
ILAMAD25,La Madeleine,other,EasyWeatherPro_V5.1.6,50.659,3.07,23.0,2025-03-24 06:14:00,8.72,5.78,82.0,1008.13,0.32,3.86,NNW,337.0,0.0,0.0,0.0,weather_underground,,
ILAMAD25,La Madeleine,other,EasyWeatherPro_V5.1.6,50.659,3.07,23.0,2025-03-24 06:19:00,8.72,5.78,82.0,1007.79,0.48,5.47,NW,315.0,0.0,0.0,0.0,weather_underground,,
ILAMAD25,La Madeleine,other,EasyWeatherPro_V5.1.6,50.659,3.07,23.0,2025-03-24 06:24:00,8.72,5.78,82.0,1008.13,0.16,2.9,NNW,337.0,0.0,0.0,0.0,weather_underground,,
ILAMAD25,La Madeleine,other,EasyWeatherPro_V5.1.6,50.659,3.07,23.0,2025-03-24 06:29:00,8.72,5.78,82.0,1008.13,0.16,3.54,NNW,337.0,0.0,0.0,0.0,weather_underground,,
ILAMAD25,La Madeleine,other,EasyWeatherPro_V5.1.6,50.659,3.07,23.0,2025-03-24 06:34:00,8.72,5.78,82.0,1007.79,0.48,4.51,NW,315.0,0.0,0.0,0.0,weather_underground,,
ILAMAD25,La Madeleine,other,EasyWeatherPro_V5.1.6,50.659,3.07,23.0,2025-03-24 06:39:00,8.72,5.78,82.0,1007.79,0.16,2.41,NNW,337.0,0.0,0.0,0.0,weather_underground,,
ILAMAD25,La Madeleine,other,EasyWeatherPro_V5.1.6,50.659,3.07,23.0,2025-03-24 06:44:00,8.72,5.78,82.0,1007.79,0.16,3.54,NNW,337.0,0.0,0.0,0.0,weather_underground,,
ILAMAD25,La Madeleine,other,EasyWeatherPro_V5.1.6,50.659,3.07,23.0,2025-03-24 06:49:00,8.72,5.78,82.0,1007.79,0.0,2.09,NNW,337.0,0.0,0.0,0.0,weather_underground,,
ILAMAD25,La Madeleine,other,EasyWeatherPro_V5.1.6,50.659,3.07,23.0,2025-03-24 06:54:00,8.72,5.78,82.0,1007.79,0.32,4.83,NNW,337.0,0.0,0.0,0.0,weather_underground,,
ILAMAD25,La Madeleine,other,EasyWeatherPro_V5.1.6,50.659,3.07,23.0,2025-03-24 06:59:00,8.72,5.78,82.0,1007.79,0.16,3.54,NNW,337.0,0.0,0.0,0.0,weather_underground,,
ILAMAD25,La Madeleine,other,EasyWeatherPro_V5.1.6,50.659,3.07,23.0,2025-03-24 07:04:00,8.72,5.78,82.0,1007.79,0.0,1.61,NNW,337.0,0.0,0.0,0.0,weather_underground,,
ILAMAD25,La Madeleine,other,EasyWeatherPro_V5.1.6,50.659,3.07,23.0,2025-03-24 07:09:00,8.72,5.78,82.0,1007.45,0.16,2.74,NNW,337.0,0.0,0.0,0.0,weather_underground,,
ILAMAD25,La Madeleine,other,EasyWeatherPro_V5.1.6,50.659,3.07,23.0,2025-03-24 07:14:00,8.72,5.78,82.0,1007.45,0.0,1.61,NW,315.0,0.0,0.0,0.0,weather_underground,,
ILAMAD25,La Madeleine,other,EasyWeatherPro_V5.1.6,50.659,3.07,23.0,2025-03-24 07:19:00,8.78,5.89,82.0,1007.45,0.64,4.51,NW,315.0,0.0,0.0,0.0,weather_underground,,
ILAMAD25,La Madeleine,other,EasyWeatherPro_V5.1.6,50.659,3.07,23.0,2025-03-24 07:24:00,8.78,5.89,82.0,1007.45,0.16,1.61,NNW,337.0,0.0,0.0,0.0,weather_underground,,
ILAMAD25,La Madeleine,other,EasyWeatherPro_V5.1.6,50.659,3.07,23.0,2025-03-24 07:29:00,8.78,5.89,82.0,1007.79,1.13,6.76,NNW,337.0,0.0,0.0,0.0,weather_underground,,
ILAMAD25,La Madeleine,other,EasyWeatherPro_V5.1.6,50.659,3.07,23.0,2025-03-24 07:34:00,8.89,6.0,82.0,1007.79,0.48,4.99,,,0.0,0.0,0.0,weather_underground,,
ILAMAD25,La Madeleine,other,EasyWeatherPro_V5.1.6,50.659,3.07,23.0,2025-03-24 07:39:00,8.89,5.94,82.0,1007.45,0.16,3.22,NNW,337.0,0.0,0.1,0.0,weather_underground,,
ILAMAD25,La Madeleine,other,EasyWeatherPro_V5.1.6,50.659,3.07,23.0,2025-03-24 07:44:00,8.89,6.0,82.0,1007.45,0.16,2.25,NNW,337.0,0.0,0.1,0.0,weather_underground,,
ILAMAD25,La Madeleine,other,EasyWeatherPro_V5.1.6,50.659,3.07,23.0,2025-03-24 07:49:00,8.94,6.0,82.0,1007.45,0.16,2.74,NNW,337.0,0.0,0.3,0.0,weather_underground,,
ILAMAD25,La Madeleine,other,EasyWeatherPro_V5.1.6,50.659,3.07,23.0,2025-03-24 07:54:00,9.0,5.89,81.0,1007.45,0.0,2.57,NW,315.0,0.0,0.6,0.0,weather_underground,,
ILAMAD25,La Madeleine,other,EasyWeatherPro_V5.1.6,50.659,3.07,23.0,2025-03-24 07:59:00,9.0,5.89,81.0,1007.45,0.32,3.06,NNW,337.0,0.0,0.8,0.0,weather_underground,,
ILAMAD25,La Madeleine,other,EasyWeatherPro_V5.1.6,50.659,3.07,23.0,2025-03-24 08:04:00,9.11,6.0,81.0,1007.45,0.32,1.93,NNW,337.0,0.0,1.0,0.0,weather_underground,,
ILAMAD25,La Madeleine,other,EasyWeatherPro_V5.1.6,50.659,3.07,23.0,2025-03-24 08:09:00,9.11,6.0,81.0,1007.45,0.0,3.54,NNW,337.0,0.0,1.3,0.0,weather_underground,,
ILAMAD25,La Madeleine,other,EasyWeatherPro_V5.1.6,50.659,3.07,23.0,2025-03-24 08:14:00,9.11,6.0,81.0,1007.45,0.0,2.74,NNW,337.0,0.0,1.9,0.0,weather_underground,,
ILAMAD25,La Madeleine,other,EasyWeatherPro_V5.1.6,50.659,3.07,23.0,2025-03-24 08:19:00,9.11,5.94,81.0,1007.45,0.97,7.08,NNW,337.0,0.0,2.9,0.0,weather_underground,,
ILAMAD25,La Madeleine,other,EasyWeatherPro_V5.1.6,50.659,3.07,23.0,2025-03-24 08:24:00,9.11,6.0,81.0,1007.45,0.8,4.18,NNW,337.0,0.0,4.3,0.0,weather_underground,,
ILAMAD25,La Madeleine,other,EasyWeatherPro_V5.1.6,50.659,3.07,23.0,2025-03-24 08:29:00,9.17,6.0,81.0,1007.45,0.48,5.15,NNW,337.0,0.0,5.7,0.0,weather_underground,,
ILAMAD25,La Madeleine,other,EasyWeatherPro_V5.1.6,50.659,3.07,23.0,2025-03-24 08:34:00,9.22,6.0,81.0,1007.45,0.32,4.83,NNW,337.0,0.0,7.0,0.0,weather_underground,,
ILAMAD25,La Madeleine,other,EasyWeatherPro_V5.1.6,50.659,3.07,23.0,2025-03-24 08:39:00,9.22,6.0,81.0,1007.45,0.32,2.57,NNW,337.0,0.0,7.5,0.0,weather_underground,,
ILAMAD25,La Madeleine,other,EasyWeatherPro_V5.1.6,50.659,3.07,23.0,2025-03-24 08:44:00,9.28,6.11,81.0,1007.45,0.16,3.54,NNW,337.0,0.0,7.9,0.0,weather_underground,,
ILAMAD25,La Madeleine,other,EasyWeatherPro_V5.1.6,50.659,3.07,23.0,2025-03-24 08:49:00,9.28,6.0,80.0,1007.11,0.16,4.18,NNW,337.0,0.0,10.2,0.0,weather_underground,,
ILAMAD25,La Madeleine,other,EasyWeatherPro_V5.1.6,50.659,3.07,23.0,2025-03-24 08:54:00,9.33,6.06,80.0,1006.77,0.64,6.76,NNW,337.0,0.0,12.3,0.0,weather_underground,,
ILAMAD25,La Madeleine,other,EasyWeatherPro_V5.1.6,50.659,3.07,23.0,2025-03-24 08:59:00,9.44,6.06,80.0,1007.11,1.45,8.05,NNW,337.0,0.0,13.8,0.0,weather_underground,,
ILAMAD25,La Madeleine,other,EasyWeatherPro_V5.1.6,50.659,3.07,23.0,2025-03-24 09:04:00,9.56,6.06,79.0,1007.11,0.64,5.15,NNW,337.0,0.0,15.4,0.0,weather_underground,,
ILAMAD25,La Madeleine,other,EasyWeatherPro_V5.1.6,50.659,3.07,23.0,2025-03-24 09:09:00,9.56,6.06,79.0,1007.11,0.64,5.47,NW,315.0,0.0,17.0,0.0,weather_underground,,
ILAMAD25,La Madeleine,other,EasyWeatherPro_V5.1.6,50.659,3.07,23.0,2025-03-24 09:14:00,9.5,6.0,79.0,1007.11,0.16,4.18,NW,315.0,0.0,19.0,0.0,weather_underground,,
ILAMAD25,La Madeleine,other,EasyWeatherPro_V5.1.6,50.659,3.07,23.0,2025-03-24 09:19:00,9.56,6.06,79.0,1006.77,0.8,6.44,NNW,337.0,0.0,21.0,0.0,weather_underground,,
ILAMAD25,La Madeleine,other,EasyWeatherPro_V5.1.6,50.659,3.07,23.0,2025-03-24 09:24:00,9.61,6.11,79.0,1006.77,0.16,5.15,NNW,337.0,0.0,22.1,0.0,weather_underground,,
ILAMAD25,La Madeleine,other,EasyWeatherPro_V5.1.6,50.659,3.07,23.0,2025-03-24 09:29:00,9.61,6.11,79.0,1006.77,0.32,3.22,NNW,337.0,0.0,22.6,0.0,weather_underground,,
ILAMAD25,La Madeleine,other,EasyWeatherPro_V5.1.6,50.659,3.07,23.0,2025-03-24 09:34:00,9.67,6.17,79.0,1006.77,0.97,4.83,NNW,337.0,0.0,23.1,0.0,weather_underground,,
ILAMAD25,La Madeleine,other,EasyWeatherPro_V5.1.6,50.659,3.07,23.0,2025-03-24 09:39:00,9.72,6.17,79.0,1006.77,0.64,4.83,NNW,337.0,0.0,24.1,0.0,weather_underground,,
ILAMAD25,La Madeleine,other,EasyWeatherPro_V5.1.6,50.659,3.07,23.0,2025-03-24 09:44:00,9.72,6.17,79.0,1006.77,0.48,4.18,NNW,337.0,0.0,24.8,0.0,weather_underground,,
ILAMAD25,La Madeleine,other,EasyWeatherPro_V5.1.6,50.659,3.07,23.0,2025-03-24 09:49:00,9.78,6.22,79.0,1006.77,0.32,5.15,NNW,337.0,0.0,24.9,0.0,weather_underground,,
ILAMAD25,La Madeleine,other,EasyWeatherPro_V5.1.6,50.659,3.07,23.0,2025-03-24 09:54:00,9.78,6.28,78.0,1006.77,0.16,4.83,NNW,337.0,0.0,24.6,0.0,weather_underground,,
ILAMAD25,La Madeleine,other,EasyWeatherPro_V5.1.6,50.659,3.07,23.0,2025-03-24 09:59:00,9.89,6.28,78.0,1006.77,0.8,4.18,NW,315.0,0.0,26.2,0.0,weather_underground,,
ILAMAD25,La Madeleine,other,EasyWeatherPro_V5.1.6,50.659,3.07,23.0,2025-03-24 10:04:00,9.89,6.28,78.0,1006.44,0.48,5.47,NW,315.0,0.0,29.1,0.0,weather_underground,,
ILAMAD25,La Madeleine,other,EasyWeatherPro_V5.1.6,50.659,3.07,23.0,2025-03-24 10:09:00,9.89,6.28,78.0,1006.77,0.64,5.47,NNW,337.0,0.0,30.0,0.0,weather_underground,,
ILAMAD25,La Madeleine,other,EasyWeatherPro_V5.1.6,50.659,3.07,23.0,2025-03-24 10:14:00,9.94,6.39,78.0,1006.77,0.97,3.54,NW,315.0,0.0,30.7,0.0,weather_underground,,
ILAMAD25,La Madeleine,other,EasyWeatherPro_V5.1.6,50.659,3.07,23.0,2025-03-24 10:19:00,10.06,6.39,78.0,1006.44,0.64,7.08,NNW,337.0,0.0,38.1,0.0,weather_underground,,
ILAMAD25,La Madeleine,other,EasyWeatherPro_V5.1.6,50.659,3.07,23.0,2025-03-24 10:24:00,10.22,6.44,78.0,1006.1,0.32,4.83,NNW,337.0,0.0,39.0,0.0,weather_underground,,
ILAMAD25,La Madeleine,other,EasyWeatherPro_V5.1.6,50.659,3.07,23.0,2025-03-24 10:29:00,10.28,6.56,78.0,1006.1,1.29,4.67,NNW,337.0,0.0,41.9,0.0,weather_underground,,
ILAMAD25,La Madeleine,other,EasyWeatherPro_V5.1.6,50.659,3.07,23.0,2025-03-24 10:34:00,10.56,6.5,76.0,1006.1,0.97,6.76,NW,315.0,0.0,43.6,0.0,weather_underground,,
ILAMAD25,La Madeleine,other,EasyWeatherPro_V5.1.6,50.659,3.07,23.0,2025-03-24 10:39:00,10.67,6.67,76.0,1006.1,0.32,3.86,NW,315.0,0.0,46.8,0.0,weather_underground,,
ILAMAD25,La Madeleine,other,EasyWeatherPro_V5.1.6,50.659,3.07,23.0,2025-03-24 10:44:00,10.94,6.72,75.0,1006.1,0.97,7.4,NNW,337.0,0.0,45.6,0.0,weather_underground,,
ILAMAD25,La Madeleine,other,EasyWeatherPro_V5.1.6,50.659,3.07,23.0,2025-03-24 10:49:00,11.17,6.83,75.0,1005.76,0.97,3.54,NNW,337.0,0.0,42.7,0.0,weather_underground,,
ILAMAD25,La Madeleine,other,EasyWeatherPro_V5.1.6,50.659,3.07,23.0,2025-03-24 10:54:00,11.22,6.89,75.0,1005.76,1.29,6.44,NNW,337.0,0.0,41.0,0.0,weather_underground,,
ILAMAD25,La Madeleine,other,EasyWeatherPro_V5.1.6,50.659,3.07,23.0,2025-03-24 10:59:00,11.33,7.0,75.0,1005.76,0.16,4.83,NW,315.0,0.0,40.0,0.0,weather_underground,,
ILAMAD25,La Madeleine,other,EasyWeatherPro_V5.1.6,50.659,3.07,23.0,2025-03-24 11:04:00,11.39,7.06,75.0,1005.76,1.29,5.47,NNW,337.0,0.0,39.7,0.0,weather_underground,,
ILAMAD25,La Madeleine,other,EasyWeatherPro_V5.1.6,50.659,3.07,23.0,2025-03-24 11:09:00,11.44,7.0,74.0,1005.76,1.45,9.17,NNW,337.0,0.0,39.6,0.0,weather_underground,,
ILAMAD25,La Madeleine,other,EasyWeatherPro_V5.1.6,50.659,3.07,23.0,2025-03-24 11:14:00,11.67,7.17,74.0,1005.76,0.48,5.47,NNW,337.0,0.0,37.0,0.0,weather_underground,,
ILAMAD25,La Madeleine,other,EasyWeatherPro_V5.1.6,50.659,3.07,23.0,2025-03-24 11:19:00,11.72,7.17,74.0,1005.76,1.45,6.76,NW,315.0,0.0,28.8,0.0,weather_underground,,
ILAMAD25,La Madeleine,other,EasyWeatherPro_V5.1.6,50.659,3.07,23.0,2025-03-24 11:24:00,11.72,7.22,74.0,1005.42,1.77,5.47,NNW,337.0,0.0,26.8,0.0,weather_underground,,
ILAMAD25,La Madeleine,other,EasyWeatherPro_V5.1.6,50.659,3.07,23.0,2025-03-24 11:29:00,11.67,7.22,74.0,1005.42,1.45,6.76,NNW,337.0,0.0,28.6,0.0,weather_underground,,
ILAMAD25,La Madeleine,other,EasyWeatherPro_V5.1.6,50.659,3.07,23.0,2025-03-24 11:34:00,11.83,7.28,74.0,1005.42,2.25,8.85,NW,315.0,0.0,28.5,0.0,weather_underground,,
ILAMAD25,La Madeleine,other,EasyWeatherPro_V5.1.6,50.659,3.07,23.0,2025-03-24 11:39:00,12.11,7.39,73.0,1005.42,2.25,11.75,NW,315.0,0.0,28.2,0.0,weather_underground,,
ILAMAD25,La Madeleine,other,EasyWeatherPro_V5.1.6,50.659,3.07,23.0,2025-03-24 11:44:00,12.28,7.56,73.0,1005.42,2.09,8.69,NW,315.0,0.0,28.4,0.0,weather_underground,,
ILAMAD25,La Madeleine,other,EasyWeatherPro_V5.1.6,50.659,3.07,23.0,2025-03-24 11:49:00,12.39,7.5,72.0,1005.42,3.22,15.29,NW,315.0,0.0,28.5,0.0,weather_underground,,
ILAMAD25,La Madeleine,other,EasyWeatherPro_V5.1.6,50.659,3.07,23.0,2025-03-24 11:54:00,12.5,7.72,73.0,1005.42,1.45,9.82,NNW,337.0,0.0,29.0,0.0,weather_underground,,
ILAMAD25,La Madeleine,other,EasyWeatherPro_V5.1.6,50.659,3.07,23.0,2025-03-24 11:59:00,12.78,7.78,72.0,1005.42,0.97,5.15,NW,315.0,0.0,29.3,0.0,weather_underground,,
ILAMAD25,La Madeleine,other,EasyWeatherPro_V5.1.6,50.659,3.07,23.0,2025-03-24 12:04:00,13.06,7.89,71.0,1005.42,1.29,10.46,NW,315.0,0.0,28.7,0.0,weather_underground,,
ILAMAD25,La Madeleine,other,EasyWeatherPro_V5.1.6,50.659,3.07,23.0,2025-03-24 12:09:00,13.06,7.83,70.0,1005.42,1.77,5.47,NW,315.0,0.0,29.0,0.0,weather_underground,,
ILAMAD25,La Madeleine,other,EasyWeatherPro_V5.1.6,50.659,3.07,23.0,2025-03-24 12:14:00,13.11,7.78,70.0,1005.42,2.25,7.08,NW,315.0,0.0,28.9,0.0,weather_underground,,
ILAMAD25,La Madeleine,other,EasyWeatherPro_V5.1.6,50.659,3.07,23.0,2025-03-24 12:19:00,13.44,7.94,69.0,1005.08,1.93,8.21,NW,315.0,0.0,28.9,0.0,weather_underground,,
ILAMAD25,La Madeleine,other,EasyWeatherPro_V5.1.6,50.659,3.07,23.0,2025-03-24 12:24:00,13.67,8.11,69.0,1005.08,1.77,8.05,NW,315.0,0.0,29.0,0.0,weather_underground,,
ILAMAD25,La Madeleine,other,EasyWeatherPro_V5.1.6,50.659,3.07,23.0,2025-03-24 12:29:00,13.78,8.17,69.0,1005.08,1.61,9.5,NW,315.0,0.0,29.5,0.0,weather_underground,,
ILAMAD25,La Madeleine,other,EasyWeatherPro_V5.1.6,50.659,3.07,23.0,2025-03-24 12:34:00,14.0,8.22,68.0,1005.08,1.45,5.47,NW,315.0,0.0,29.3,0.0,weather_underground,,
ILAMAD25,La Madeleine,other,EasyWeatherPro_V5.1.6,50.659,3.07,23.0,2025-03-24 12:39:00,14.17,8.22,68.0,1004.74,1.45,5.47,NW,315.0,0.0,29.5,0.0,weather_underground,,
ILAMAD25,La Madeleine,other,EasyWeatherPro_V5.1.6,50.659,3.07,23.0,2025-03-24 12:44:00,14.17,8.22,68.0,1004.74,2.9,9.98,NW,315.0,0.0,30.3,0.0,weather_underground,,
ILAMAD25,La Madeleine,other,EasyWeatherPro_V5.1.6,50.659,3.07,23.0,2025-03-24 12:49:00,14.28,8.28,68.0,1004.74,2.41,9.5,NW,315.0,0.0,30.8,0.0,weather_underground,,
ILAMAD25,La Madeleine,other,EasyWeatherPro_V5.1.6,50.659,3.07,23.0,2025-03-24 12:54:00,14.39,8.33,67.0,1004.74,1.93,10.3,NW,315.0,0.0,31.4,0.0,weather_underground,,
ILAMAD25,La Madeleine,other,EasyWeatherPro_V5.1.6,50.659,3.07,23.0,2025-03-24 12:59:00,14.56,8.44,67.0,1004.74,0.97,7.4,NW,315.0,0.0,31.4,0.0,weather_underground,,
ILAMAD25,La Madeleine,other,EasyWeatherPro_V5.1.6,50.659,3.07,23.0,2025-03-24 13:04:00,14.78,8.56,66.0,1004.4,2.25,10.94,NW,315.0,0.0,32.9,0.0,weather_underground,,
ILAMAD25,La Madeleine,other,EasyWeatherPro_V5.1.6,50.659,3.07,23.0,2025-03-24 13:09:00,15.0,8.72,66.0,1004.4,1.93,7.4,NW,315.0,0.0,34.2,0.0,weather_underground,,
ILAMAD25,La Madeleine,other,EasyWeatherPro_V5.1.6,50.659,3.07,23.0,2025-03-24 13:14:00,15.0,8.67,66.0,1004.4,1.29,7.4,NNW,337.0,0.0,34.2,0.0,weather_underground,,
ILAMAD25,La Madeleine,other,EasyWeatherPro_V5.1.6,50.659,3.07,23.0,2025-03-24 13:19:00,15.5,8.83,64.0,1004.4,2.41,9.17,NW,315.0,0.0,35.0,0.0,weather_underground,,
ILAMAD25,La Madeleine,other,EasyWeatherPro_V5.1.6,50.659,3.07,23.0,2025-03-24 13:24:00,15.78,8.89,64.0,1004.4,1.61,8.05,NNW,337.0,0.0,36.5,0.0,weather_underground,,
ILAMAD25,La Madeleine,other,EasyWeatherPro_V5.1.6,50.659,3.07,23.0,2025-03-24 13:29:00,16.0,8.89,63.0,1004.06,1.29,7.72,NNW,337.0,0.0,39.5,0.0,weather_underground,,
ILAMAD25,La Madeleine,other,EasyWeatherPro_V5.1.6,50.659,3.07,23.0,2025-03-24 13:34:00,15.94,8.78,63.0,1004.06,3.38,14.64,NW,315.0,0.0,152.3,1.0,weather_underground,,
ILAMAD25,La Madeleine,other,EasyWeatherPro_V5.1.6,50.659,3.07,23.0,2025-03-24 13:39:00,15.0,8.0,63.0,1004.06,1.93,10.78,NW,315.0,0.0,395.4,3.0,weather_underground,,
ILAMAD25,La Madeleine,other,EasyWeatherPro_V5.1.6,50.659,3.07,23.0,2025-03-24 13:44:00,15.22,8.06,62.0,1004.06,1.77,5.47,NW,315.0,0.0,421.0,3.0,weather_underground,,
ILAMAD25,La Madeleine,other,EasyWeatherPro_V5.1.6,50.659,3.07,23.0,2025-03-24 13:49:00,15.33,8.17,63.0,1004.06,1.93,9.82,NNW,337.0,0.0,400.5,3.0,weather_underground,,
ILAMAD25,La Madeleine,other,EasyWeatherPro_V5.1.6,50.659,3.07,23.0,2025-03-24 13:54:00,15.33,8.33,63.0,1004.06,3.7,11.1,NW,315.0,0.0,407.3,3.0,weather_underground,,
ILAMAD25,La Madeleine,other,EasyWeatherPro_V5.1.6,50.659,3.07,23.0,2025-03-24 13:59:00,14.56,7.94,65.0,1004.06,2.09,9.5,NW,315.0,0.0,422.6,3.0,weather_underground,,
ILAMAD25,La Madeleine,other,EasyWeatherPro_V5.1.6,50.659,3.07,23.0,2025-03-24 14:04:00,15.33,8.44,64.0,1003.73,3.22,11.1,NW,315.0,0.0,336.7,2.0,weather_underground,,
ILAMAD25,La Madeleine,other,EasyWeatherPro_V5.1.6,50.659,3.07,23.0,2025-03-24 14:09:00,14.56,8.11,65.0,1003.73,1.77,9.17,NW,315.0,0.0,427.9,3.0,weather_underground,,
ILAMAD25,La Madeleine,other,EasyWeatherPro_V5.1.6,50.659,3.07,23.0,2025-03-24 14:14:00,14.39,7.94,65.0,1003.73,2.25,8.85,NW,315.0,0.0,418.3,3.0,weather_underground,,
ILAMAD25,La Madeleine,other,EasyWeatherPro_V5.1.6,50.659,3.07,23.0,2025-03-24 14:19:00,14.83,8.06,64.0,1003.73,1.93,8.53,NW,315.0,0.0,402.6,3.0,weather_underground,,
ILAMAD25,La Madeleine,other,EasyWeatherPro_V5.1.6,50.659,3.07,23.0,2025-03-24 14:24:00,15.06,8.0,63.0,1003.73,4.18,10.14,NW,315.0,0.0,385.2,3.0,weather_underground,,
ILAMAD25,La Madeleine,other,EasyWeatherPro_V5.1.6,50.659,3.07,23.0,2025-03-24 14:29:00,15.39,8.22,62.0,1003.39,2.25,6.44,NW,315.0,0.0,389.3,3.0,weather_underground,,
ILAMAD25,La Madeleine,other,EasyWeatherPro_V5.1.6,50.659,3.07,23.0,2025-03-24 14:34:00,15.61,8.0,61.0,1003.39,4.18,14.97,NW,315.0,0.0,384.7,3.0,weather_underground,,
ILAMAD25,La Madeleine,other,EasyWeatherPro_V5.1.6,50.659,3.07,23.0,2025-03-24 14:39:00,15.5,8.17,62.0,1003.39,2.57,10.46,NW,315.0,0.0,376.1,2.0,weather_underground,,
ILAMAD25,La Madeleine,other,EasyWeatherPro_V5.1.6,50.659,3.07,23.0,2025-03-24 14:44:00,15.28,8.06,62.0,1003.39,3.22,11.75,NW,315.0,0.0,389.2,3.0,weather_underground,,
ILAMAD25,La Madeleine,other,EasyWeatherPro_V5.1.6,50.659,3.07,23.0,2025-03-24 14:49:00,15.5,8.17,62.0,1003.39,1.77,9.17,NW,315.0,0.0,445.4,3.0,weather_underground,,
ILAMAD25,La Madeleine,other,EasyWeatherPro_V5.1.6,50.659,3.07,23.0,2025-03-24 14:54:00,15.89,8.39,61.0,1003.39,3.38,13.04,NW,315.0,0.0,442.2,3.0,weather_underground,,
ILAMAD25,La Madeleine,other,EasyWeatherPro_V5.1.6,50.659,3.07,23.0,2025-03-24 14:59:00,15.5,8.39,63.0,1003.05,3.06,13.04,NNW,337.0,0.0,433.2,3.0,weather_underground,,
ILAMAD25,La Madeleine,other,EasyWeatherPro_V5.1.6,50.659,3.07,23.0,2025-03-24 15:04:00,15.5,8.44,63.0,1003.05,1.29,7.4,NW,315.0,0.0,398.3,3.0,weather_underground,,
ILAMAD25,La Madeleine,other,EasyWeatherPro_V5.1.6,50.659,3.07,23.0,2025-03-24 15:09:00,15.33,8.06,62.0,1003.05,3.06,9.17,NW,315.0,0.0,365.9,2.0,weather_underground,,
ILAMAD25,La Madeleine,other,EasyWeatherPro_V5.1.6,50.659,3.07,23.0,2025-03-24 15:14:00,15.44,8.17,62.0,1002.71,2.09,10.46,NW,315.0,0.0,366.9,2.0,weather_underground,,
ILAMAD25,La Madeleine,other,EasyWeatherPro_V5.1.6,50.659,3.07,23.0,2025-03-24 15:19:00,16.06,8.61,61.0,1003.05,3.86,9.17,NW,315.0,0.0,377.8,2.0,weather_underground,,
ILAMAD25,La Madeleine,other,EasyWeatherPro_V5.1.6,50.659,3.07,23.0,2025-03-24 15:24:00,15.94,8.94,63.0,1002.71,2.9,9.5,NW,315.0,0.0,223.4,1.0,weather_underground,,
ILAMAD25,La Madeleine,other,EasyWeatherPro_V5.1.6,50.659,3.07,23.0,2025-03-24 15:29:00,15.44,8.72,64.0,1002.71,2.41,7.4,NNW,337.0,0.0,256.1,2.0,weather_underground,,
ILAMAD25,La Madeleine,other,EasyWeatherPro_V5.1.6,50.659,3.07,23.0,2025-03-24 15:34:00,15.11,8.28,64.0,1002.71,2.9,9.82,NW,315.0,0.0,420.7,3.0,weather_underground,,
ILAMAD25,La Madeleine,other,EasyWeatherPro_V5.1.6,50.659,3.07,23.0,2025-03-24 15:39:00,15.83,8.94,64.0,1002.71,4.51,8.85,NW,315.0,0.0,416.4,3.0,weather_underground,,
ILAMAD25,La Madeleine,other,EasyWeatherPro_V5.1.6,50.659,3.07,23.0,2025-03-24 15:44:00,15.72,9.28,66.0,1002.71,4.35,14.32,NNW,337.0,0.0,177.7,1.0,weather_underground,,
ILAMAD25,La Madeleine,other,EasyWeatherPro_V5.1.6,50.659,3.07,23.0,2025-03-24 15:49:00,15.56,9.33,66.0,1002.71,0.97,5.47,NW,315.0,0.0,118.0,1.0,weather_underground,,
ILAMAD25,La Madeleine,other,EasyWeatherPro_V5.1.6,50.659,3.07,23.0,2025-03-24 15:54:00,15.5,9.28,67.0,1002.37,3.38,13.36,NW,315.0,0.0,126.9,1.0,weather_underground,,
ILAMAD25,La Madeleine,other,EasyWeatherPro_V5.1.6,50.659,3.07,23.0,2025-03-24 15:59:00,15.28,9.22,67.0,1002.37,3.06,10.14,NW,315.0,0.0,79.5,0.0,weather_underground,,
ILAMAD25,La Madeleine,other,EasyWeatherPro_V5.1.6,50.659,3.07,23.0,2025-03-24 16:04:00,15.17,9.33,68.0,1002.71,1.13,6.44,NW,315.0,0.0,83.3,0.0,weather_underground,,
ILAMAD25,La Madeleine,other,EasyWeatherPro_V5.1.6,50.659,3.07,23.0,2025-03-24 16:09:00,15.06,9.5,69.0,1002.37,1.61,10.46,NNW,337.0,0.0,82.5,0.0,weather_underground,,
ILAMAD25,La Madeleine,other,EasyWeatherPro_V5.1.6,50.659,3.07,23.0,2025-03-24 16:14:00,15.0,9.44,69.0,1002.37,2.25,7.56,NW,315.0,0.0,73.7,0.0,weather_underground,,
ILAMAD25,La Madeleine,other,EasyWeatherPro_V5.1.6,50.659,3.07,23.0,2025-03-24 16:19:00,14.83,9.44,70.0,1002.37,2.74,10.46,NW,315.0,0.0,63.8,0.0,weather_underground,,
ILAMAD25,La Madeleine,other,EasyWeatherPro_V5.1.6,50.659,3.07,23.0,2025-03-24 16:24:00,14.78,9.44,70.0,1002.37,1.77,9.5,NW,315.0,0.0,42.0,0.0,weather_underground,,
ILAMAD25,La Madeleine,other,EasyWeatherPro_V5.1.6,50.659,3.07,23.0,2025-03-24 16:29:00,14.67,9.44,71.0,1002.37,3.06,12.23,NW,315.0,0.0,42.9,0.0,weather_underground,,
ILAMAD25,La Madeleine,other,EasyWeatherPro_V5.1.6,50.659,3.07,23.0,2025-03-24 16:34:00,14.5,9.33,71.0,1002.71,3.06,13.84,NNW,337.0,0.0,37.9,0.0,weather_underground,,
ILAMAD25,La Madeleine,other,EasyWeatherPro_V5.1.6,50.659,3.07,23.0,2025-03-24 16:39:00,14.5,9.67,73.0,1002.37,1.29,4.18,NW,315.0,0.0,37.5,0.0,weather_underground,,
ILAMAD25,La Madeleine,other,EasyWeatherPro_V5.1.6,50.659,3.07,23.0,2025-03-24 16:44:00,14.33,9.56,73.0,1002.37,2.9,11.75,NW,315.0,0.0,37.1,0.0,weather_underground,,
ILAMAD25,La Madeleine,other,EasyWeatherPro_V5.1.6,50.659,3.07,23.0,2025-03-24 16:49:00,14.33,9.67,74.0,1002.71,2.09,10.46,NW,315.0,0.0,30.1,0.0,weather_underground,,
ILAMAD25,La Madeleine,other,EasyWeatherPro_V5.1.6,50.659,3.07,23.0,2025-03-24 16:54:00,14.17,9.61,74.0,1002.71,2.57,7.72,NW,315.0,0.0,33.9,0.0,weather_underground,,
ILAMAD25,La Madeleine,other,EasyWeatherPro_V5.1.6,50.659,3.07,23.0,2025-03-24 16:59:00,14.06,9.61,75.0,1002.71,3.06,9.66,NW,315.0,0.0,33.0,0.0,weather_underground,,
ILAMAD25,La Madeleine,other,EasyWeatherPro_V5.1.6,50.659,3.07,23.0,2025-03-24 17:04:00,13.83,9.72,76.0,1002.71,4.99,13.36,NW,315.0,0.0,24.6,0.0,weather_underground,,
ILAMAD25,La Madeleine,other,EasyWeatherPro_V5.1.6,50.659,3.07,23.0,2025-03-24 17:09:00,13.61,9.94,79.0,1002.37,3.38,12.71,NW,315.0,0.0,26.4,0.0,weather_underground,,
ILAMAD25,La Madeleine,other,EasyWeatherPro_V5.1.6,50.659,3.07,23.0,2025-03-24 17:14:00,13.39,10.11,80.0,1002.71,3.7,12.07,NW,315.0,0.0,19.3,0.0,weather_underground,,
ILAMAD25,La Madeleine,other,EasyWeatherPro_V5.1.6,50.659,3.07,23.0,2025-03-24 17:19:00,13.22,10.22,82.0,1002.71,0.97,6.44,NW,315.0,0.0,24.0,0.0,weather_underground,,
ILAMAD25,La Madeleine,other,EasyWeatherPro_V5.1.6,50.659,3.07,23.0,2025-03-24 17:24:00,13.22,10.22,82.0,1002.37,0.48,6.28,NW,315.0,0.0,21.2,0.0,weather_underground,,
ILAMAD25,La Madeleine,other,EasyWeatherPro_V5.1.6,50.659,3.07,23.0,2025-03-24 17:29:00,13.28,10.22,82.0,1002.37,0.8,4.18,NW,315.0,0.0,14.7,0.0,weather_underground,,
ILAMAD25,La Madeleine,other,EasyWeatherPro_V5.1.6,50.659,3.07,23.0,2025-03-24 17:34:00,13.28,10.06,81.0,1002.37,0.48,5.15,NNW,337.0,0.0,27.0,0.0,weather_underground,,
ILAMAD25,La Madeleine,other,EasyWeatherPro_V5.1.6,50.659,3.07,23.0,2025-03-24 17:39:00,13.33,10.11,81.0,1002.37,0.64,5.47,NNW,337.0,0.0,29.0,0.0,weather_underground,,
ILAMAD25,La Madeleine,other,EasyWeatherPro_V5.1.6,50.659,3.07,23.0,2025-03-24 17:44:00,13.39,10.06,80.0,1002.37,1.93,8.85,NW,315.0,0.0,19.3,0.0,weather_underground,,
ILAMAD25,La Madeleine,other,EasyWeatherPro_V5.1.6,50.659,3.07,23.0,2025-03-24 17:49:00,13.39,10.11,81.0,1002.37,0.97,6.12,NNW,337.0,0.0,16.5,0.0,weather_underground,,
ILAMAD25,La Madeleine,other,EasyWeatherPro_V5.1.6,50.659,3.07,23.0,2025-03-24 17:54:00,13.28,10.11,81.0,1002.37,1.61,7.24,NW,315.0,0.0,14.4,0.0,weather_underground,,
ILAMAD25,La Madeleine,other,EasyWeatherPro_V5.1.6,50.659,3.07,23.0,2025-03-24 17:59:00,13.28,10.11,81.0,1002.37,0.16,6.76,NNW,337.0,0.0,11.3,0.0,weather_underground,,
ILAMAD25,La Madeleine,other,EasyWeatherPro_V5.1.6,50.659,3.07,23.0,2025-03-24 18:04:00,13.28,10.11,81.0,1002.37,0.32,5.47,NW,315.0,0.0,8.9,0.0,weather_underground,,
ILAMAD25,La Madeleine,other,EasyWeatherPro_V5.1.6,50.659,3.07,23.0,2025-03-24 18:09:00,13.28,10.28,82.0,1002.37,0.64,3.86,NW,315.0,0.0,8.6,0.0,weather_underground,,
ILAMAD25,La Madeleine,other,EasyWeatherPro_V5.1.6,50.659,3.07,23.0,2025-03-24 18:14:00,13.17,10.28,83.0,1002.37,2.57,10.14,NW,315.0,0.0,9.1,0.0,weather_underground,,
ILAMAD25,La Madeleine,other,EasyWeatherPro_V5.1.6,50.659,3.07,23.0,2025-03-24 18:19:00,13.06,10.33,84.0,1002.03,0.97,7.08,NW,315.0,0.0,6.6,0.0,weather_underground,,
ILAMAD25,La Madeleine,other,EasyWeatherPro_V5.1.6,50.659,3.07,23.0,2025-03-24 18:24:00,13.0,10.44,85.0,1002.03,1.13,7.89,NW,315.0,0.0,6.6,0.0,weather_underground,,
ILAMAD25,La Madeleine,other,EasyWeatherPro_V5.1.6,50.659,3.07,23.0,2025-03-24 18:29:00,12.89,10.39,85.0,1002.03,1.77,6.12,NW,315.0,0.0,5.5,0.0,weather_underground,,
ILAMAD25,La Madeleine,other,EasyWeatherPro_V5.1.6,50.659,3.07,23.0,2025-03-24 18:34:00,12.89,10.56,86.0,1002.03,0.8,6.76,NW,315.0,0.0,5.2,0.0,weather_underground,,
ILAMAD25,La Madeleine,other,EasyWeatherPro_V5.1.6,50.659,3.07,23.0,2025-03-24 18:39:00,12.78,10.5,86.0,1002.03,0.64,3.06,NW,315.0,0.0,5.0,0.0,weather_underground,,
ILAMAD25,La Madeleine,other,EasyWeatherPro_V5.1.6,50.659,3.07,23.0,2025-03-24 18:44:00,12.78,10.67,87.0,1002.03,0.16,5.47,NNW,337.0,0.0,3.7,0.0,weather_underground,,
ILAMAD25,La Madeleine,other,EasyWeatherPro_V5.1.6,50.659,3.07,23.0,2025-03-24 18:49:00,12.78,10.72,87.0,1002.03,0.48,5.47,NW,315.0,0.0,3.0,0.0,weather_underground,,
ILAMAD25,La Madeleine,other,EasyWeatherPro_V5.1.6,50.659,3.07,23.0,2025-03-24 18:54:00,12.78,10.72,87.0,1002.03,0.32,4.51,NW,315.0,0.0,2.2,0.0,weather_underground,,
ILAMAD25,La Madeleine,other,EasyWeatherPro_V5.1.6,50.659,3.07,23.0,2025-03-24 18:59:00,12.83,10.72,87.0,1002.03,0.97,7.72,NW,315.0,0.0,1.5,0.0,weather_underground,,
ILAMAD25,La Madeleine,other,EasyWeatherPro_V5.1.6,50.659,3.07,23.0,2025-03-24 19:04:00,12.78,10.78,88.0,1002.03,2.09,5.47,NW,315.0,0.0,1.1,0.0,weather_underground,,
ILAMAD25,La Madeleine,other,EasyWeatherPro_V5.1.6,50.659,3.07,23.0,2025-03-24 19:09:00,12.78,11.0,89.0,1002.03,1.13,5.47,NW,315.0,0.0,0.9,0.0,weather_underground,,
ILAMAD25,La Madeleine,other,EasyWeatherPro_V5.1.6,50.659,3.07,23.0,2025-03-24 19:14:00,12.72,11.06,90.0,1002.03,0.32,5.47,NW,315.0,0.0,0.7,0.0,weather_underground,,
ILAMAD25,La Madeleine,other,EasyWeatherPro_V5.1.6,50.659,3.07,23.0,2025-03-24 19:19:00,12.72,11.17,90.0,1002.03,0.32,3.54,NW,315.0,0.0,0.5,0.0,weather_underground,,
ILAMAD25,La Madeleine,other,EasyWeatherPro_V5.1.6,50.659,3.07,23.0,2025-03-24 19:24:00,12.67,11.28,91.0,1002.03,0.48,5.79,NW,315.0,0.0,0.2,0.0,weather_underground,,
ILAMAD25,La Madeleine,other,EasyWeatherPro_V5.1.6,50.659,3.07,23.0,2025-03-24 19:29:00,12.61,11.28,91.0,1001.69,0.0,2.25,NW,315.0,0.0,0.1,0.0,weather_underground,,
ILAMAD25,La Madeleine,other,EasyWeatherPro_V5.1.6,50.659,3.07,23.0,2025-03-24 19:34:00,12.61,11.39,92.0,1001.69,0.48,5.15,NW,315.0,0.0,0.1,0.0,weather_underground,,
ILAMAD25,La Madeleine,other,EasyWeatherPro_V5.1.6,50.659,3.07,23.0,2025-03-24 19:39:00,12.61,11.39,92.0,1001.69,0.32,0.64,NW,315.0,0.0,0.0,0.0,weather_underground,,
ILAMAD25,La Madeleine,other,EasyWeatherPro_V5.1.6,50.659,3.07,23.0,2025-03-24 19:44:00,12.72,11.5,92.0,1002.03,0.48,4.67,NW,315.0,0.0,0.0,0.0,weather_underground,,
ILAMAD25,La Madeleine,other,EasyWeatherPro_V5.1.6,50.659,3.07,23.0,2025-03-24 19:49:00,12.72,11.5,92.0,1001.69,1.13,7.4,NNW,337.0,0.0,0.0,0.0,weather_underground,,
ILAMAD25,La Madeleine,other,EasyWeatherPro_V5.1.6,50.659,3.07,23.0,2025-03-24 19:54:00,12.72,11.5,92.0,1001.69,0.32,5.47,NW,315.0,0.0,0.0,0.0,weather_underground,,
ILAMAD25,La Madeleine,other,EasyWeatherPro_V5.1.6,50.659,3.07,23.0,2025-03-24 19:59:00,12.72,11.56,92.0,1002.03,0.16,3.54,NW,315.0,0.0,0.0,0.0,weather_underground,,
ILAMAD25,La Madeleine,other,EasyWeatherPro_V5.1.6,50.659,3.07,23.0,2025-03-24 20:04:00,12.78,11.67,93.0,1001.69,0.48,3.86,NW,315.0,0.0,0.0,0.0,weather_underground,,
ILAMAD25,La Madeleine,other,EasyWeatherPro_V5.1.6,50.659,3.07,23.0,2025-03-24 20:09:00,12.78,11.72,93.0,1001.69,0.0,3.06,NNW,337.0,0.0,0.0,0.0,weather_underground,,
ILAMAD25,La Madeleine,other,EasyWeatherPro_V5.1.6,50.659,3.07,23.0,2025-03-24 20:14:00,12.83,11.72,93.0,1001.36,0.97,4.18,NW,315.0,0.0,0.0,0.0,weather_underground,,
ILAMAD25,La Madeleine,other,EasyWeatherPro_V5.1.6,50.659,3.07,23.0,2025-03-24 20:19:00,12.89,11.78,93.0,1001.36,0.16,3.86,NW,315.0,0.0,0.0,0.0,weather_underground,,
ILAMAD25,La Madeleine,other,EasyWeatherPro_V5.1.6,50.659,3.07,23.0,2025-03-24 20:24:00,12.89,11.78,93.0,1001.36,0.64,4.51,NW,315.0,0.0,0.0,0.0,weather_underground,,
ILAMAD25,La Madeleine,other,EasyWeatherPro_V5.1.6,50.659,3.07,23.0,2025-03-24 20:29:00,12.94,11.83,93.0,1001.36,0.32,5.15,NW,315.0,0.0,0.0,0.0,weather_underground,,
ILAMAD25,La Madeleine,other,EasyWeatherPro_V5.1.6,50.659,3.07,23.0,2025-03-24 20:34:00,13.0,11.89,93.0,1001.36,0.32,4.18,NW,315.0,0.0,0.0,0.0,weather_underground,,
ILAMAD25,La Madeleine,other,EasyWeatherPro_V5.1.6,50.659,3.07,23.0,2025-03-24 20:39:00,13.0,11.89,93.0,1001.36,0.32,2.74,NW,315.0,0.0,0.0,0.0,weather_underground,,
ILAMAD25,La Madeleine,other,EasyWeatherPro_V5.1.6,50.659,3.07,23.0,2025-03-24 20:44:00,13.06,11.89,93.0,1001.69,0.32,5.47,NW,315.0,0.0,0.0,0.0,weather_underground,,
ILAMAD25,La Madeleine,other,EasyWeatherPro_V5.1.6,50.659,3.07,23.0,2025-03-24 20:49:00,13.11,11.89,92.0,1001.36,0.32,4.18,WNW,292.0,0.0,0.0,0.0,weather_underground,,
ILAMAD25,La Madeleine,other,EasyWeatherPro_V5.1.6,50.659,3.07,23.0,2025-03-24 20:54:00,13.11,11.89,92.0,1001.36,1.29,7.56,WNW,292.0,0.0,0.0,0.0,weather_underground,,
ILAMAD25,La Madeleine,other,EasyWeatherPro_V5.1.6,50.659,3.07,23.0,2025-03-24 20:59:00,13.22,12.0,92.0,1001.36,0.32,0.97,NW,315.0,0.0,0.0,0.0,weather_underground,,
ILAMAD25,La Madeleine,other,EasyWeatherPro_V5.1.6,50.659,3.07,23.0,2025-03-24 21:04:00,13.22,12.0,92.0,1001.69,0.16,4.18,NNW,337.0,0.0,0.0,0.0,weather_underground,,
ILAMAD25,La Madeleine,other,EasyWeatherPro_V5.1.6,50.659,3.07,23.0,2025-03-24 21:09:00,13.28,12.06,92.0,1001.36,0.16,3.54,NW,315.0,0.0,0.0,0.0,weather_underground,,
ILAMAD25,La Madeleine,other,EasyWeatherPro_V5.1.6,50.659,3.07,23.0,2025-03-24 21:14:00,13.28,12.11,92.0,1001.36,0.0,0.0,NNW,337.0,0.0,0.0,0.0,weather_underground,,
ILAMAD25,La Madeleine,other,EasyWeatherPro_V5.1.6,50.659,3.07,23.0,2025-03-24 21:19:00,13.28,12.11,92.0,1001.36,0.32,2.74,NW,315.0,0.0,0.0,0.0,weather_underground,,
ILAMAD25,La Madeleine,other,EasyWeatherPro_V5.1.6,50.659,3.07,23.0,2025-03-24 21:24:00,13.33,12.17,92.0,1001.36,1.13,5.47,NW,315.0,0.0,0.0,0.0,weather_underground,,
ILAMAD25,La Madeleine,other,EasyWeatherPro_V5.1.6,50.659,3.07,23.0,2025-03-24 21:29:00,13.39,12.22,92.0,1001.36,0.16,4.51,NNW,337.0,0.0,0.0,0.0,weather_underground,,
ILAMAD25,La Madeleine,other,EasyWeatherPro_V5.1.6,50.659,3.07,23.0,2025-03-24 21:34:00,13.39,12.22,92.0,1001.02,0.32,2.25,NW,315.0,0.0,0.0,0.0,weather_underground,,
ILAMAD25,La Madeleine,other,EasyWeatherPro_V5.1.6,50.659,3.07,23.0,2025-03-24 21:39:00,13.5,12.28,92.0,1001.02,1.13,5.15,NW,315.0,0.0,0.0,0.0,weather_underground,,
ILAMAD25,La Madeleine,other,EasyWeatherPro_V5.1.6,50.659,3.07,23.0,2025-03-24 21:44:00,13.5,12.28,92.0,1001.02,0.16,2.9,NW,315.0,0.0,0.0,0.0,weather_underground,,
ILAMAD25,La Madeleine,other,EasyWeatherPro_V5.1.6,50.659,3.07,23.0,2025-03-24 21:49:00,13.5,12.28,92.0,1001.02,0.16,3.06,NW,315.0,0.0,0.0,0.0,weather_underground,,
ILAMAD25,La Madeleine,other,EasyWeatherPro_V5.1.6,50.659,3.07,23.0,2025-03-24 21:54:00,13.5,12.28,92.0,1000.68,0.16,2.25,NNW,337.0,0.0,0.0,0.0,weather_underground,,
ILAMAD25,La Madeleine,other,EasyWeatherPro_V5.1.6,50.659,3.07,23.0,2025-03-24 21:59:00,13.56,12.33,92.0,1000.68,0.48,6.44,NW,315.0,0.0,0.0,0.0,weather_underground,,
ILAMAD25,La Madeleine,other,EasyWeatherPro_V5.1.6,50.659,3.07,23.0,2025-03-24 22:04:00,13.61,12.39,92.0,1000.68,0.16,4.18,NNW,337.0,0.0,0.0,0.0,weather_underground,,
ILAMAD25,La Madeleine,other,EasyWeatherPro_V5.1.6,50.659,3.07,23.0,2025-03-24 22:09:00,13.61,12.39,92.0,1000.68,0.32,5.47,NW,315.0,0.0,0.0,0.0,weather_underground,,
ILAMAD25,La Madeleine,other,EasyWeatherPro_V5.1.6,50.659,3.07,23.0,2025-03-24 22:14:00,13.72,12.5,92.0,1000.68,0.8,4.51,NW,315.0,0.0,0.0,0.0,weather_underground,,
ILAMAD25,La Madeleine,other,EasyWeatherPro_V5.1.6,50.659,3.07,23.0,2025-03-24 22:19:00,13.72,12.5,92.0,1000.68,0.32,4.51,NNW,337.0,0.0,0.0,0.0,weather_underground,,
ILAMAD25,La Madeleine,other,EasyWeatherPro_V5.1.6,50.659,3.07,23.0,2025-03-24 22:24:00,13.72,12.5,92.0,1000.68,0.8,7.4,NNW,337.0,1.27,0.0,0.0,weather_underground,,
ILAMAD25,La Madeleine,other,EasyWeatherPro_V5.1.6,50.659,3.07,23.0,2025-03-24 22:29:00,13.78,12.67,93.0,1000.68,0.64,2.9,NNW,337.0,1.27,0.0,0.0,weather_underground,,
ILAMAD25,La Madeleine,other,EasyWeatherPro_V5.1.6,50.659,3.07,23.0,2025-03-24 22:34:00,13.78,12.72,93.0,1000.68,0.48,6.12,NW,315.0,1.27,0.0,0.0,weather_underground,,
ILAMAD25,La Madeleine,other,EasyWeatherPro_V5.1.6,50.659,3.07,23.0,2025-03-24 22:39:00,13.78,12.72,93.0,1000.68,0.64,5.15,NNW,337.0,0.0,0.0,0.0,weather_underground,,
ILAMAD25,La Madeleine,other,EasyWeatherPro_V5.1.6,50.659,3.07,23.0,2025-03-24 22:44:00,13.78,12.72,93.0,1000.68,0.64,5.47,NW,315.0,0.0,0.0,0.0,weather_underground,,
ILAMAD25,La Madeleine,other,EasyWeatherPro_V5.1.6,50.659,3.07,23.0,2025-03-24 22:49:00,13.78,12.72,93.0,1000.68,1.13,8.05,NW,315.0,0.0,0.0,0.0,weather_underground,,
ILAMAD25,La Madeleine,other,EasyWeatherPro_V5.1.6,50.659,3.07,23.0,2025-03-24 22:54:00,13.78,12.78,94.0,1000.34,0.48,5.47,NW,315.0,0.0,0.0,0.0,weather_underground,,
ILAMAD25,La Madeleine,other,EasyWeatherPro_V5.1.6,50.659,3.07,23.0,2025-03-24 22:59:00,13.83,12.83,94.0,1000.68,0.64,8.05,NW,315.0,0.0,0.0,0.0,weather_underground,,
ILAMAD25,La Madeleine,other,EasyWeatherPro_V5.1.6,50.659,3.07,23.0,2025-03-24 23:04:00,13.89,12.89,94.0,1000.34,0.48,4.51,NW,315.0,0.0,0.0,0.0,weather_underground,,
ILAMAD25,La Madeleine,other,EasyWeatherPro_V5.1.6,50.659,3.07,23.0,2025-03-24 23:09:00,14.0,13.0,94.0,1000.34,1.61,8.05,NW,315.0,0.0,0.0,0.0,weather_underground,,
ILAMAD25,La Madeleine,other,EasyWeatherPro_V5.1.6,50.659,3.07,23.0,2025-03-24 23:14:00,14.11,13.11,94.0,1000.34,1.13,6.76,NW,315.0,0.0,0.0,0.0,weather_underground,,
ILAMAD25,La Madeleine,other,EasyWeatherPro_V5.1.6,50.659,3.07,23.0,2025-03-24 23:19:00,14.17,13.17,94.0,1000.34,1.13,5.47,WNW,292.0,0.0,0.0,0.0,weather_underground,,
ILAMAD25,La Madeleine,other,EasyWeatherPro_V5.1.6,50.659,3.07,23.0,2025-03-24 23:24:00,14.22,13.22,94.0,1000.34,0.48,4.51,NW,315.0,0.0,0.0,0.0,weather_underground,,
ILAMAD25,La Madeleine,other,EasyWeatherPro_V5.1.6,50.659,3.07,23.0,2025-03-24 23:29:00,14.22,13.22,94.0,1000.34,0.16,3.06,NW,315.0,0.0,0.0,0.0,weather_underground,,
ILAMAD25,La Madeleine,other,EasyWeatherPro_V5.1.6,50.659,3.07,23.0,2025-03-24 23:34:00,14.28,13.28,94.0,1000.34,0.97,4.51,NNW,337.0,0.0,0.0,0.0,weather_underground,,
ILAMAD25,La Madeleine,other,EasyWeatherPro_V5.1.6,50.659,3.07,23.0,2025-03-24 23:39:00,14.28,13.28,94.0,1000.34,0.48,5.47,NNW,337.0,0.0,0.0,0.0,weather_underground,,
ILAMAD25,La Madeleine,other,EasyWeatherPro_V5.1.6,50.659,3.07,23.0,2025-03-24 23:44:00,14.39,13.39,94.0,1000.34,0.64,5.47,NW,315.0,0.0,0.0,0.0,weather_underground,,
ILAMAD25,La Madeleine,other,EasyWeatherPro_V5.1.6,50.659,3.07,23.0,2025-03-24 23:49:00,14.39,13.39,94.0,1000.34,0.97,7.56,NNW,337.0,0.0,0.0,0.0,weather_underground,,
ILAMAD25,La Madeleine,other,EasyWeatherPro_V5.1.6,50.659,3.07,23.0,2025-03-24 23:54:00,14.5,13.5,94.0,1000.34,0.16,3.54,NNW,337.0,0.0,0.0,0.0,weather_underground,,
ILAMAD25,La Madeleine,other,EasyWeatherPro_V5.1.6,50.659,3.07,23.0,2025-03-24 23:59:00,14.5,13.5,94.0,1000.34,0.48,4.51,NNW,337.0,0.0,0.0,0.0,weather_underground,,
ILAMAD25,La Madeleine,other,EasyWeatherPro_V5.1.6,50.659,3.07,23.0,,,,,,,,,,,,,weather_underground,,
ILAMAD25,La Madeleine,other,EasyWeatherPro_V5.1.6,50.659,3.07,23.0,2025-03-24 00:04:00,14.56,13.56,94.0,1000.34,0.8,5.47,NW,315.0,0.0,0.0,0.0,weather_underground,,
ILAMAD25,La Madeleine,other,EasyWeatherPro_V5.1.6,50.659,3.07,23.0,2025-03-24 00:09:00,14.61,13.56,93.0,1000.34,0.48,5.47,NW,315.0,0.0,0.0,0.0,weather_underground,,
ILAMAD25,La Madeleine,other,EasyWeatherPro_V5.1.6,50.659,3.07,23.0,2025-03-24 00:14:00,14.67,13.56,93.0,1000.34,1.45,7.56,NW,315.0,0.0,0.0,0.0,weather_underground,,
ILAMAD25,La Madeleine,other,EasyWeatherPro_V5.1.6,50.659,3.07,23.0,2025-03-24 00:19:00,14.72,13.61,93.0,1000.0,0.32,6.76,NNW,337.0,0.0,0.0,0.0,weather_underground,,
ILAMAD25,La Madeleine,other,EasyWeatherPro_V5.1.6,50.659,3.07,23.0,2025-03-24 00:24:00,14.72,13.61,93.0,1000.0,0.48,5.15,NW,315.0,0.0,0.0,0.0,weather_underground,,
ILAMAD25,La Madeleine,other,EasyWeatherPro_V5.1.6,50.659,3.07,23.0,2025-03-24 00:29:00,14.78,13.67,93.0,1000.0,0.16,0.97,NW,315.0,0.0,0.0,0.0,weather_underground,,
ILAMAD25,La Madeleine,other,EasyWeatherPro_V5.1.6,50.659,3.07,23.0,2025-03-24 00:34:00,14.78,13.72,93.0,1000.0,0.64,5.47,NW,315.0,0.0,0.0,0.0,weather_underground,,
ILAMAD25,La Madeleine,other,EasyWeatherPro_V5.1.6,50.659,3.07,23.0,2025-03-24 00:39:00,14.83,13.72,93.0,1000.0,0.64,4.51,NNW,337.0,0.0,0.0,0.0,weather_underground,,
ILAMAD25,La Madeleine,other,EasyWeatherPro_V5.1.6,50.659,3.07,23.0,2025-03-24 00:44:00,14.89,13.78,93.0,1000.0,1.29,7.08,NNW,337.0,0.0,0.0,0.0,weather_underground,,
ILAMAD25,La Madeleine,other,EasyWeatherPro_V5.1.6,50.659,3.07,23.0,2025-03-24 00:49:00,15.0,13.89,93.0,1000.0,1.77,11.43,NW,315.0,0.0,0.0,0.0,weather_underground,,
ILAMAD25,La Madeleine,other,EasyWeatherPro_V5.1.6,50.659,3.07,23.0,2025-03-24 00:54:00,15.11,13.89,93.0,999.66,1.93,9.98,NW,315.0,0.0,0.0,0.0,weather_underground,,
ILAMAD25,La Madeleine,other,EasyWeatherPro_V5.1.6,50.659,3.07,23.0,2025-03-24 00:59:00,15.11,13.83,92.0,999.66,1.61,7.4,NW,315.0,0.0,0.0,0.0,weather_underground,,
ILAMAD25,La Madeleine,other,EasyWeatherPro_V5.1.6,50.659,3.07,23.0,2025-03-24 01:04:00,15.22,13.89,92.0,999.66,2.41,9.17,NNW,337.0,0.0,0.0,0.0,weather_underground,,
ILAMAD25,La Madeleine,other,EasyWeatherPro_V5.1.6,50.659,3.07,23.0,2025-03-24 01:09:00,15.22,13.89,92.0,999.66,1.45,5.79,NNW,337.0,0.0,0.0,0.0,weather_underground,,
ILAMAD25,La Madeleine,other,EasyWeatherPro_V5.1.6,50.659,3.07,23.0,2025-03-24 01:14:00,15.22,13.94,92.0,999.66,2.74,8.05,NW,315.0,0.0,0.0,0.0,weather_underground,,
ILAMAD25,La Madeleine,other,EasyWeatherPro_V5.1.6,50.659,3.07,23.0,2025-03-24 01:19:00,15.28,13.94,91.0,999.66,2.41,10.14,NW,315.0,0.0,0.0,0.0,weather_underground,,
ILAMAD25,La Madeleine,other,EasyWeatherPro_V5.1.6,50.659,3.07,23.0,2025-03-24 01:24:00,15.28,13.89,91.0,999.66,2.41,8.05,WNW,292.0,0.0,0.0,0.0,weather_underground,,
ILAMAD25,La Madeleine,other,EasyWeatherPro_V5.1.6,50.659,3.07,23.0,2025-03-24 01:29:00,15.28,13.89,91.0,999.66,4.18,11.75,NW,315.0,0.0,0.0,0.0,weather_underground,,
ILAMAD25,La Madeleine,other,EasyWeatherPro_V5.1.6,50.659,3.07,23.0,2025-03-24 01:34:00,15.39,13.89,91.0,999.66,3.7,13.04,WNW,292.0,0.0,0.0,0.0,weather_underground,,
ILAMAD25,La Madeleine,other,EasyWeatherPro_V5.1.6,50.659,3.07,23.0,2025-03-24 01:39:00,15.33,13.78,90.0,999.66,3.7,9.82,WNW,292.0,0.0,0.0,0.0,weather_underground,,
ILAMAD25,La Madeleine,other,EasyWeatherPro_V5.1.6,50.659,3.07,23.0,2025-03-24 01:44:00,15.39,13.78,90.0,999.66,3.54,9.82,WNW,292.0,0.0,0.0,0.0,weather_underground,,
ILAMAD25,La Madeleine,other,EasyWeatherPro_V5.1.6,50.659,3.07,23.0,2025-03-24 01:49:00,15.28,13.72,90.0,1000.0,3.7,12.55,NW,315.0,0.0,0.0,0.0,weather_underground,,
ILAMAD25,La Madeleine,other,EasyWeatherPro_V5.1.6,50.659,3.07,23.0,2025-03-24 01:54:00,15.28,13.72,90.0,999.66,1.45,9.17,NW,315.0,0.0,0.0,0.0,weather_underground,,
ILAMAD25,La Madeleine,other,EasyWeatherPro_V5.1.6,50.659,3.07,23.0,2025-03-24 01:59:00,15.28,13.78,90.0,1000.0,3.22,8.53,NW,315.0,0.0,0.0,0.0,weather_underground,,
ILAMAD25,La Madeleine,other,EasyWeatherPro_V5.1.6,50.659,3.07,23.0,2025-03-24 02:04:00,15.28,13.83,91.0,1000.0,3.86,11.43,NW,315.0,0.0,0.0,0.0,weather_underground,,
ILAMAD25,La Madeleine,other,EasyWeatherPro_V5.1.6,50.659,3.07,23.0,2025-03-24 02:09:00,15.22,13.83,91.0,1000.34,3.54,12.71,NW,315.0,0.0,0.0,0.0,weather_underground,,
ILAMAD25,La Madeleine,other,EasyWeatherPro_V5.1.6,50.659,3.07,23.0,2025-03-24 02:14:00,15.22,13.78,91.0,1000.34,4.18,11.1,NW,315.0,0.0,0.0,0.0,weather_underground,,
ILAMAD25,La Madeleine,other,EasyWeatherPro_V5.1.6,50.659,3.07,23.0,2025-03-24 02:19:00,15.22,13.78,91.0,1000.34,1.13,5.79,NNW,337.0,0.0,0.0,0.0,weather_underground,,
ILAMAD25,La Madeleine,other,EasyWeatherPro_V5.1.6,50.659,3.07,23.0,2025-03-24 02:24:00,15.22,13.78,91.0,1000.68,1.77,5.47,WNW,292.0,0.0,0.0,0.0,weather_underground,,
ILAMAD25,La Madeleine,other,EasyWeatherPro_V5.1.6,50.659,3.07,23.0,2025-03-24 02:29:00,15.22,13.78,91.0,1000.68,1.13,5.47,NNW,337.0,0.0,0.0,0.0,weather_underground,,
ILAMAD25,La Madeleine,other,EasyWeatherPro_V5.1.6,50.659,3.07,23.0,2025-03-24 02:34:00,15.17,13.78,91.0,1000.68,1.13,5.47,NNW,337.0,0.0,0.0,0.0,weather_underground,,
ILAMAD25,La Madeleine,other,EasyWeatherPro_V5.1.6,50.659,3.07,23.0,2025-03-24 02:39:00,15.11,13.72,91.0,1000.68,1.77,7.4,WNW,292.0,0.0,0.0,0.0,weather_underground,,
ILAMAD25,La Madeleine,other,EasyWeatherPro_V5.1.6,50.659,3.07,23.0,2025-03-24 02:44:00,15.06,13.67,91.0,1000.68,1.13,6.12,NW,315.0,0.0,0.0,0.0,weather_underground,,
ILAMAD25,La Madeleine,other,EasyWeatherPro_V5.1.6,50.659,3.07,23.0,2025-03-24 02:49:00,15.0,13.61,91.0,1000.68,2.09,8.21,WNW,292.0,0.0,0.0,0.0,weather_underground,,
ILAMAD25,La Madeleine,other,EasyWeatherPro_V5.1.6,50.659,3.07,23.0,2025-03-24 02:54:00,14.89,13.22,90.0,1000.68,4.67,11.1,NNW,337.0,0.0,0.0,0.0,weather_underground,,
ILAMAD25,La Madeleine,other,EasyWeatherPro_V5.1.6,50.659,3.07,23.0,2025-03-24 02:59:00,14.89,12.78,87.0,1000.68,4.99,13.04,NNW,337.0,0.0,0.0,0.0,weather_underground,,
ILAMAD25,La Madeleine,other,EasyWeatherPro_V5.1.6,50.659,3.07,23.0,2025-03-24 03:04:00,14.89,12.56,86.0,1001.02,3.38,9.5,NNW,337.0,0.0,0.0,0.0,weather_underground,,
ILAMAD25,La Madeleine,other,EasyWeatherPro_V5.1.6,50.659,3.07,23.0,2025-03-24 03:09:00,14.83,12.33,85.0,1000.68,1.77,9.82,NNW,337.0,0.0,0.0,0.0,weather_underground,,
ILAMAD25,La Madeleine,other,EasyWeatherPro_V5.1.6,50.659,3.07,23.0,2025-03-24 03:14:00,14.78,12.17,84.0,1001.02,3.38,10.46,NW,315.0,0.0,0.0,0.0,weather_underground,,
ILAMAD25,La Madeleine,other,EasyWeatherPro_V5.1.6,50.659,3.07,23.0,2025-03-24 03:19:00,14.83,12.11,84.0,1000.68,4.51,11.1,NNW,337.0,0.0,0.0,0.0,weather_underground,,
ILAMAD25,La Madeleine,other,EasyWeatherPro_V5.1.6,50.659,3.07,23.0,2025-03-24 03:24:00,14.89,12.0,83.0,1001.02,4.18,13.52,NW,315.0,0.0,0.0,0.0,weather_underground,,
ILAMAD25,La Madeleine,other,EasyWeatherPro_V5.1.6,50.659,3.07,23.0,2025-03-24 03:29:00,14.78,11.94,83.0,1001.02,2.41,9.5,NNW,337.0,0.0,0.0,0.0,weather_underground,,
ILAMAD25,La Madeleine,other,EasyWeatherPro_V5.1.6,50.659,3.07,23.0,2025-03-24 03:34:00,14.72,12.0,84.0,1001.36,1.29,7.4,NNW,337.0,0.0,0.0,0.0,weather_underground,,
ILAMAD25,La Madeleine,other,EasyWeatherPro_V5.1.6,50.659,3.07,23.0,2025-03-24 03:39:00,14.72,12.0,84.0,1001.36,2.09,9.17,NW,315.0,0.0,0.0,0.0,weather_underground,,
ILAMAD25,La Madeleine,other,EasyWeatherPro_V5.1.6,50.659,3.07,23.0,2025-03-24 03:44:00,14.72,12.22,85.0,1001.36,3.7,9.82,NW,315.0,0.0,0.0,0.0,weather_underground,,
ILAMAD25,La Madeleine,other,EasyWeatherPro_V5.1.6,50.659,3.07,23.0,2025-03-24 03:49:00,14.67,12.17,85.0,1001.36,3.22,13.04,NW,315.0,0.0,0.0,0.0,weather_underground,,
ILAMAD25,La Madeleine,other,EasyWeatherPro_V5.1.6,50.659,3.07,23.0,2025-03-24 03:54:00,14.61,12.11,85.0,1001.36,2.57,11.1,WNW,292.0,0.0,0.0,0.0,weather_underground,,
ILAMAD25,La Madeleine,other,EasyWeatherPro_V5.1.6,50.659,3.07,23.0,2025-03-24 03:59:00,14.5,12.0,85.0,1001.36,3.38,10.14,NW,315.0,0.0,0.0,0.0,weather_underground,,
ILAMAD25,La Madeleine,other,EasyWeatherPro_V5.1.6,50.659,3.07,23.0,2025-03-24 04:04:00,14.44,11.94,85.0,1001.36,2.41,10.14,NW,315.0,0.0,0.0,0.0,weather_underground,,
ILAMAD25,La Madeleine,other,EasyWeatherPro_V5.1.6,50.659,3.07,23.0,2025-03-24 04:09:00,14.39,11.89,85.0,1001.36,2.74,8.85,NNW,337.0,0.0,0.0,0.0,weather_underground,,
ILAMAD25,La Madeleine,other,EasyWeatherPro_V5.1.6,50.659,3.07,23.0,2025-03-24 04:14:00,14.39,11.89,85.0,1001.36,3.7,11.1,NNW,337.0,0.0,0.0,0.0,weather_underground,,
ILAMAD25,La Madeleine,other,EasyWeatherPro_V5.1.6,50.659,3.07,23.0,2025-03-24 04:19:00,14.33,11.83,85.0,1001.36,1.93,6.12,NW,315.0,0.0,0.0,0.0,weather_underground,,
ILAMAD25,La Madeleine,other,EasyWeatherPro_V5.1.6,50.659,3.07,23.0,2025-03-24 04:24:00,14.28,11.72,85.0,1001.69,4.67,15.93,West,,0.0,0.0,0.0,weather_underground,,
ILAMAD25,La Madeleine,other,EasyWeatherPro_V5.1.6,50.659,3.07,23.0,2025-03-24 04:29:00,14.28,11.72,85.0,1001.36,1.61,8.53,NNW,337.0,0.0,0.0,0.0,weather_underground,,
ILAMAD25,La Madeleine,other,EasyWeatherPro_V5.1.6,50.659,3.07,23.0,2025-03-24 04:34:00,14.28,11.78,85.0,1001.69,3.06,9.82,West,,0.0,0.0,0.0,weather_underground,,
ILAMAD25,La Madeleine,other,EasyWeatherPro_V5.1.6,50.659,3.07,23.0,2025-03-24 04:39:00,14.22,11.72,85.0,1001.69,1.29,5.47,NNW,337.0,0.0,0.0,0.0,weather_underground,,
ILAMAD25,La Madeleine,other,EasyWeatherPro_V5.1.6,50.659,3.07,23.0,2025-03-24 04:44:00,14.11,11.61,85.0,1001.69,2.09,8.85,NW,315.0,0.0,0.0,0.0,weather_underground,,
ILAMAD25,La Madeleine,other,EasyWeatherPro_V5.1.6,50.659,3.07,23.0,2025-03-24 04:49:00,14.0,11.5,85.0,1001.69,1.93,9.82,WNW,292.0,0.0,0.0,0.0,weather_underground,,
ILAMAD25,La Madeleine,other,EasyWeatherPro_V5.1.6,50.659,3.07,23.0,2025-03-24 04:54:00,13.94,11.5,85.0,1001.36,0.97,8.05,NNW,337.0,0.0,0.0,0.0,weather_underground,,
ILAMAD25,La Madeleine,other,EasyWeatherPro_V5.1.6,50.659,3.07,23.0,2025-03-24 04:59:00,13.83,11.56,86.0,1001.36,1.93,6.76,NW,315.0,0.0,0.0,0.0,weather_underground,,
ILAMAD25,La Madeleine,other,EasyWeatherPro_V5.1.6,50.659,3.07,23.0,2025-03-24 05:04:00,13.78,11.5,86.0,1001.69,2.09,7.89,West,,0.0,0.0,0.0,weather_underground,,
ILAMAD25,La Madeleine,other,EasyWeatherPro_V5.1.6,50.659,3.07,23.0,2025-03-24 05:09:00,13.72,11.44,86.0,1001.36,2.09,10.14,NW,315.0,0.0,0.0,0.0,weather_underground,,
ILAMAD25,La Madeleine,other,EasyWeatherPro_V5.1.6,50.659,3.07,23.0,2025-03-24 05:14:00,13.67,11.33,86.0,1001.69,1.45,9.17,WNW,292.0,0.0,0.0,0.0,weather_underground,,
ILAMAD25,La Madeleine,other,EasyWeatherPro_V5.1.6,50.659,3.07,23.0,2025-03-24 05:19:00,13.56,11.28,86.0,1001.36,0.64,4.51,NW,315.0,0.0,0.0,0.0,weather_underground,,
ILAMAD25,La Madeleine,other,EasyWeatherPro_V5.1.6,50.659,3.07,23.0,2025-03-24 05:24:00,13.5,11.22,86.0,1001.36,1.61,6.76,NW,315.0,0.0,0.0,0.0,weather_underground,,
ILAMAD25,La Madeleine,other,EasyWeatherPro_V5.1.6,50.659,3.07,23.0,2025-03-24 05:29:00,13.39,11.11,86.0,1001.36,2.41,7.72,NW,315.0,0.0,0.0,0.0,weather_underground,,
ILAMAD25,La Madeleine,other,EasyWeatherPro_V5.1.6,50.659,3.07,23.0,2025-03-24 05:34:00,13.39,11.11,86.0,1001.36,1.45,7.08,NNW,337.0,0.0,0.0,0.0,weather_underground,,
ILAMAD25,La Madeleine,other,EasyWeatherPro_V5.1.6,50.659,3.07,23.0,2025-03-24 05:39:00,13.39,11.11,86.0,1001.69,0.64,6.44,NW,315.0,0.0,0.0,0.0,weather_underground,,
ILAMAD25,La Madeleine,other,EasyWeatherPro_V5.1.6,50.659,3.07,23.0,2025-03-24 05:44:00,13.28,11.0,86.0,1001.69,0.48,5.15,NW,315.0,0.0,0.0,0.0,weather_underground,,
ILAMAD25,La Madeleine,other,EasyWeatherPro_V5.1.6,50.659,3.07,23.0,2025-03-24 05:49:00,13.22,10.89,86.0,1002.03,0.64,5.47,NW,315.0,0.0,0.0,0.0,weather_underground,,
ILAMAD25,La Madeleine,other,EasyWeatherPro_V5.1.6,50.659,3.07,23.0,2025-03-24 05:54:00,13.22,10.89,86.0,1002.03,1.29,5.47,NW,315.0,0.0,0.0,0.0,weather_underground,,
ILAMAD25,La Madeleine,other,EasyWeatherPro_V5.1.6,50.659,3.07,23.0,2025-03-24 05:59:00,13.22,10.89,86.0,1002.03,1.93,9.5,NW,315.0,0.0,0.0,0.0,weather_underground,,
ILAMAD25,La Madeleine,other,EasyWeatherPro_V5.1.6,50.659,3.07,23.0,2025-03-24 06:04:00,13.28,11.0,86.0,1002.03,1.45,7.4,NNW,337.0,0.0,0.0,0.0,weather_underground,,
ILAMAD25,La Madeleine,other,EasyWeatherPro_V5.1.6,50.659,3.07,23.0,2025-03-24 06:09:00,13.28,11.0,86.0,1002.03,1.61,7.08,NW,315.0,0.0,0.0,0.0,weather_underground,,
ILAMAD25,La Madeleine,other,EasyWeatherPro_V5.1.6,50.659,3.07,23.0,2025-03-24 06:14:00,13.28,10.78,85.0,1002.03,2.9,13.2,WNW,292.0,0.0,0.0,0.0,weather_underground,,
ILAMAD25,La Madeleine,other,EasyWeatherPro_V5.1.6,50.659,3.07,23.0,2025-03-24 06:19:00,13.28,10.83,86.0,1002.03,1.61,9.5,WNW,292.0,0.0,0.0,0.0,weather_underground,,
ILAMAD25,La Madeleine,other,EasyWeatherPro_V5.1.6,50.659,3.07,23.0,2025-03-24 06:24:00,13.22,10.89,86.0,1002.03,1.13,7.56,NNW,337.0,0.0,0.0,0.0,weather_underground,,
ILAMAD25,La Madeleine,other,EasyWeatherPro_V5.1.6,50.659,3.07,23.0,2025-03-24 06:29:00,13.11,10.78,86.0,1002.03,2.09,9.17,NW,315.0,0.0,0.0,0.0,weather_underground,,
ILAMAD25,La Madeleine,other,EasyWeatherPro_V5.1.6,50.659,3.07,23.0,2025-03-24 06:34:00,13.11,10.78,86.0,1002.03,1.77,9.82,NW,315.0,0.0,0.0,0.0,weather_underground,,
ILAMAD25,La Madeleine,other,EasyWeatherPro_V5.1.6,50.659,3.07,23.0,2025-03-24 06:39:00,13.0,10.89,87.0,1002.03,0.16,4.51,NW,315.0,0.0,0.0,0.0,weather_underground,,
ILAMAD25,La Madeleine,other,EasyWeatherPro_V5.1.6,50.659,3.07,23.0,2025-03-24 06:44:00,12.89,10.78,87.0,1001.69,1.61,5.15,WNW,292.0,0.0,0.0,0.0,weather_underground,,
ILAMAD25,La Madeleine,other,EasyWeatherPro_V5.1.6,50.659,3.07,23.0,2025-03-24 06:49:00,12.83,10.72,87.0,1002.03,1.61,7.08,WNW,292.0,0.0,0.0,0.0,weather_underground,,
ILAMAD25,La Madeleine,other,EasyWeatherPro_V5.1.6,50.659,3.07,23.0,2025-03-24 06:54:00,12.78,10.72,87.0,1002.03,2.09,8.05,NW,315.0,0.0,0.0,0.0,weather_underground,,
ILAMAD25,La Madeleine,other,EasyWeatherPro_V5.1.6,50.659,3.07,23.0,2025-03-24 06:59:00,12.72,10.67,87.0,1002.03,1.29,6.76,NW,315.0,0.0,0.0,0.0,weather_underground,,
ILAMAD25,La Madeleine,other,EasyWeatherPro_V5.1.6,50.659,3.07,23.0,2025-03-24 07:04:00,12.67,10.56,87.0,1002.03,1.13,6.12,NNW,337.0,0.0,0.0,0.0,weather_underground,,
ILAMAD25,La Madeleine,other,EasyWeatherPro_V5.1.6,50.659,3.07,23.0,2025-03-24 07:09:00,12.61,10.56,88.0,1002.03,0.48,7.08,NW,315.0,0.0,0.0,0.0,weather_underground,,
ILAMAD25,La Madeleine,other,EasyWeatherPro_V5.1.6,50.659,3.07,23.0,2025-03-24 07:14:00,12.5,10.5,88.0,1002.37,0.8,7.08,NW,315.0,0.0,0.0,0.0,weather_underground,,
ILAMAD25,La Madeleine,other,EasyWeatherPro_V5.1.6,50.659,3.07,23.0,2025-03-24 07:19:00,12.5,10.5,88.0,1002.37,0.97,5.47,NW,315.0,0.0,0.0,0.0,weather_underground,,
ILAMAD25,La Madeleine,other,EasyWeatherPro_V5.1.6,50.659,3.07,23.0,2025-03-24 07:24:00,12.44,10.44,88.0,1002.37,0.48,7.4,NW,315.0,0.0,0.0,0.0,weather_underground,,
ILAMAD25,La Madeleine,other,EasyWeatherPro_V5.1.6,50.659,3.07,23.0,2025-03-24 07:29:00,12.28,10.28,88.0,1002.37,0.48,4.18,NW,315.0,0.0,0.0,0.0,weather_underground,,
ILAMAD25,La Madeleine,other,EasyWeatherPro_V5.1.6,50.659,3.07,23.0,2025-03-24 07:34:00,12.28,10.28,88.0,1002.37,0.8,5.79,WNW,292.0,0.0,0.1,0.0,weather_underground,,
ILAMAD25,La Madeleine,other,EasyWeatherPro_V5.1.6,50.659,3.07,23.0,2025-03-24 07:39:00,12.28,10.28,88.0,1002.37,0.97,4.51,NNW,337.0,0.0,0.1,0.0,weather_underground,,
ILAMAD25,La Madeleine,other,EasyWeatherPro_V5.1.6,50.659,3.07,23.0,2025-03-24 07:44:00,12.28,10.28,88.0,1002.37,1.29,8.85,NW,315.0,0.0,0.3,0.0,weather_underground,,
ILAMAD25,La Madeleine,other,EasyWeatherPro_V5.1.6,50.659,3.07,23.0,2025-03-24 07:49:00,12.28,10.22,87.0,1002.37,0.8,5.47,WNW,292.0,0.0,0.5,0.0,weather_underground,,
ILAMAD25,La Madeleine,other,EasyWeatherPro_V5.1.6,50.659,3.07,23.0,2025-03-24 07:54:00,12.28,10.28,88.0,1002.71,1.45,5.47,WSW,247.0,0.0,1.0,0.0,weather_underground,,
ILAMAD25,La Madeleine,other,EasyWeatherPro_V5.1.6,50.659,3.07,23.0,2025-03-24 07:59:00,12.28,10.28,88.0,1002.71,0.64,4.83,NNW,337.0,0.0,1.6,0.0,weather_underground,,
ILAMAD25,La Madeleine,other,EasyWeatherPro_V5.1.6,50.659,3.07,23.0,2025-03-24 08:04:00,12.28,10.28,88.0,1002.37,0.48,4.18,WNW,292.0,0.0,2.5,0.0,weather_underground,,
ILAMAD25,La Madeleine,other,EasyWeatherPro_V5.1.6,50.659,3.07,23.0,2025-03-24 08:09:00,12.22,10.22,88.0,1002.37,0.48,5.47,NW,315.0,0.0,3.5,0.0,weather_underground,,
ILAMAD25,La Madeleine,other,EasyWeatherPro_V5.1.6,50.659,3.07,23.0,2025-03-24 08:14:00,12.22,10.22,88.0,1002.37,0.97,8.53,WNW,292.0,0.0,4.9,0.0,weather_underground,,
ILAMAD25,La Madeleine,other,EasyWeatherPro_V5.1.6,50.659,3.07,23.0,2025-03-24 08:19:00,12.22,10.22,88.0,1002.37,0.48,3.86,NW,315.0,0.0,6.5,0.0,weather_underground,,
ILAMAD25,La Madeleine,other,EasyWeatherPro_V5.1.6,50.659,3.07,23.0,2025-03-24 08:24:00,12.22,10.28,88.0,1002.37,0.64,5.47,NW,315.0,0.0,8.1,0.0,weather_underground,,
ILAMAD25,La Madeleine,other,EasyWeatherPro_V5.1.6,50.659,3.07,23.0,2025-03-24 08:29:00,12.22,10.33,89.0,1002.37,0.16,3.86,NW,315.0,0.0,9.5,0.0,weather_underground,,
ILAMAD25,La Madeleine,other,EasyWeatherPro_V5.1.6,50.659,3.07,23.0,2025-03-24 08:34:00,12.22,10.39,89.0,1002.71,0.8,7.89,NW,315.0,0.0,10.9,0.0,weather_underground,,
ILAMAD25,La Madeleine,other,EasyWeatherPro_V5.1.6,50.659,3.07,23.0,2025-03-24 08:39:00,12.22,10.33,89.0,1002.71,0.0,0.0,NNW,337.0,0.0,12.5,0.0,weather_underground,,
ILAMAD25,La Madeleine,other,EasyWeatherPro_V5.1.6,50.659,3.07,23.0,2025-03-24 08:44:00,12.22,10.39,89.0,1002.71,0.0,2.25,NW,315.0,0.0,13.9,0.0,weather_underground,,
ILAMAD25,La Madeleine,other,EasyWeatherPro_V5.1.6,50.659,3.07,23.0,2025-03-24 08:49:00,12.28,10.5,89.0,1002.37,0.64,3.86,NW,315.0,0.0,15.3,0.0,weather_underground,,
ILAMAD25,La Madeleine,other,EasyWeatherPro_V5.1.6,50.659,3.07,23.0,2025-03-24 08:54:00,12.28,10.28,88.0,1002.71,0.32,2.41,WNW,292.0,0.0,16.6,0.0,weather_underground,,
ILAMAD25,La Madeleine,other,EasyWeatherPro_V5.1.6,50.659,3.07,23.0,2025-03-24 08:59:00,12.33,10.33,88.0,1002.71,1.29,7.08,WNW,292.0,0.0,17.6,0.0,weather_underground,,
ILAMAD25,La Madeleine,other,EasyWeatherPro_V5.1.6,50.659,3.07,23.0,2025-03-24 09:04:00,12.5,10.5,88.0,1002.71,0.64,5.47,NW,315.0,0.0,18.6,0.0,weather_underground,,
ILAMAD25,La Madeleine,other,EasyWeatherPro_V5.1.6,50.659,3.07,23.0,2025-03-24 09:09:00,12.56,10.56,88.0,1002.71,0.48,4.51,NNW,337.0,0.0,19.5,0.0,weather_underground,,
ILAMAD25,La Madeleine,other,EasyWeatherPro_V5.1.6,50.659,3.07,23.0,2025-03-24 09:14:00,12.72,10.61,87.0,1002.71,1.13,6.12,NNW,337.0,0.0,20.5,0.0,weather_underground,,
ILAMAD25,La Madeleine,other,EasyWeatherPro_V5.1.6,50.659,3.07,23.0,2025-03-24 09:19:00,12.78,10.72,87.0,1002.71,0.32,4.83,NNW,337.0,0.0,21.4,0.0,weather_underground,,
ILAMAD25,La Madeleine,other,EasyWeatherPro_V5.1.6,50.659,3.07,23.0,2025-03-24 09:24:00,12.89,10.78,87.0,1002.71,0.64,6.44,NNW,337.0,0.0,22.0,0.0,weather_underground,,
ILAMAD25,La Madeleine,other,EasyWeatherPro_V5.1.6,50.659,3.07,23.0,2025-03-24 09:29:00,13.0,10.78,86.0,1003.05,1.29,6.76,NW,315.0,0.0,22.7,0.0,weather_underground,,
ILAMAD25,La Madeleine,other,EasyWeatherPro_V5.1.6,50.659,3.07,23.0,2025-03-24 09:34:00,13.17,10.83,86.0,1003.05,2.74,9.82,NW,315.0,0.0,23.5,0.0,weather_underground,,
ILAMAD25,La Madeleine,other,EasyWeatherPro_V5.1.6,50.659,3.07,23.0,2025-03-24 09:39:00,13.28,10.83,86.0,1003.05,1.61,8.53,WNW,292.0,0.0,25.9,0.0,weather_underground,,
ILAMAD25,La Madeleine,other,EasyWeatherPro_V5.1.6,50.659,3.07,23.0,2025-03-24 09:44:00,13.33,10.83,85.0,1003.05,1.77,7.72,NW,315.0,0.0,25.0,0.0,weather_underground,,
ILAMAD25,La Madeleine,other,EasyWeatherPro_V5.1.6,50.659,3.07,23.0,2025-03-24 09:49:00,13.5,11.0,85.0,1003.05,1.13,5.47,NNW,337.0,0.0,25.3,0.0,weather_underground,,
ILAMAD25,La Madeleine,other,EasyWeatherPro_V5.1.6,50.659,3.07,23.0,2025-03-24 09:54:00,13.61,10.89,84.0,1003.05,0.8,4.18,NNW,337.0,0.0,25.8,0.0,weather_underground,,
ILAMAD25,La Madeleine,other,EasyWeatherPro_V5.1.6,50.659,3.07,23.0,2025-03-24 09:59:00,13.72,11.06,84.0,1003.05,1.13,5.79,NW,315.0,0.0,26.4,0.0,weather_underground,,
ILAMAD25,La Madeleine,other,EasyWeatherPro_V5.1.6,50.659,3.07,23.0,2025-03-24 10:04:00,13.78,11.06,83.0,1003.05,4.02,9.82,NW,315.0,0.0,27.2,0.0,weather_underground,,
ILAMAD25,La Madeleine,other,EasyWeatherPro_V5.1.6,50.659,3.07,23.0,2025-03-24 10:09:00,13.83,11.11,83.0,1003.39,2.41,8.53,WNW,292.0,0.0,29.2,0.0,weather_underground,,
ILAMAD25,La Madeleine,other,EasyWeatherPro_V5.1.6,50.659,3.07,23.0,2025-03-24 10:14:00,13.94,11.17,83.0,1003.39,0.8,5.79,NW,315.0,0.0,30.9,0.0,weather_underground,,
ILAMAD25,La Madeleine,other,EasyWeatherPro_V5.1.6,50.659,3.07,23.0,2025-03-24 10:19:00,14.17,11.33,83.0,1003.73,1.45,4.83,NNW,337.0,0.0,30.7,0.0,weather_underground,,
ILAMAD25,La Madeleine,other,EasyWeatherPro_V5.1.6,50.659,3.07,23.0,2025-03-24 10:24:00,14.28,11.28,82.0,1003.39,1.13,7.4,NW,315.0,0.0,36.5,0.0,weather_underground,,
ILAMAD25,La Madeleine,other,EasyWeatherPro_V5.1.6,50.659,3.07,23.0,2025-03-24 10:29:00,14.33,11.28,82.0,1003.73,1.77,8.85,WNW,292.0,0.0,42.2,0.0,weather_underground,,
ILAMAD25,La Madeleine,other,EasyWeatherPro_V5.1.6,50.659,3.07,23.0,2025-03-24 10:34:00,14.39,11.22,81.0,1003.73,2.9,11.1,NW,315.0,0.0,42.2,0.0,weather_underground,,
ILAMAD25,La Madeleine,other,EasyWeatherPro_V5.1.6,50.659,3.07,23.0,2025-03-24 10:39:00,14.5,11.28,81.0,1003.73,2.25,9.82,WNW,292.0,0.0,32.7,0.0,weather_underground,,
ILAMAD25,La Madeleine,other,EasyWeatherPro_V5.1.6,50.659,3.07,23.0,2025-03-24 10:44:00,14.61,11.39,81.0,1003.73,1.13,8.85,NW,315.0,0.0,31.8,0.0,weather_underground,,
ILAMAD25,La Madeleine,other,EasyWeatherPro_V5.1.6,50.659,3.07,23.0,2025-03-24 10:49:00,14.78,11.44,80.0,1003.73,1.29,4.83,NW,315.0,0.0,29.0,0.0,weather_underground,,
ILAMAD25,La Madeleine,other,EasyWeatherPro_V5.1.6,50.659,3.07,23.0,2025-03-24 10:54:00,14.83,11.44,80.0,1004.06,1.77,5.47,WNW,292.0,0.0,29.9,0.0,weather_underground,,
ILAMAD25,La Madeleine,other,EasyWeatherPro_V5.1.6,50.659,3.07,23.0,2025-03-24 10:59:00,14.89,11.5,80.0,1004.06,1.77,6.76,NW,315.0,0.0,30.5,0.0,weather_underground,,
ILAMAD25,La Madeleine,other,EasyWeatherPro_V5.1.6,50.659,3.07,23.0,2025-03-24 11:04:00,15.06,11.44,79.0,1004.06,2.57,13.84,NW,315.0,0.0,29.3,0.0,weather_underground,,
ILAMAD25,La Madeleine,other,EasyWeatherPro_V5.1.6,50.659,3.07,23.0,2025-03-24 11:09:00,15.11,11.44,79.0,1004.06,2.41,8.05,West,,0.0,30.6,0.0,weather_underground,,
ILAMAD25,La Madeleine,other,EasyWeatherPro_V5.1.6,50.659,3.07,23.0,2025-03-24 11:14:00,15.11,11.39,79.0,1004.06,1.93,8.53,NW,315.0,0.0,32.4,0.0,weather_underground,,
ILAMAD25,La Madeleine,other,EasyWeatherPro_V5.1.6,50.659,3.07,23.0,2025-03-24 11:19:00,15.28,11.33,77.0,1004.06,2.09,7.72,NW,315.0,0.0,37.7,0.0,weather_underground,,
ILAMAD25,La Madeleine,other,EasyWeatherPro_V5.1.6,50.659,3.07,23.0,2025-03-24 11:24:00,15.5,11.5,77.0,1003.73,0.48,5.79,NNW,337.0,0.0,46.1,0.0,weather_underground,,
ILAMAD25,La Madeleine,other,EasyWeatherPro_V5.1.6,50.659,3.07,23.0,2025-03-24 11:29:00,15.67,11.5,76.0,1003.39,0.48,4.18,NNW,337.0,0.0,59.3,0.0,weather_underground,,
ILAMAD25,La Madeleine,other,EasyWeatherPro_V5.1.6,50.659,3.07,23.0,2025-03-24 11:34:00,15.78,11.39,75.0,1003.39,1.61,5.15,NNW,337.0,0.0,62.4,0.0,weather_underground,,
ILAMAD25,La Madeleine,other,EasyWeatherPro_V5.1.6,50.659,3.07,23.0,2025-03-24 11:39:00,15.89,11.33,74.0,1003.39,1.29,8.85,NW,315.0,0.0,69.7,0.0,weather_underground,,
ILAMAD25,La Madeleine,other,EasyWeatherPro_V5.1.6,50.659,3.07,23.0,2025-03-24 11:44:00,16.0,11.28,73.0,1003.73,3.06,13.04,NW,315.0,0.0,73.7,0.0,weather_underground,,
ILAMAD25,La Madeleine,other,EasyWeatherPro_V5.1.6,50.659,3.07,23.0,2025-03-24 11:49:00,16.0,11.11,73.0,1003.39,4.51,13.04,WNW,292.0,0.0,72.5,0.0,weather_underground,,
ILAMAD25,La Madeleine,other,EasyWeatherPro_V5.1.6,50.659,3.07,23.0,2025-03-24 11:54:00,16.06,11.33,73.0,1003.73,1.61,9.5,NW,315.0,0.0,65.1,0.0,weather_underground,,
ILAMAD25,La Madeleine,other,EasyWeatherPro_V5.1.6,50.659,3.07,23.0,2025-03-24 11:59:00,16.33,11.72,74.0,1003.73,1.29,6.76,NW,315.0,0.0,57.0,0.0,weather_underground,,
ILAMAD25,La Madeleine,other,EasyWeatherPro_V5.1.6,50.659,3.07,23.0,2025-03-24 12:04:00,16.33,11.39,73.0,1003.73,3.22,9.17,WNW,292.0,0.0,48.0,0.0,weather_underground,,
ILAMAD25,La Madeleine,other,EasyWeatherPro_V5.1.6,50.659,3.07,23.0,2025-03-24 12:09:00,16.28,11.06,71.0,1003.39,3.06,9.17,WNW,292.0,0.0,45.2,0.0,weather_underground,,
ILAMAD25,La Madeleine,other,EasyWeatherPro_V5.1.6,50.659,3.07,23.0,2025-03-24 12:14:00,16.28,10.94,71.0,1003.39,5.47,12.39,NW,315.0,0.0,46.9,0.0,weather_underground,,
ILAMAD25,La Madeleine,other,EasyWeatherPro_V5.1.6,50.659,3.07,23.0,2025-03-24 12:19:00,16.28,10.94,71.0,1003.39,2.9,10.94,NNW,337.0,0.0,55.2,0.0,weather_underground,,
ILAMAD25,La Madeleine,other,EasyWeatherPro_V5.1.6,50.659,3.07,23.0,2025-03-24 12:24:00,16.44,11.33,72.0,1003.39,1.61,7.72,NW,315.0,0.0,58.0,0.0,weather_underground,,
ILAMAD25,La Madeleine,other,EasyWeatherPro_V5.1.6,50.659,3.07,23.0,2025-03-24 12:29:00,16.5,11.17,71.0,1003.39,1.61,5.47,NW,315.0,0.0,61.5,0.0,weather_underground,,
ILAMAD25,La Madeleine,other,EasyWeatherPro_V5.1.6,50.659,3.07,23.0,2025-03-24 12:34:00,16.78,11.17,70.0,1003.73,1.45,7.72,WNW,292.0,0.0,60.0,0.0,weather_underground,,
ILAMAD25,La Madeleine,other,EasyWeatherPro_V5.1.6,50.659,3.07,23.0,2025-03-24 12:39:00,16.67,10.94,69.0,1003.73,6.12,12.55,West,,0.0,58.9,0.0,weather_underground,,
ILAMAD25,La Madeleine,other,EasyWeatherPro_V5.1.6,50.659,3.07,23.0,2025-03-24 12:44:00,16.67,10.94,69.0,1003.73,4.35,13.68,NW,315.0,0.0,60.7,0.0,weather_underground,,
ILAMAD25,La Madeleine,other,EasyWeatherPro_V5.1.6,50.659,3.07,23.0,2025-03-24 12:49:00,16.78,11.06,69.0,1003.73,3.22,10.78,WNW,292.0,0.0,56.9,0.0,weather_underground,,
ILAMAD25,La Madeleine,other,EasyWeatherPro_V5.1.6,50.659,3.07,23.0,2025-03-24 12:54:00,16.89,11.11,69.0,1003.73,1.93,5.15,WNW,292.0,0.0,67.2,0.0,weather_underground,,
ILAMAD25,La Madeleine,other,EasyWeatherPro_V5.1.6,50.659,3.07,23.0,2025-03-24 12:59:00,16.89,11.0,68.0,1003.73,3.22,7.72,NW,315.0,0.0,69.3,0.0,weather_underground,,
ILAMAD25,La Madeleine,other,EasyWeatherPro_V5.1.6,50.659,3.07,23.0,2025-03-24 13:04:00,17.0,11.17,69.0,1003.73,1.61,7.4,NW,315.0,0.0,79.2,0.0,weather_underground,,
ILAMAD25,La Madeleine,other,EasyWeatherPro_V5.1.6,50.659,3.07,23.0,2025-03-24 13:09:00,17.06,10.94,67.0,1003.73,2.9,9.5,NW,315.0,0.0,75.0,0.0,weather_underground,,
ILAMAD25,La Madeleine,other,EasyWeatherPro_V5.1.6,50.659,3.07,23.0,2025-03-24 13:14:00,17.06,10.5,65.0,1003.73,5.79,15.61,WNW,292.0,0.0,78.9,0.0,weather_underground,,
ILAMAD25,La Madeleine,other,EasyWeatherPro_V5.1.6,50.659,3.07,23.0,2025-03-24 13:19:00,16.89,10.61,66.0,1003.73,1.29,8.85,NW,315.0,0.0,78.3,0.0,weather_underground,,
ILAMAD25,La Madeleine,other,EasyWeatherPro_V5.1.6,50.659,3.07,23.0,2025-03-24 13:24:00,17.11,11.0,67.0,1003.73,0.32,0.97,NNW,337.0,0.0,88.6,0.0,weather_underground,,
ILAMAD25,La Madeleine,other,EasyWeatherPro_V5.1.6,50.659,3.07,23.0,2025-03-24 13:29:00,17.33,11.06,66.0,1003.73,2.25,9.82,,,0.0,105.5,0.0,weather_underground,,
ILAMAD25,La Madeleine,other,EasyWeatherPro_V5.1.6,50.659,3.07,23.0,2025-03-24 13:34:00,17.72,11.22,66.0,1003.39,1.93,8.53,NW,315.0,0.0,108.1,0.0,weather_underground,,
ILAMAD25,La Madeleine,other,EasyWeatherPro_V5.1.6,50.659,3.07,23.0,2025-03-24 13:39:00,17.44,10.5,64.0,1003.73,3.06,11.43,NW,315.0,0.0,283.7,2.0,weather_underground,,
ILAMAD25,La Madeleine,other,EasyWeatherPro_V5.1.6,50.659,3.07,23.0,2025-03-24 13:44:00,17.39,10.44,64.0,1003.73,2.09,11.1,NNW,337.0,0.0,355.6,2.0,weather_underground,,
ILAMAD25,La Madeleine,other,EasyWeatherPro_V5.1.6,50.659,3.07,23.0,2025-03-24 13:49:00,17.56,10.39,63.0,1003.39,1.45,10.46,NNW,337.0,0.0,390.0,3.0,weather_underground,,
ILAMAD25,La Madeleine,other,EasyWeatherPro_V5.1.6,50.659,3.07,23.0,2025-03-24 13:54:00,17.94,10.0,60.0,1003.39,1.61,8.53,NNW,337.0,0.0,389.7,3.0,weather_underground,,
ILAMAD25,La Madeleine,other,EasyWeatherPro_V5.1.6,50.659,3.07,23.0,2025-03-24 13:59:00,18.0,9.83,59.0,1003.39,4.99,11.75,NW,315.0,0.0,389.9,3.0,weather_underground,,
ILAMAD25,La Madeleine,other,EasyWeatherPro_V5.1.6,50.659,3.07,23.0,2025-03-24 14:04:00,18.22,10.22,60.0,1003.39,1.93,9.82,NNW,337.0,0.0,379.4,2.0,weather_underground,,
ILAMAD25,La Madeleine,other,EasyWeatherPro_V5.1.6,50.659,3.07,23.0,2025-03-24 14:09:00,18.5,10.44,59.0,1003.39,1.77,6.44,NNW,337.0,0.0,372.1,2.0,weather_underground,,
ILAMAD25,La Madeleine,other,EasyWeatherPro_V5.1.6,50.659,3.07,23.0,2025-03-24 14:14:00,18.44,10.06,58.0,1003.05,3.54,9.17,NW,315.0,0.0,361.3,2.0,weather_underground,,
ILAMAD25,La Madeleine,other,EasyWeatherPro_V5.1.6,50.659,3.07,23.0,2025-03-24 14:19:00,18.83,10.44,58.0,1003.05,2.25,8.53,NW,315.0,0.0,246.7,2.0,weather_underground,,
ILAMAD25,La Madeleine,other,EasyWeatherPro_V5.1.6,50.659,3.07,23.0,2025-03-24 14:24:00,18.5,10.11,58.0,1003.05,1.13,8.53,NW,315.0,0.0,226.8,1.0,weather_underground,,
ILAMAD25,La Madeleine,other,EasyWeatherPro_V5.1.6,50.659,3.07,23.0,2025-03-24 14:29:00,18.22,9.72,57.0,1003.05,3.22,11.59,WNW,292.0,0.0,286.3,2.0,weather_underground,,
ILAMAD25,La Madeleine,other,EasyWeatherPro_V5.1.6,50.659,3.07,23.0,2025-03-24 14:34:00,18.06,9.39,57.0,1002.71,3.22,13.04,NW,315.0,0.0,299.2,2.0,weather_underground,,
ILAMAD25,La Madeleine,other,EasyWeatherPro_V5.1.6,50.659,3.07,23.0,2025-03-24 14:39:00,18.28,9.5,56.0,1002.71,3.22,10.78,NW,315.0,0.0,259.9,2.0,weather_underground,,
ILAMAD25,La Madeleine,other,EasyWeatherPro_V5.1.6,50.659,3.07,23.0,2025-03-24 14:44:00,18.33,9.94,58.0,1002.71,1.29,6.76,NNW,337.0,0.0,293.7,2.0,weather_underground,,
ILAMAD25,La Madeleine,other,EasyWeatherPro_V5.1.6,50.659,3.07,23.0,2025-03-24 14:49:00,18.33,10.22,59.0,1002.37,1.93,7.08,NNW,337.0,0.0,300.9,2.0,weather_underground,,
ILAMAD25,La Madeleine,other,EasyWeatherPro_V5.1.6,50.659,3.07,23.0,2025-03-24 14:54:00,18.5,10.28,59.0,1002.37,1.13,5.79,NW,315.0,0.0,257.7,2.0,weather_underground,,
ILAMAD25,La Madeleine,other,EasyWeatherPro_V5.1.6,50.659,3.07,23.0,2025-03-24 14:59:00,18.33,9.67,57.0,1002.37,2.09,8.85,NW,315.0,0.0,246.0,2.0,weather_underground,,
IICHTE19,WeerstationBS,other,EasyWeatherV1.6.6,51.092,2.999,15.0,,,,,,,,,,,,,weather_underground,,
IICHTE19,WeerstationBS,other,EasyWeatherV1.6.6,51.092,2.999,15.0,2025-03-24 00:04:00,13.78,11.72,87.0,998.31,13.2,16.74,WSW,247.0,0.0,0.0,0.0,weather_underground,,
IICHTE19,WeerstationBS,other,EasyWeatherV1.6.6,51.092,2.999,15.0,2025-03-24 00:09:00,13.78,11.61,87.0,997.97,12.71,15.77,WSW,247.0,0.0,0.0,0.0,weather_underground,,
IICHTE19,WeerstationBS,other,EasyWeatherV1.6.6,51.092,2.999,15.0,2025-03-24 00:14:00,13.89,11.56,86.0,997.97,16.58,20.6,West,,0.0,0.0,0.0,weather_underground,,
IICHTE19,WeerstationBS,other,EasyWeatherV1.6.6,51.092,2.999,15.0,2025-03-24 00:19:00,14.0,11.5,85.0,997.97,15.61,19.63,WSW,247.0,0.0,0.0,0.0,weather_underground,,
IICHTE19,WeerstationBS,other,EasyWeatherV1.6.6,51.092,2.999,15.0,2025-03-24 00:24:00,14.0,11.5,85.0,997.97,15.61,19.15,WSW,247.0,0.0,0.0,0.0,weather_underground,,
IICHTE19,WeerstationBS,other,EasyWeatherV1.6.6,51.092,2.999,15.0,2025-03-24 00:29:00,13.94,11.44,85.0,997.97,15.45,18.67,WSW,247.0,0.0,0.0,0.0,weather_underground,,
IICHTE19,WeerstationBS,other,EasyWeatherV1.6.6,51.092,2.999,15.0,2025-03-24 00:34:00,13.89,11.39,85.0,997.97,15.77,20.44,WSW,247.0,0.0,0.0,0.0,weather_underground,,
IICHTE19,WeerstationBS,other,EasyWeatherV1.6.6,51.092,2.999,15.0,2025-03-24 00:39:00,13.89,11.39,85.0,997.97,13.84,17.06,West,,0.0,0.0,0.0,weather_underground,,
IICHTE19,WeerstationBS,other,EasyWeatherV1.6.6,51.092,2.999,15.0,2025-03-24 00:44:00,13.78,11.28,85.0,997.97,14.64,18.35,WSW,247.0,0.0,0.0,0.0,weather_underground,,
IICHTE19,WeerstationBS,other,EasyWeatherV1.6.6,51.092,2.999,15.0,2025-03-24 00:49:00,13.72,11.22,85.0,997.63,14.81,18.51,WSW,247.0,0.0,0.0,0.0,weather_underground,,
IICHTE19,WeerstationBS,other,EasyWeatherV1.6.6,51.092,2.999,15.0,2025-03-24 00:54:00,13.78,11.17,84.0,997.97,17.22,21.24,WSW,247.0,0.0,0.0,0.0,weather_underground,,
IICHTE19,WeerstationBS,other,EasyWeatherV1.6.6,51.092,2.999,15.0,2025-03-24 00:59:00,13.78,11.11,84.0,997.97,15.61,19.47,WSW,247.0,0.0,0.0,0.0,weather_underground,,
IICHTE19,WeerstationBS,other,EasyWeatherV1.6.6,51.092,2.999,15.0,2025-03-24 01:04:00,13.78,11.11,84.0,997.97,15.13,19.31,WSW,247.0,0.0,0.0,0.0,weather_underground,,
IICHTE19,WeerstationBS,other,EasyWeatherV1.6.6,51.092,2.999,15.0,2025-03-24 01:09:00,13.78,11.06,84.0,997.97,14.48,17.54,West,,0.0,0.0,0.0,weather_underground,,
IICHTE19,WeerstationBS,other,EasyWeatherV1.6.6,51.092,2.999,15.0,2025-03-24 01:14:00,13.67,10.89,84.0,997.97,16.58,20.44,West,,0.0,0.0,0.0,weather_underground,,
IICHTE19,WeerstationBS,other,EasyWeatherV1.6.6,51.092,2.999,15.0,2025-03-24 01:19:00,13.67,10.83,83.0,997.97,18.67,24.3,WSW,247.0,0.0,0.0,0.0,weather_underground,,
IICHTE19,WeerstationBS,other,EasyWeatherV1.6.6,51.092,2.999,15.0,2025-03-24 01:24:00,13.61,10.72,83.0,997.97,16.09,20.28,WSW,247.0,0.0,0.0,0.0,weather_underground,,
IICHTE19,WeerstationBS,other,EasyWeatherV1.6.6,51.092,2.999,15.0,2025-03-24 01:29:00,13.56,10.78,83.0,997.97,14.64,18.83,WSW,247.0,0.0,0.0,0.0,weather_underground,,
IICHTE19,WeerstationBS,other,EasyWeatherV1.6.6,51.092,2.999,15.0,2025-03-24 01:34:00,13.5,10.67,83.0,997.97,15.45,19.79,WSW,247.0,0.0,0.0,0.0,weather_underground,,
IICHTE19,WeerstationBS,other,EasyWeatherV1.6.6,51.092,2.999,15.0,2025-03-24 01:39:00,13.5,10.5,82.0,997.97,18.99,24.46,WSW,247.0,0.0,0.0,0.0,weather_underground,,
IICHTE19,WeerstationBS,other,EasyWeatherV1.6.6,51.092,2.999,15.0,2025-03-24 01:44:00,13.5,10.5,82.0,997.97,14.81,18.51,WSW,247.0,0.0,0.0,0.0,weather_underground,,
IICHTE19,WeerstationBS,other,EasyWeatherV1.6.6,51.092,2.999,15.0,2025-03-24 01:49:00,13.44,10.44,82.0,997.97,14.81,18.51,WSW,247.0,0.0,0.0,0.0,weather_underground,,
IICHTE19,WeerstationBS,other,EasyWeatherV1.6.6,51.092,2.999,15.0,2025-03-24 01:54:00,13.44,10.44,82.0,998.31,17.7,22.69,West,,0.0,0.0,0.0,weather_underground,,
IICHTE19,WeerstationBS,other,EasyWeatherV1.6.6,51.092,2.999,15.0,2025-03-24 01:59:00,13.44,10.44,82.0,998.31,14.48,18.02,WSW,247.0,0.0,0.0,0.0,weather_underground,,
IICHTE19,WeerstationBS,other,EasyWeatherV1.6.6,51.092,2.999,15.0,2025-03-24 02:04:00,13.39,10.39,82.0,998.31,16.9,22.21,WSW,247.0,0.0,0.0,0.0,weather_underground,,
IICHTE19,WeerstationBS,other,EasyWeatherV1.6.6,51.092,2.999,15.0,2025-03-24 02:09:00,13.39,10.39,82.0,998.31,17.06,21.08,WSW,247.0,0.0,0.0,0.0,weather_underground,,
IICHTE19,WeerstationBS,other,EasyWeatherV1.6.6,51.092,2.999,15.0,2025-03-24 02:14:00,13.39,10.39,82.0,998.31,16.9,21.24,WSW,247.0,0.0,0.0,0.0,weather_underground,,
IICHTE19,WeerstationBS,other,EasyWeatherV1.6.6,51.092,2.999,15.0,2025-03-24 02:19:00,13.33,10.33,82.0,998.31,14.32,18.67,WSW,247.0,0.0,0.0,0.0,weather_underground,,
IICHTE19,WeerstationBS,other,EasyWeatherV1.6.6,51.092,2.999,15.0,2025-03-24 02:24:00,13.28,10.28,82.0,998.31,16.58,21.57,WSW,247.0,0.0,0.0,0.0,weather_underground,,
IICHTE19,WeerstationBS,other,EasyWeatherV1.6.6,51.092,2.999,15.0,2025-03-24 02:29:00,13.28,10.22,82.0,998.31,16.74,20.92,West,,0.0,0.0,0.0,weather_underground,,
IICHTE19,WeerstationBS,other,EasyWeatherV1.6.6,51.092,2.999,15.0,2025-03-24 02:34:00,13.28,10.22,82.0,998.31,16.74,20.28,West,,0.0,0.0,0.0,weather_underground,,
IICHTE19,WeerstationBS,other,EasyWeatherV1.6.6,51.092,2.999,15.0,2025-03-24 02:39:00,13.22,10.22,82.0,998.31,14.16,18.35,WSW,247.0,0.0,0.0,0.0,weather_underground,,
IICHTE19,WeerstationBS,other,EasyWeatherV1.6.6,51.092,2.999,15.0,2025-03-24 02:44:00,13.22,10.11,82.0,998.31,17.22,21.4,WSW,247.0,0.0,0.0,0.0,weather_underground,,
IICHTE19,WeerstationBS,other,EasyWeatherV1.6.6,51.092,2.999,15.0,2025-03-24 02:49:00,13.22,10.22,82.0,998.65,16.09,19.79,WSW,247.0,0.0,0.0,0.0,weather_underground,,
IICHTE19,WeerstationBS,other,EasyWeatherV1.6.6,51.092,2.999,15.0,2025-03-24 02:54:00,13.11,10.11,82.0,998.31,16.9,21.08,WSW,247.0,0.0,0.0,0.0,weather_underground,,
IICHTE19,WeerstationBS,other,EasyWeatherV1.6.6,51.092,2.999,15.0,2025-03-24 02:59:00,13.11,10.11,82.0,998.31,18.19,22.53,West,,0.0,0.0,0.0,weather_underground,,
IICHTE19,WeerstationBS,other,EasyWeatherV1.6.6,51.092,2.999,15.0,2025-03-24 03:04:00,13.11,10.11,82.0,998.31,17.38,21.57,WSW,247.0,0.0,0.0,0.0,weather_underground,,
IICHTE19,WeerstationBS,other,EasyWeatherV1.6.6,51.092,2.999,15.0,2025-03-24 03:09:00,13.06,10.06,82.0,998.31,16.74,21.08,WSW,247.0,0.0,0.0,0.0,weather_underground,,
IICHTE19,WeerstationBS,other,EasyWeatherV1.6.6,51.092,2.999,15.0,2025-03-24 03:14:00,13.0,10.0,82.0,998.31,15.77,19.63,WSW,247.0,0.0,0.0,0.0,weather_underground,,
IICHTE19,WeerstationBS,other,EasyWeatherV1.6.6,51.092,2.999,15.0,2025-03-24 03:19:00,13.0,10.0,82.0,998.31,16.74,21.73,West,,0.0,0.0,0.0,weather_underground,,
IICHTE19,WeerstationBS,other,EasyWeatherV1.6.6,51.092,2.999,15.0,2025-03-24 03:24:00,12.94,9.94,82.0,998.31,17.06,21.08,West,,0.0,0.0,0.0,weather_underground,,
IICHTE19,WeerstationBS,other,EasyWeatherV1.6.6,51.092,2.999,15.0,2025-03-24 03:29:00,12.89,9.89,82.0,998.31,18.02,22.21,WSW,247.0,0.0,0.0,0.0,weather_underground,,
IICHTE19,WeerstationBS,other,EasyWeatherV1.6.6,51.092,2.999,15.0,2025-03-24 03:34:00,12.89,9.89,82.0,998.31,17.22,20.92,WSW,247.0,0.0,0.0,0.0,weather_underground,,
IICHTE19,WeerstationBS,other,EasyWeatherV1.6.6,51.092,2.999,15.0,2025-03-24 03:39:00,12.83,9.89,82.0,998.31,16.9,21.24,West,,0.0,0.0,0.0,weather_underground,,
IICHTE19,WeerstationBS,other,EasyWeatherV1.6.6,51.092,2.999,15.0,2025-03-24 03:44:00,12.72,10.11,84.0,998.31,17.38,23.17,WSW,247.0,0.0,0.0,0.0,weather_underground,,
IICHTE19,WeerstationBS,other,EasyWeatherV1.6.6,51.092,2.999,15.0,2025-03-24 03:49:00,12.44,10.11,86.0,998.65,18.83,23.17,WSW,247.0,0.0,0.0,0.0,weather_underground,,
IICHTE19,WeerstationBS,other,EasyWeatherV1.6.6,51.092,2.999,15.0,2025-03-24 03:54:00,12.22,10.22,87.0,998.31,16.25,20.6,West,,0.0,0.0,0.0,weather_underground,,
IICHTE19,WeerstationBS,other,EasyWeatherV1.6.6,51.092,2.999,15.0,2025-03-24 03:59:00,12.11,10.22,89.0,998.65,14.64,18.51,West,,0.0,0.0,0.0,weather_underground,,
IICHTE19,WeerstationBS,other,EasyWeatherV1.6.6,51.092,2.999,15.0,2025-03-24 04:04:00,11.94,10.28,90.0,998.65,13.84,16.9,West,,0.0,0.0,0.0,weather_underground,,
IICHTE19,WeerstationBS,other,EasyWeatherV1.6.6,51.092,2.999,15.0,2025-03-24 04:09:00,11.83,10.33,91.0,998.31,13.36,16.9,West,,1.78,0.0,0.0,weather_underground,,
IICHTE19,WeerstationBS,other,EasyWeatherV1.6.6,51.092,2.999,15.0,2025-03-24 04:14:00,11.78,10.33,91.0,998.31,13.68,17.54,West,,1.78,0.0,0.0,weather_underground,,
IICHTE19,WeerstationBS,other,EasyWeatherV1.6.6,51.092,2.999,15.0,2025-03-24 04:19:00,11.72,10.44,92.0,998.31,13.84,17.22,West,,1.78,0.0,0.0,weather_underground,,
IICHTE19,WeerstationBS,other,EasyWeatherV1.6.6,51.092,2.999,15.0,2025-03-24 04:24:00,11.67,10.44,92.0,998.31,12.55,16.09,WSW,247.0,0.0,0.0,0.0,weather_underground,,
IICHTE19,WeerstationBS,other,EasyWeatherV1.6.6,51.092,2.999,15.0,2025-03-24 04:29:00,11.61,10.5,93.0,998.65,13.68,18.02,WSW,247.0,0.0,0.0,0.0,weather_underground,,
IICHTE19,WeerstationBS,other,EasyWeatherV1.6.6,51.092,2.999,15.0,2025-03-24 04:34:00,11.5,10.44,93.0,998.65,14.32,18.02,WSW,247.0,1.27,0.0,0.0,weather_underground,,
IICHTE19,WeerstationBS,other,EasyWeatherV1.6.6,51.092,2.999,15.0,2025-03-24 04:39:00,11.5,10.5,94.0,998.65,14.48,18.83,WSW,247.0,1.27,0.0,0.0,weather_underground,,
IICHTE19,WeerstationBS,other,EasyWeatherV1.6.6,51.092,2.999,15.0,2025-03-24 04:44:00,11.39,10.39,94.0,998.65,15.45,19.31,West,,1.78,0.0,0.0,weather_underground,,
IICHTE19,WeerstationBS,other,EasyWeatherV1.6.6,51.092,2.999,15.0,2025-03-24 04:49:00,11.39,10.5,94.0,998.65,14.48,17.7,WSW,247.0,3.05,0.0,0.0,weather_underground,,
IICHTE19,WeerstationBS,other,EasyWeatherV1.6.6,51.092,2.999,15.0,2025-03-24 04:54:00,11.39,10.61,95.0,998.65,14.81,19.79,West,,3.05,0.0,0.0,weather_underground,,
IICHTE19,WeerstationBS,other,EasyWeatherV1.6.6,51.092,2.999,15.0,2025-03-24 04:59:00,11.28,10.5,95.0,998.65,16.42,20.76,WSW,247.0,1.27,0.0,0.0,weather_underground,,
IICHTE19,WeerstationBS,other,EasyWeatherV1.6.6,51.092,2.999,15.0,2025-03-24 05:04:00,11.28,10.5,95.0,998.65,13.84,17.54,West,,1.78,0.0,0.0,weather_underground,,
IICHTE19,WeerstationBS,other,EasyWeatherV1.6.6,51.092,2.999,15.0,2025-03-24 05:09:00,11.28,10.5,95.0,998.65,13.2,16.74,West,,1.78,0.0,0.0,weather_underground,,
IICHTE19,WeerstationBS,other,EasyWeatherV1.6.6,51.092,2.999,15.0,2025-03-24 05:14:00,11.28,10.5,95.0,998.65,14.48,17.7,West,,3.05,0.0,0.0,weather_underground,,
IICHTE19,WeerstationBS,other,EasyWeatherV1.6.6,51.092,2.999,15.0,2025-03-24 05:19:00,11.28,10.56,95.0,998.65,15.77,19.96,WSW,247.0,1.27,0.0,0.0,weather_underground,,
IICHTE19,WeerstationBS,other,EasyWeatherV1.6.6,51.092,2.999,15.0,2025-03-24 05:24:00,11.28,10.72,96.0,998.99,16.42,20.44,WSW,247.0,1.27,0.0,0.0,weather_underground,,
IICHTE19,WeerstationBS,other,EasyWeatherV1.6.6,51.092,2.999,15.0,2025-03-24 05:29:00,11.28,10.72,96.0,998.65,15.61,19.79,West,,0.0,0.0,0.0,weather_underground,,
IICHTE19,WeerstationBS,other,EasyWeatherV1.6.6,51.092,2.999,15.0,2025-03-24 05:34:00,11.22,10.67,96.0,998.65,15.77,19.15,WSW,247.0,0.0,0.0,0.0,weather_underground,,
IICHTE19,WeerstationBS,other,EasyWeatherV1.6.6,51.092,2.999,15.0,2025-03-24 05:39:00,11.22,10.61,96.0,998.65,14.16,18.35,WSW,247.0,0.0,0.0,0.0,weather_underground,,
IICHTE19,WeerstationBS,other,EasyWeatherV1.6.6,51.092,2.999,15.0,2025-03-24 05:44:00,11.22,10.61,96.0,998.65,15.45,19.63,WSW,247.0,0.0,0.0,0.0,weather_underground,,
IICHTE19,WeerstationBS,other,EasyWeatherV1.6.6,51.092,2.999,15.0,2025-03-24 05:49:00,11.22,10.61,96.0,998.65,13.84,17.86,WSW,247.0,0.0,0.0,0.0,weather_underground,,
IICHTE19,WeerstationBS,other,EasyWeatherV1.6.6,51.092,2.999,15.0,2025-03-24 05:54:00,11.22,10.61,96.0,998.99,15.61,19.15,WSW,247.0,0.0,0.0,0.0,weather_underground,,
IICHTE19,WeerstationBS,other,EasyWeatherV1.6.6,51.092,2.999,15.0,2025-03-24 05:59:00,11.22,10.67,96.0,998.99,13.2,17.22,West,,0.0,0.0,0.0,weather_underground,,
IICHTE19,WeerstationBS,other,EasyWeatherV1.6.6,51.092,2.999,15.0,2025-03-24 06:04:00,11.28,10.56,95.0,998.99,11.27,14.48,WSW,247.0,0.0,0.0,0.0,weather_underground,,
IICHTE19,WeerstationBS,other,EasyWeatherV1.6.6,51.092,2.999,15.0,2025-03-24 06:09:00,11.28,10.5,95.0,998.99,14.81,18.51,WSW,247.0,0.0,0.0,0.0,weather_underground,,
IICHTE19,WeerstationBS,other,EasyWeatherV1.6.6,51.092,2.999,15.0,2025-03-24 06:14:00,11.28,10.5,95.0,998.99,14.97,18.51,WSW,247.0,0.0,0.0,0.0,weather_underground,,
IICHTE19,WeerstationBS,other,EasyWeatherV1.6.6,51.092,2.999,15.0,2025-03-24 06:19:00,11.28,10.5,95.0,998.99,13.36,17.54,WSW,247.0,0.0,0.0,0.0,weather_underground,,
IICHTE19,WeerstationBS,other,EasyWeatherV1.6.6,51.092,2.999,15.0,2025-03-24 06:24:00,11.28,10.5,95.0,998.99,12.39,15.45,WSW,247.0,0.0,0.0,0.0,weather_underground,,
IICHTE19,WeerstationBS,other,EasyWeatherV1.6.6,51.092,2.999,15.0,2025-03-24 06:29:00,11.33,10.44,94.0,998.99,13.2,16.58,WSW,247.0,0.0,0.0,0.0,weather_underground,,
IICHTE19,WeerstationBS,other,EasyWeatherV1.6.6,51.092,2.999,15.0,2025-03-24 06:34:00,11.44,10.44,94.0,998.99,11.91,15.13,WSW,247.0,0.0,0.0,0.0,weather_underground,,
IICHTE19,WeerstationBS,other,EasyWeatherV1.6.6,51.092,2.999,15.0,2025-03-24 06:39:00,11.5,10.39,93.0,998.99,11.59,14.81,WSW,247.0,0.0,0.0,0.0,weather_underground,,
IICHTE19,WeerstationBS,other,EasyWeatherV1.6.6,51.092,2.999,15.0,2025-03-24 06:44:00,11.61,10.5,93.0,998.99,13.2,16.09,WSW,247.0,0.0,0.0,0.0,weather_underground,,
IICHTE19,WeerstationBS,other,EasyWeatherV1.6.6,51.092,2.999,15.0,2025-03-24 06:49:00,11.72,10.5,92.0,998.99,12.39,15.61,WSW,247.0,0.0,0.0,0.0,weather_underground,,
IICHTE19,WeerstationBS,other,EasyWeatherV1.6.6,51.092,2.999,15.0,2025-03-24 06:54:00,11.72,10.5,92.0,998.99,13.52,16.9,WSW,247.0,0.0,0.0,0.0,weather_underground,,
IICHTE19,WeerstationBS,other,EasyWeatherV1.6.6,51.092,2.999,15.0,2025-03-24 06:59:00,11.78,10.5,92.0,998.99,13.36,16.74,WSW,247.0,0.0,0.0,0.0,weather_underground,,
IICHTE19,WeerstationBS,other,EasyWeatherV1.6.6,51.092,2.999,15.0,2025-03-24 07:04:00,11.78,10.39,91.0,998.99,14.32,18.51,WSW,247.0,0.0,0.0,0.0,weather_underground,,
IICHTE19,WeerstationBS,other,EasyWeatherV1.6.6,51.092,2.999,15.0,2025-03-24 07:09:00,11.78,10.39,91.0,998.99,14.16,17.7,WSW,247.0,0.0,0.0,0.0,weather_underground,,
IICHTE19,WeerstationBS,other,EasyWeatherV1.6.6,51.092,2.999,15.0,2025-03-24 07:14:00,11.78,10.39,91.0,998.99,14.32,17.54,WSW,247.0,1.78,0.0,0.0,weather_underground,,
IICHTE19,WeerstationBS,other,EasyWeatherV1.6.6,51.092,2.999,15.0,2025-03-24 07:19:00,11.83,10.44,91.0,998.99,13.52,17.38,WSW,247.0,1.78,0.0,0.0,weather_underground,,
IICHTE19,WeerstationBS,other,EasyWeatherV1.6.6,51.092,2.999,15.0,2025-03-24 07:24:00,11.78,10.28,90.0,998.99,14.64,18.19,WSW,247.0,1.78,0.0,0.0,weather_underground,,
IICHTE19,WeerstationBS,other,EasyWeatherV1.6.6,51.092,2.999,15.0,2025-03-24 07:29:00,11.89,10.28,90.0,998.99,12.07,15.29,West,,0.0,0.0,0.0,weather_underground,,
IICHTE19,WeerstationBS,other,EasyWeatherV1.6.6,51.092,2.999,15.0,2025-03-24 07:34:00,11.89,10.28,90.0,998.99,14.32,17.7,WSW,247.0,0.0,0.1,0.0,weather_underground,,
IICHTE19,WeerstationBS,other,EasyWeatherV1.6.6,51.092,2.999,15.0,2025-03-24 07:39:00,11.89,10.28,90.0,998.99,12.07,15.45,WSW,247.0,0.0,0.2,0.0,weather_underground,,
IICHTE19,WeerstationBS,other,EasyWeatherV1.6.6,51.092,2.999,15.0,2025-03-24 07:44:00,11.89,10.28,90.0,999.32,15.13,19.31,WSW,247.0,0.0,0.4,0.0,weather_underground,,
IICHTE19,WeerstationBS,other,EasyWeatherV1.6.6,51.092,2.999,15.0,2025-03-24 07:49:00,11.89,10.28,90.0,998.99,14.48,17.86,WSW,247.0,0.0,0.8,0.0,weather_underground,,
IICHTE19,WeerstationBS,other,EasyWeatherV1.6.6,51.092,2.999,15.0,2025-03-24 07:54:00,11.89,10.28,90.0,998.99,13.2,16.58,WSW,247.0,0.0,1.5,0.0,weather_underground,,
IICHTE19,WeerstationBS,other,EasyWeatherV1.6.6,51.092,2.999,15.0,2025-03-24 07:59:00,11.89,10.28,90.0,999.32,11.27,14.97,WSW,247.0,0.0,3.2,0.0,weather_underground,,
IICHTE19,WeerstationBS,other,EasyWeatherV1.6.6,51.092,2.999,15.0,2025-03-24 08:04:00,11.89,10.28,90.0,999.32,11.59,14.81,West,,0.0,3.7,0.0,weather_underground,,
IICHTE19,WeerstationBS,other,EasyWeatherV1.6.6,51.092,2.999,15.0,2025-03-24 08:09:00,11.83,10.44,91.0,998.99,14.0,17.38,WSW,247.0,0.0,3.4,0.0,weather_underground,,
IICHTE19,WeerstationBS,other,EasyWeatherV1.6.6,51.092,2.999,15.0,2025-03-24 08:14:00,11.78,10.39,91.0,998.99,14.32,18.19,WSW,247.0,0.0,4.4,0.0,weather_underground,,
IICHTE19,WeerstationBS,other,EasyWeatherV1.6.6,51.092,2.999,15.0,2025-03-24 08:19:00,11.89,10.5,91.0,999.32,14.16,18.35,WSW,247.0,0.0,4.8,0.0,weather_underground,,
IICHTE19,WeerstationBS,other,EasyWeatherV1.6.6,51.092,2.999,15.0,2025-03-24 08:24:00,11.89,10.5,91.0,999.32,14.48,18.35,WSW,247.0,0.0,6.7,0.0,weather_underground,,
IICHTE19,WeerstationBS,other,EasyWeatherV1.6.6,51.092,2.999,15.0,2025-03-24 08:29:00,11.89,10.5,91.0,999.32,12.55,15.29,WSW,247.0,0.0,5.4,0.0,weather_underground,,
IICHTE19,WeerstationBS,other,EasyWeatherV1.6.6,51.092,2.999,15.0,2025-03-24 08:34:00,11.83,10.44,91.0,999.32,11.75,14.64,WSW,247.0,0.0,5.6,0.0,weather_underground,,
IICHTE19,WeerstationBS,other,EasyWeatherV1.6.6,51.092,2.999,15.0,2025-03-24 08:39:00,11.78,10.39,91.0,999.32,13.2,16.25,WSW,247.0,0.0,4.5,0.0,weather_underground,,
IICHTE19,WeerstationBS,other,EasyWeatherV1.6.6,51.092,2.999,15.0,2025-03-24 08:44:00,11.78,10.39,91.0,999.32,15.13,18.99,WSW,247.0,0.0,4.9,0.0,weather_underground,,
IICHTE19,WeerstationBS,other,EasyWeatherV1.6.6,51.092,2.999,15.0,2025-03-24 08:49:00,11.89,10.5,91.0,999.32,14.32,17.54,WSW,247.0,0.0,4.7,0.0,weather_underground,,
IICHTE19,WeerstationBS,other,EasyWeatherV1.6.6,51.092,2.999,15.0,2025-03-24 08:54:00,11.89,10.5,91.0,999.32,14.48,18.02,WSW,247.0,0.0,9.4,0.0,weather_underground,,
IICHTE19,WeerstationBS,other,EasyWeatherV1.6.6,51.092,2.999,15.0,2025-03-24 08:59:00,11.89,10.5,91.0,999.32,13.36,17.22,WSW,247.0,0.0,10.5,0.0,weather_underground,,
IICHTE19,WeerstationBS,other,EasyWeatherV1.6.6,51.092,2.999,15.0,2025-03-24 09:04:00,11.89,10.5,91.0,999.66,14.97,18.02,WSW,247.0,0.0,13.6,0.0,weather_underground,,
IICHTE19,WeerstationBS,other,EasyWeatherV1.6.6,51.092,2.999,15.0,2025-03-24 09:09:00,11.89,10.5,91.0,999.66,12.39,15.13,West,,0.0,22.8,0.0,weather_underground,,
IICHTE19,WeerstationBS,other,EasyWeatherV1.6.6,51.092,2.999,15.0,2025-03-24 09:14:00,11.89,10.5,91.0,999.66,13.36,17.06,WSW,247.0,0.0,14.3,0.0,weather_underground,,
IICHTE19,WeerstationBS,other,EasyWeatherV1.6.6,51.092,2.999,15.0,2025-03-24 09:19:00,11.89,10.5,91.0,999.66,14.97,18.67,WSW,247.0,0.0,16.9,0.0,weather_underground,,
IICHTE19,WeerstationBS,other,EasyWeatherV1.6.6,51.092,2.999,15.0,2025-03-24 09:24:00,11.94,10.56,91.0,999.66,13.84,17.7,WSW,247.0,0.0,19.3,0.0,weather_underground,,
IICHTE19,WeerstationBS,other,EasyWeatherV1.6.6,51.092,2.999,15.0,2025-03-24 09:29:00,12.0,10.61,91.0,999.66,13.52,16.9,WSW,247.0,0.0,26.5,0.0,weather_underground,,
IICHTE19,WeerstationBS,other,EasyWeatherV1.6.6,51.092,2.999,15.0,2025-03-24 09:34:00,12.0,10.61,91.0,999.66,13.36,16.42,WSW,247.0,0.0,45.5,0.0,weather_underground,,
IICHTE19,WeerstationBS,other,EasyWeatherV1.6.6,51.092,2.999,15.0,2025-03-24 09:39:00,12.06,10.67,91.0,999.66,14.64,18.51,WSW,247.0,0.0,35.3,0.0,weather_underground,,
IICHTE19,WeerstationBS,other,EasyWeatherV1.6.6,51.092,2.999,15.0,2025-03-24 09:44:00,12.0,10.61,91.0,1000.0,13.04,16.74,WSW,247.0,0.0,31.8,0.0,weather_underground,,
IICHTE19,WeerstationBS,other,EasyWeatherV1.6.6,51.092,2.999,15.0,2025-03-24 09:49:00,12.06,10.67,91.0,999.66,14.64,18.35,WSW,247.0,0.0,32.7,0.0,weather_underground,,
IICHTE19,WeerstationBS,other,EasyWeatherV1.6.6,51.092,2.999,15.0,2025-03-24 09:54:00,12.0,10.61,91.0,999.66,12.39,15.45,WSW,247.0,0.0,30.0,0.0,weather_underground,,
IICHTE19,WeerstationBS,other,EasyWeatherV1.6.6,51.092,2.999,15.0,2025-03-24 09:59:00,12.06,10.67,91.0,999.66,14.0,17.7,WSW,247.0,0.0,28.2,0.0,weather_underground,,
IICHTE19,WeerstationBS,other,EasyWeatherV1.6.6,51.092,2.999,15.0,2025-03-24 10:04:00,12.11,10.72,91.0,1000.0,13.36,16.58,WSW,247.0,0.0,36.2,0.0,weather_underground,,
IICHTE19,WeerstationBS,other,EasyWeatherV1.6.6,51.092,2.999,15.0,2025-03-24 10:09:00,12.11,10.72,91.0,999.66,13.68,16.9,WSW,247.0,0.0,39.8,0.0,weather_underground,,
IICHTE19,WeerstationBS,other,EasyWeatherV1.6.6,51.092,2.999,15.0,2025-03-24 10:14:00,12.11,10.72,91.0,1000.0,13.2,16.58,WSW,247.0,0.0,45.5,0.0,weather_underground,,
IICHTE19,WeerstationBS,other,EasyWeatherV1.6.6,51.092,2.999,15.0,2025-03-24 10:19:00,12.11,10.72,91.0,1000.0,13.68,17.06,WSW,247.0,0.0,39.5,0.0,weather_underground,,
IICHTE19,WeerstationBS,other,EasyWeatherV1.6.6,51.092,2.999,15.0,2025-03-24 10:24:00,12.11,10.72,91.0,1000.0,14.0,17.22,WSW,247.0,0.0,34.9,0.0,weather_underground,,
IICHTE19,WeerstationBS,other,EasyWeatherV1.6.6,51.092,2.999,15.0,2025-03-24 10:29:00,12.22,10.78,91.0,1000.0,14.32,17.7,WSW,247.0,0.0,36.7,0.0,weather_underground,,
IICHTE19,WeerstationBS,other,EasyWeatherV1.6.6,51.092,2.999,15.0,2025-03-24 10:34:00,12.22,10.61,90.0,1000.0,14.0,17.54,WSW,247.0,0.0,33.3,0.0,weather_underground,,
IICHTE19,WeerstationBS,other,EasyWeatherV1.6.6,51.092,2.999,15.0,2025-03-24 10:39:00,12.22,10.61,90.0,1000.0,13.84,17.7,WSW,247.0,0.0,35.6,0.0,weather_underground,,
IICHTE19,WeerstationBS,other,EasyWeatherV1.6.6,51.092,2.999,15.0,2025-03-24 10:44:00,12.22,10.61,90.0,1000.0,12.87,16.42,West,,0.0,39.2,0.0,weather_underground,,
IICHTE19,WeerstationBS,other,EasyWeatherV1.6.6,51.092,2.999,15.0,2025-03-24 10:49:00,12.22,10.67,90.0,1000.0,14.48,17.86,WSW,247.0,0.0,40.7,0.0,weather_underground,,
IICHTE19,WeerstationBS,other,EasyWeatherV1.6.6,51.092,2.999,15.0,2025-03-24 10:54:00,12.28,10.72,90.0,1000.0,12.23,16.09,WSW,247.0,0.0,45.4,0.0,weather_underground,,
IICHTE19,WeerstationBS,other,EasyWeatherV1.6.6,51.092,2.999,15.0,2025-03-24 10:59:00,12.28,10.72,90.0,1000.0,12.87,16.09,WSW,247.0,0.0,47.2,0.0,weather_underground,,
IICHTE19,WeerstationBS,other,EasyWeatherV1.6.6,51.092,2.999,15.0,2025-03-24 11:04:00,12.28,10.72,90.0,1000.0,12.07,15.13,WSW,247.0,0.0,51.0,0.0,weather_underground,,
IICHTE19,WeerstationBS,other,EasyWeatherV1.6.6,51.092,2.999,15.0,2025-03-24 11:09:00,12.28,10.67,90.0,1000.0,14.64,18.35,West,,0.0,45.6,0.0,weather_underground,,
IICHTE19,WeerstationBS,other,EasyWeatherV1.6.6,51.092,2.999,15.0,2025-03-24 11:14:00,12.22,10.72,91.0,1000.0,14.64,18.19,WSW,247.0,0.0,60.5,0.0,weather_underground,,
IICHTE19,WeerstationBS,other,EasyWeatherV1.6.6,51.092,2.999,15.0,2025-03-24 11:19:00,12.28,10.83,91.0,1000.0,12.71,15.61,WSW,247.0,0.0,63.0,0.0,weather_underground,,
IICHTE19,WeerstationBS,other,EasyWeatherV1.6.6,51.092,2.999,15.0,2025-03-24 11:24:00,12.28,11.11,92.0,1000.0,13.04,16.09,WSW,247.0,0.0,77.6,0.0,weather_underground,,
IICHTE19,WeerstationBS,other,EasyWeatherV1.6.6,51.092,2.999,15.0,2025-03-24 11:29:00,12.28,11.11,92.0,1000.0,15.77,19.63,WSW,247.0,0.0,119.0,1.0,weather_underground,,
IICHTE19,WeerstationBS,other,EasyWeatherV1.6.6,51.092,2.999,15.0,2025-03-24 11:34:00,12.39,11.11,92.0,1000.0,12.71,16.09,WSW,247.0,0.0,157.1,1.0,weather_underground,,
IICHTE19,WeerstationBS,other,EasyWeatherV1.6.6,51.092,2.999,15.0,2025-03-24 11:39:00,12.61,11.17,91.0,1000.0,14.0,16.9,WSW,247.0,0.0,174.4,1.0,weather_underground,,
IICHTE19,WeerstationBS,other,EasyWeatherV1.6.6,51.092,2.999,15.0,2025-03-24 11:44:00,12.78,11.22,90.0,1000.0,10.94,13.52,WSW,247.0,0.0,149.6,1.0,weather_underground,,
IICHTE19,WeerstationBS,other,EasyWeatherV1.6.6,51.092,2.999,15.0,2025-03-24 11:49:00,12.89,11.17,89.0,1000.0,11.43,14.32,WSW,247.0,0.0,96.5,0.0,weather_underground,,
IICHTE19,WeerstationBS,other,EasyWeatherV1.6.6,51.092,2.999,15.0,2025-03-24 11:54:00,12.89,11.06,89.0,1000.0,10.78,14.32,WSW,247.0,0.0,102.1,0.0,weather_underground,,
IICHTE19,WeerstationBS,other,EasyWeatherV1.6.6,51.092,2.999,15.0,2025-03-24 11:59:00,13.11,11.06,88.0,1000.0,11.91,15.29,WSW,247.0,0.0,107.6,1.0,weather_underground,,
IICHTE19,WeerstationBS,other,EasyWeatherV1.6.6,51.092,2.999,15.0,2025-03-24 12:04:00,13.22,11.11,87.0,1000.0,14.81,18.99,West,,0.0,142.8,1.0,weather_underground,,
IICHTE19,WeerstationBS,other,EasyWeatherV1.6.6,51.092,2.999,15.0,2025-03-24 12:09:00,13.28,10.94,86.0,1000.0,16.58,20.6,WSW,247.0,0.0,241.8,2.0,weather_underground,,
IICHTE19,WeerstationBS,other,EasyWeatherV1.6.6,51.092,2.999,15.0,2025-03-24 12:14:00,13.56,10.94,85.0,999.66,16.25,20.76,WSW,247.0,0.0,303.6,2.0,weather_underground,,
IICHTE19,WeerstationBS,other,EasyWeatherV1.6.6,51.092,2.999,15.0,2025-03-24 12:19:00,13.72,11.0,84.0,999.66,18.51,23.01,WSW,247.0,0.0,252.5,2.0,weather_underground,,
IICHTE19,WeerstationBS,other,EasyWeatherV1.6.6,51.092,2.999,15.0,2025-03-24 12:24:00,13.78,11.06,84.0,999.66,15.29,18.67,West,,0.0,284.5,2.0,weather_underground,,
IICHTE19,WeerstationBS,other,EasyWeatherV1.6.6,51.092,2.999,15.0,2025-03-24 12:29:00,13.78,11.11,84.0,999.66,12.55,15.77,West,,0.0,183.0,1.0,weather_underground,,
IICHTE19,WeerstationBS,other,EasyWeatherV1.6.6,51.092,2.999,15.0,2025-03-24 12:34:00,13.78,11.11,84.0,999.66,14.32,18.02,WSW,247.0,0.0,172.5,1.0,weather_underground,,
IICHTE19,WeerstationBS,other,EasyWeatherV1.6.6,51.092,2.999,15.0,2025-03-24 12:39:00,13.72,11.0,84.0,999.66,13.04,16.74,WSW,247.0,0.0,192.4,1.0,weather_underground,,
IICHTE19,WeerstationBS,other,EasyWeatherV1.6.6,51.092,2.999,15.0,2025-03-24 12:44:00,13.78,11.17,84.0,1000.0,12.71,15.93,WSW,247.0,0.0,181.5,1.0,weather_underground,,
IICHTE19,WeerstationBS,other,EasyWeatherV1.6.6,51.092,2.999,15.0,2025-03-24 12:49:00,13.72,11.11,85.0,999.66,14.64,18.99,West,,0.0,190.0,1.0,weather_underground,,
IICHTE19,WeerstationBS,other,EasyWeatherV1.6.6,51.092,2.999,15.0,2025-03-24 12:54:00,13.89,11.33,85.0,999.66,13.52,16.9,WSW,247.0,0.0,523.5,5.0,weather_underground,,
IICHTE19,WeerstationBS,other,EasyWeatherV1.6.6,51.092,2.999,15.0,2025-03-24 12:59:00,14.11,11.39,84.0,999.32,15.61,19.79,WSW,247.0,0.0,224.8,2.0,weather_underground,,
IICHTE19,WeerstationBS,other,EasyWeatherV1.6.6,51.092,2.999,15.0,2025-03-24 13:04:00,14.0,11.33,84.0,999.66,12.71,16.09,WSW,247.0,0.0,238.2,2.0,weather_underground,,
IICHTE19,WeerstationBS,other,EasyWeatherV1.6.6,51.092,2.999,15.0,2025-03-24 13:09:00,14.06,11.33,84.0,999.66,15.93,20.92,West,,0.0,231.8,2.0,weather_underground,,
IICHTE19,WeerstationBS,other,EasyWeatherV1.6.6,51.092,2.999,15.0,2025-03-24 13:14:00,14.17,11.5,84.0,999.66,12.07,15.29,WSW,247.0,0.0,221.8,2.0,weather_underground,,
IICHTE19,WeerstationBS,other,EasyWeatherV1.6.6,51.092,2.999,15.0,2025-03-24 13:19:00,14.28,11.56,84.0,999.66,12.55,16.25,WSW,247.0,0.0,310.9,3.0,weather_underground,,
IICHTE19,WeerstationBS,other,EasyWeatherV1.6.6,51.092,2.999,15.0,2025-03-24 13:24:00,14.28,11.61,84.0,999.32,13.2,16.42,West,,0.0,182.8,1.0,weather_underground,,
IICHTE19,WeerstationBS,other,EasyWeatherV1.6.6,51.092,2.999,15.0,2025-03-24 13:29:00,14.28,11.61,84.0,999.66,16.42,20.6,WSW,247.0,0.0,238.1,2.0,weather_underground,,
IICHTE19,WeerstationBS,other,EasyWeatherV1.6.6,51.092,2.999,15.0,2025-03-24 13:34:00,14.39,11.61,84.0,999.32,11.75,15.13,WSW,247.0,0.0,181.7,1.0,weather_underground,,
IICHTE19,WeerstationBS,other,EasyWeatherV1.6.6,51.092,2.999,15.0,2025-03-24 13:39:00,14.33,11.67,84.0,999.32,10.3,13.84,WSW,247.0,0.0,128.8,1.0,weather_underground,,
IICHTE19,WeerstationBS,other,EasyWeatherV1.6.6,51.092,2.999,15.0,2025-03-24 13:44:00,14.28,11.61,84.0,999.66,12.23,15.77,West,,0.0,136.0,1.0,weather_underground,,
IICHTE19,WeerstationBS,other,EasyWeatherV1.6.6,51.092,2.999,15.0,2025-03-24 13:49:00,14.39,11.61,84.0,999.32,9.66,12.71,West,,0.0,107.2,1.0,weather_underground,,
IICHTE19,WeerstationBS,other,EasyWeatherV1.6.6,51.092,2.999,15.0,2025-03-24 13:54:00,14.39,11.5,83.0,999.32,11.43,14.64,WSW,247.0,0.0,138.7,1.0,weather_underground,,
IICHTE19,WeerstationBS,other,EasyWeatherV1.6.6,51.092,2.999,15.0,2025-03-24 13:59:00,14.5,11.56,82.0,999.32,13.36,16.58,West,,0.0,140.2,1.0,weather_underground,,
IICHTE19,WeerstationBS,other,EasyWeatherV1.6.6,51.092,2.999,15.0,2025-03-24 14:04:00,14.67,11.67,82.0,999.32,12.39,15.61,WSW,247.0,0.0,214.4,2.0,weather_underground,,
IICHTE19,WeerstationBS,other,EasyWeatherV1.6.6,51.092,2.999,15.0,2025-03-24 14:09:00,14.83,11.72,82.0,999.32,13.52,17.86,WSW,247.0,0.0,208.1,2.0,weather_underground,,
IICHTE19,WeerstationBS,other,EasyWeatherV1.6.6,51.092,2.999,15.0,2025-03-24 14:14:00,14.78,11.78,82.0,999.32,9.17,12.71,WSW,247.0,0.0,133.2,1.0,weather_underground,,
IICHTE19,WeerstationBS,other,EasyWeatherV1.6.6,51.092,2.999,15.0,2025-03-24 14:19:00,14.78,11.78,82.0,999.32,9.98,14.16,West,,0.0,115.2,1.0,weather_underground,,
IICHTE19,WeerstationBS,other,EasyWeatherV1.6.6,51.092,2.999,15.0,2025-03-24 14:24:00,14.67,11.72,83.0,999.32,10.62,13.84,WSW,247.0,0.0,102.5,0.0,weather_underground,,
IICHTE19,WeerstationBS,other,EasyWeatherV1.6.6,51.092,2.999,15.0,2025-03-24 14:29:00,14.61,11.61,82.0,999.32,11.59,14.81,West,,0.0,108.7,1.0,weather_underground,,
IICHTE19,WeerstationBS,other,EasyWeatherV1.6.6,51.092,2.999,15.0,2025-03-24 14:34:00,14.61,11.61,82.0,999.32,8.21,10.78,WSW,247.0,0.0,102.4,0.0,weather_underground,,
IICHTE19,WeerstationBS,other,EasyWeatherV1.6.6,51.092,2.999,15.0,2025-03-24 14:39:00,14.61,11.56,82.0,999.32,13.04,17.38,WSW,247.0,0.0,109.2,1.0,weather_underground,,
IICHTE19,WeerstationBS,other,EasyWeatherV1.6.6,51.092,2.999,15.0,2025-03-24 14:44:00,14.72,11.5,81.0,999.32,14.97,19.15,West,,0.0,195.6,1.0,weather_underground,,
IICHTE19,WeerstationBS,other,EasyWeatherV1.6.6,51.092,2.999,15.0,2025-03-24 14:49:00,14.94,11.61,80.0,998.99,11.91,15.45,West,,0.0,188.9,1.0,weather_underground,,
IICHTE19,WeerstationBS,other,EasyWeatherV1.6.6,51.092,2.999,15.0,2025-03-24 14:54:00,14.94,11.78,81.0,999.32,9.82,11.91,WSW,247.0,0.0,98.3,0.0,weather_underground,,
IICHTE19,WeerstationBS,other,EasyWeatherV1.6.6,51.092,2.999,15.0,2025-03-24 14:59:00,14.89,11.72,81.0,998.99,11.43,14.81,WSW,247.0,0.0,131.0,1.0,weather_underground,,
IICHTE19,WeerstationBS,other,EasyWeatherV1.6.6,51.092,2.999,15.0,2025-03-24 15:04:00,14.83,11.67,81.0,998.99,14.32,17.54,WSW,247.0,0.0,129.9,1.0,weather_underground,,
IICHTE19,WeerstationBS,other,EasyWeatherV1.6.6,51.092,2.999,15.0,2025-03-24 15:09:00,14.78,11.61,81.0,998.99,13.36,17.38,West,,0.0,114.2,1.0,weather_underground,,
IICHTE19,WeerstationBS,other,EasyWeatherV1.6.6,51.092,2.999,15.0,2025-03-24 15:14:00,14.78,11.56,81.0,998.99,12.39,15.29,WSW,247.0,0.0,123.6,1.0,weather_underground,,
IICHTE19,WeerstationBS,other,EasyWeatherV1.6.6,51.092,2.999,15.0,2025-03-24 15:19:00,14.83,11.5,80.0,998.99,13.04,16.58,WSW,247.0,0.0,182.8,1.0,weather_underground,,
IICHTE19,WeerstationBS,other,EasyWeatherV1.6.6,51.092,2.999,15.0,2025-03-24 15:24:00,15.0,11.67,80.0,998.99,14.0,18.51,West,,0.0,202.6,1.0,weather_underground,,
IICHTE19,WeerstationBS,other,EasyWeatherV1.6.6,51.092,2.999,15.0,2025-03-24 15:29:00,15.06,11.67,80.0,998.99,13.36,17.54,WSW,247.0,0.0,153.8,1.0,weather_underground,,
IICHTE19,WeerstationBS,other,EasyWeatherV1.6.6,51.092,2.999,15.0,2025-03-24 15:34:00,15.11,11.72,80.0,998.99,11.75,14.81,WSW,247.0,0.0,113.4,1.0,weather_underground,,
IICHTE19,WeerstationBS,other,EasyWeatherV1.6.6,51.092,2.999,15.0,2025-03-24 15:39:00,15.11,11.72,80.0,998.99,12.55,15.61,West,,0.0,140.5,1.0,weather_underground,,
IICHTE19,WeerstationBS,other,EasyWeatherV1.6.6,51.092,2.999,15.0,2025-03-24 15:44:00,15.22,11.78,80.0,998.99,12.87,15.77,WSW,247.0,0.0,258.9,2.0,weather_underground,,
IICHTE19,WeerstationBS,other,EasyWeatherV1.6.6,51.092,2.999,15.0,2025-03-24 15:49:00,15.56,11.83,79.0,998.65,11.1,14.0,WSW,247.0,0.0,240.4,2.0,weather_underground,,
IICHTE19,WeerstationBS,other,EasyWeatherV1.6.6,51.092,2.999,15.0,2025-03-24 15:54:00,15.72,11.94,78.0,998.65,12.55,15.45,WSW,247.0,0.0,273.9,2.0,weather_underground,,
IICHTE19,WeerstationBS,other,EasyWeatherV1.6.6,51.092,2.999,15.0,2025-03-24 15:59:00,15.67,11.94,78.0,998.65,13.52,16.58,WSW,247.0,0.0,196.7,1.0,weather_underground,,
IICHTE19,WeerstationBS,other,EasyWeatherV1.6.6,51.092,2.999,15.0,2025-03-24 16:04:00,15.44,11.89,79.0,998.65,12.39,14.97,WSW,247.0,0.0,204.9,1.0,weather_underground,,
IICHTE19,WeerstationBS,other,EasyWeatherV1.6.6,51.092,2.999,15.0,2025-03-24 16:09:00,15.5,11.89,79.0,998.65,9.66,12.39,WSW,247.0,0.0,235.8,2.0,weather_underground,,
IICHTE19,WeerstationBS,other,EasyWeatherV1.6.6,51.092,2.999,15.0,2025-03-24 16:14:00,15.5,11.83,79.0,998.65,12.39,14.97,WSW,247.0,0.0,210.1,2.0,weather_underground,,
IICHTE19,WeerstationBS,other,EasyWeatherV1.6.6,51.092,2.999,15.0,2025-03-24 16:19:00,15.33,11.83,80.0,998.65,9.01,11.1,WSW,247.0,0.0,150.1,1.0,weather_underground,,
IICHTE19,WeerstationBS,other,EasyWeatherV1.6.6,51.092,2.999,15.0,2025-03-24 16:24:00,15.22,11.94,81.0,998.31,8.69,10.78,WSW,247.0,0.0,71.7,0.0,weather_underground,,
IICHTE19,WeerstationBS,other,EasyWeatherV1.6.6,51.092,2.999,15.0,2025-03-24 16:29:00,15.06,11.94,81.0,998.65,5.95,7.24,WSW,247.0,0.0,57.8,0.0,weather_underground,,
IICHTE19,WeerstationBS,other,EasyWeatherV1.6.6,51.092,2.999,15.0,2025-03-24 16:34:00,14.94,11.89,82.0,998.31,10.14,12.87,WSW,247.0,0.0,64.5,0.0,weather_underground,,
IICHTE19,WeerstationBS,other,EasyWeatherV1.6.6,51.092,2.999,15.0,2025-03-24 16:39:00,14.67,11.94,84.0,998.31,8.21,10.62,WSW,247.0,0.0,111.1,1.0,weather_underground,,
IICHTE19,WeerstationBS,other,EasyWeatherV1.6.6,51.092,2.999,15.0,2025-03-24 16:44:00,14.61,12.0,84.0,998.31,9.01,11.1,West,,0.0,114.3,1.0,weather_underground,,
IICHTE19,WeerstationBS,other,EasyWeatherV1.6.6,51.092,2.999,15.0,2025-03-24 16:49:00,14.72,12.0,84.0,998.31,7.24,9.33,WSW,247.0,0.0,76.0,0.0,weather_underground,,
IICHTE19,WeerstationBS,other,EasyWeatherV1.6.6,51.092,2.999,15.0,2025-03-24 16:54:00,14.72,11.83,83.0,998.31,12.07,14.81,WSW,247.0,0.0,43.5,0.0,weather_underground,,
IICHTE19,WeerstationBS,other,EasyWeatherV1.6.6,51.092,2.999,15.0,2025-03-24 16:59:00,14.78,11.72,82.0,998.31,10.78,13.04,WSW,247.0,0.0,70.1,0.0,weather_underground,,
IICHTE19,WeerstationBS,other,EasyWeatherV1.6.6,51.092,2.999,15.0,2025-03-24 17:04:00,14.78,11.67,81.0,998.31,9.33,12.07,WSW,247.0,0.0,83.4,0.0,weather_underground,,
IICHTE19,WeerstationBS,other,EasyWeatherV1.6.6,51.092,2.999,15.0,2025-03-24 17:09:00,14.83,11.72,81.0,998.31,9.5,12.07,WSW,247.0,0.0,74.6,0.0,weather_underground,,
IICHTE19,WeerstationBS,other,EasyWeatherV1.6.6,51.092,2.999,15.0,2025-03-24 17:14:00,14.72,11.94,84.0,998.31,6.28,7.72,WSW,247.0,7.87,32.3,0.0,weather_underground,,
IICHTE19,WeerstationBS,other,EasyWeatherV1.6.6,51.092,2.999,15.0,2025-03-24 17:19:00,14.28,12.17,87.0,998.31,4.18,5.31,West,,7.87,57.2,0.0,weather_underground,,
IICHTE19,WeerstationBS,other,EasyWeatherV1.6.6,51.092,2.999,15.0,2025-03-24 17:24:00,14.06,12.06,88.0,998.31,7.72,9.5,WSW,247.0,7.87,21.4,0.0,weather_underground,,
IICHTE19,WeerstationBS,other,EasyWeatherV1.6.6,51.092,2.999,15.0,2025-03-24 17:29:00,13.78,11.83,88.0,998.31,10.78,13.2,WSW,247.0,3.05,30.5,0.0,weather_underground,,
IICHTE19,WeerstationBS,other,EasyWeatherV1.6.6,51.092,2.999,15.0,2025-03-24 17:34:00,13.5,11.78,89.0,997.97,8.05,10.14,WSW,247.0,3.05,36.1,0.0,weather_underground,,
IICHTE19,WeerstationBS,other,EasyWeatherV1.6.6,51.092,2.999,15.0,2025-03-24 17:39:00,13.5,11.89,90.0,997.97,6.44,8.05,WSW,247.0,3.05,32.5,0.0,weather_underground,,
IICHTE19,WeerstationBS,other,EasyWeatherV1.6.6,51.092,2.999,15.0,2025-03-24 17:44:00,13.67,12.06,90.0,997.97,6.44,8.21,WSW,247.0,0.0,94.6,0.0,weather_underground,,
IICHTE19,WeerstationBS,other,EasyWeatherV1.6.6,51.092,2.999,15.0,2025-03-24 17:49:00,14.22,12.44,89.0,997.97,8.21,10.3,WSW,247.0,0.0,108.4,1.0,weather_underground,,
IICHTE19,WeerstationBS,other,EasyWeatherV1.6.6,51.092,2.999,15.0,2025-03-24 17:54:00,14.22,12.17,88.0,997.97,10.62,13.52,WSW,247.0,0.0,106.5,1.0,weather_underground,,
IICHTE19,WeerstationBS,other,EasyWeatherV1.6.6,51.092,2.999,15.0,2025-03-24 17:59:00,14.17,12.06,87.0,997.97,8.69,10.94,WSW,247.0,0.0,57.4,0.0,weather_underground,,
IICHTE19,WeerstationBS,other,EasyWeatherV1.6.6,51.092,2.999,15.0,2025-03-24 18:04:00,13.89,11.78,87.0,997.97,8.05,10.14,WSW,247.0,0.0,53.8,0.0,weather_underground,,
IICHTE19,WeerstationBS,other,EasyWeatherV1.6.6,51.092,2.999,15.0,2025-03-24 18:09:00,13.83,11.72,87.0,997.97,7.89,10.14,WSW,247.0,0.0,40.1,0.0,weather_underground,,
IICHTE19,WeerstationBS,other,EasyWeatherV1.6.6,51.092,2.999,15.0,2025-03-24 18:14:00,13.72,11.61,87.0,997.97,9.01,11.43,WSW,247.0,0.0,27.2,0.0,weather_underground,,
IICHTE19,WeerstationBS,other,EasyWeatherV1.6.6,51.092,2.999,15.0,2025-03-24 18:19:00,13.78,11.5,86.0,997.97,8.05,9.98,WSW,247.0,0.0,22.7,0.0,weather_underground,,
IICHTE19,WeerstationBS,other,EasyWeatherV1.6.6,51.092,2.999,15.0,2025-03-24 18:24:00,13.72,11.39,86.0,997.97,6.76,8.37,WSW,247.0,0.0,21.3,0.0,weather_underground,,
IICHTE19,WeerstationBS,other,EasyWeatherV1.6.6,51.092,2.999,15.0,2025-03-24 18:29:00,13.67,11.33,86.0,997.63,8.05,9.82,WSW,247.0,0.0,20.2,0.0,weather_underground,,
IICHTE19,WeerstationBS,other,EasyWeatherV1.6.6,51.092,2.999,15.0,2025-03-24 18:34:00,13.72,11.28,86.0,997.97,6.44,7.89,WSW,247.0,0.0,14.4,0.0,weather_underground,,
IICHTE19,WeerstationBS,other,EasyWeatherV1.6.6,51.092,2.999,15.0,2025-03-24 18:39:00,13.72,11.28,85.0,997.97,7.4,9.33,WSW,247.0,0.0,8.0,0.0,weather_underground,,
IICHTE19,WeerstationBS,other,EasyWeatherV1.6.6,51.092,2.999,15.0,2025-03-24 18:44:00,13.72,11.28,85.0,997.97,6.28,7.89,WSW,247.0,0.0,10.5,0.0,weather_underground,,
IICHTE19,WeerstationBS,other,EasyWeatherV1.6.6,51.092,2.999,15.0,2025-03-24 18:49:00,13.61,11.28,86.0,997.97,6.6,8.69,WSW,247.0,0.0,10.8,0.0,weather_underground,,
IICHTE19,WeerstationBS,other,EasyWeatherV1.6.6,51.092,2.999,15.0,2025-03-24 18:54:00,13.56,11.17,86.0,997.97,6.12,7.56,WSW,247.0,0.0,10.3,0.0,weather_underground,,
IICHTE19,WeerstationBS,other,EasyWeatherV1.6.6,51.092,2.999,15.0,2025-03-24 18:59:00,13.5,11.22,86.0,997.97,6.6,8.05,WSW,247.0,0.0,9.6,0.0,weather_underground,,
IICHTE19,WeerstationBS,other,EasyWeatherV1.6.6,51.092,2.999,15.0,2025-03-24 19:04:00,13.44,11.06,86.0,997.63,9.33,11.59,WSW,247.0,0.0,6.8,0.0,weather_underground,,
IICHTE19,WeerstationBS,other,EasyWeatherV1.6.6,51.092,2.999,15.0,2025-03-24 19:09:00,13.39,10.89,85.0,997.97,10.78,13.52,WSW,247.0,0.0,5.7,0.0,weather_underground,,
IICHTE19,WeerstationBS,other,EasyWeatherV1.6.6,51.092,2.999,15.0,2025-03-24 19:14:00,13.39,10.89,85.0,997.97,11.43,14.0,WSW,247.0,0.0,4.7,0.0,weather_underground,,
IICHTE19,WeerstationBS,other,EasyWeatherV1.6.6,51.092,2.999,15.0,2025-03-24 19:19:00,13.39,10.94,85.0,997.97,11.1,13.84,West,,0.0,3.8,0.0,weather_underground,,
IICHTE19,WeerstationBS,other,EasyWeatherV1.6.6,51.092,2.999,15.0,2025-03-24 19:24:00,13.28,11.0,86.0,997.97,9.66,12.23,WSW,247.0,0.0,2.8,0.0,weather_underground,,
IICHTE19,WeerstationBS,other,EasyWeatherV1.6.6,51.092,2.999,15.0,2025-03-24 19:29:00,13.17,11.06,87.0,997.97,8.05,10.46,WSW,247.0,0.0,2.0,0.0,weather_underground,,
IICHTE19,WeerstationBS,other,EasyWeatherV1.6.6,51.092,2.999,15.0,2025-03-24 19:34:00,13.06,10.94,87.0,997.97,7.4,9.01,WSW,247.0,0.0,1.3,0.0,weather_underground,,
IICHTE19,WeerstationBS,other,EasyWeatherV1.6.6,51.092,2.999,15.0,2025-03-24 19:39:00,12.89,10.89,88.0,997.97,8.37,10.3,WSW,247.0,0.0,0.6,0.0,weather_underground,,
IICHTE19,WeerstationBS,other,EasyWeatherV1.6.6,51.092,2.999,15.0,2025-03-24 19:44:00,12.78,10.72,87.0,997.97,7.08,8.69,WSW,247.0,0.0,0.3,0.0,weather_underground,,
IICHTE19,WeerstationBS,other,EasyWeatherV1.6.6,51.092,2.999,15.0,2025-03-24 19:49:00,12.78,10.78,88.0,997.97,7.24,9.01,WSW,247.0,0.0,0.1,0.0,weather_underground,,
IICHTE19,WeerstationBS,other,EasyWeatherV1.6.6,51.092,2.999,15.0,2025-03-24 19:54:00,12.72,10.78,88.0,997.97,6.6,8.21,WSW,247.0,0.0,0.0,0.0,weather_underground,,
IICHTE19,WeerstationBS,other,EasyWeatherV1.6.6,51.092,2.999,15.0,2025-03-24 19:59:00,12.72,10.89,89.0,997.97,7.4,9.33,WSW,247.0,0.0,0.0,0.0,weather_underground,,
IICHTE19,WeerstationBS,other,EasyWeatherV1.6.6,51.092,2.999,15.0,2025-03-24 20:04:00,12.61,10.94,90.0,997.97,6.76,8.37,WSW,247.0,1.27,0.0,0.0,weather_underground,,
IICHTE19,WeerstationBS,other,EasyWeatherV1.6.6,51.092,2.999,15.0,2025-03-24 20:09:00,12.5,10.89,90.0,997.63,6.76,8.85,WSW,247.0,1.27,0.0,0.0,weather_underground,,
IICHTE19,WeerstationBS,other,EasyWeatherV1.6.6,51.092,2.999,15.0,2025-03-24 20:14:00,12.44,10.83,90.0,997.63,7.72,9.17,WSW,247.0,1.27,0.0,0.0,weather_underground,,
IICHTE19,WeerstationBS,other,EasyWeatherV1.6.6,51.092,2.999,15.0,2025-03-24 20:19:00,12.39,10.78,90.0,997.63,5.79,7.72,WSW,247.0,0.0,0.0,0.0,weather_underground,,
IICHTE19,WeerstationBS,other,EasyWeatherV1.6.6,51.092,2.999,15.0,2025-03-24 20:24:00,12.28,10.67,90.0,997.63,6.44,8.21,WSW,247.0,0.0,0.0,0.0,weather_underground,,
IICHTE19,WeerstationBS,other,EasyWeatherV1.6.6,51.092,2.999,15.0,2025-03-24 20:29:00,12.22,10.67,91.0,997.63,6.28,8.37,WSW,247.0,0.0,0.0,0.0,weather_underground,,
IICHTE19,WeerstationBS,other,EasyWeatherV1.6.6,51.092,2.999,15.0,2025-03-24 20:34:00,12.11,10.72,91.0,997.63,5.15,6.44,WSW,247.0,1.78,0.0,0.0,weather_underground,,
IICHTE19,WeerstationBS,other,EasyWeatherV1.6.6,51.092,2.999,15.0,2025-03-24 20:39:00,12.06,10.78,92.0,997.63,5.95,7.56,WSW,247.0,1.78,0.0,0.0,weather_underground,,
IICHTE19,WeerstationBS,other,EasyWeatherV1.6.6,51.092,2.999,15.0,2025-03-24 20:44:00,12.0,10.78,92.0,997.63,5.15,6.44,WSW,247.0,1.78,0.0,0.0,weather_underground,,
IICHTE19,WeerstationBS,other,EasyWeatherV1.6.6,51.092,2.999,15.0,2025-03-24 20:49:00,12.0,10.89,93.0,997.63,4.99,6.6,WSW,247.0,0.0,0.0,0.0,weather_underground,,
IICHTE19,WeerstationBS,other,EasyWeatherV1.6.6,51.092,2.999,15.0,2025-03-24 20:54:00,11.94,10.83,93.0,997.63,4.83,5.95,WSW,247.0,0.0,0.0,0.0,weather_underground,,
IICHTE19,WeerstationBS,other,EasyWeatherV1.6.6,51.092,2.999,15.0,2025-03-24 20:59:00,11.89,10.89,94.0,997.63,4.02,4.83,WSW,247.0,1.27,0.0,0.0,weather_underground,,
IICHTE19,WeerstationBS,other,EasyWeatherV1.6.6,51.092,2.999,15.0,2025-03-24 21:04:00,11.89,10.89,94.0,997.63,2.9,3.54,WSW,247.0,1.27,0.0,0.0,weather_underground,,
IICHTE19,WeerstationBS,other,EasyWeatherV1.6.6,51.092,2.999,15.0,2025-03-24 21:09:00,11.83,10.83,94.0,997.29,3.22,4.35,WSW,247.0,1.27,0.0,0.0,weather_underground,,
IICHTE19,WeerstationBS,other,EasyWeatherV1.6.6,51.092,2.999,15.0,2025-03-24 21:14:00,11.78,10.78,94.0,997.29,3.22,4.18,WSW,247.0,1.78,0.0,0.0,weather_underground,,
IICHTE19,WeerstationBS,other,EasyWeatherV1.6.6,51.092,2.999,15.0,2025-03-24 21:19:00,11.78,10.89,95.0,997.29,3.22,4.18,WSW,247.0,1.78,0.0,0.0,weather_underground,,
IICHTE19,WeerstationBS,other,EasyWeatherV1.6.6,51.092,2.999,15.0,2025-03-24 21:24:00,11.72,10.89,95.0,997.29,2.09,3.22,WSW,247.0,1.78,0.0,0.0,weather_underground,,
IICHTE19,WeerstationBS,other,EasyWeatherV1.6.6,51.092,2.999,15.0,2025-03-24 21:29:00,11.61,10.78,95.0,997.29,1.29,1.77,WSW,247.0,0.0,0.0,0.0,weather_underground,,
IICHTE19,WeerstationBS,other,EasyWeatherV1.6.6,51.092,2.999,15.0,2025-03-24 21:34:00,11.56,10.72,95.0,997.29,0.16,0.64,WSW,247.0,0.0,0.0,0.0,weather_underground,,
IICHTE19,WeerstationBS,other,EasyWeatherV1.6.6,51.092,2.999,15.0,2025-03-24 21:39:00,11.39,10.61,95.0,997.29,0.97,1.77,WSW,247.0,0.0,0.0,0.0,weather_underground,,
IICHTE19,WeerstationBS,other,EasyWeatherV1.6.6,51.092,2.999,15.0,2025-03-24 21:44:00,11.39,10.61,95.0,997.29,0.8,1.13,WSW,247.0,0.0,0.0,0.0,weather_underground,,
IICHTE19,WeerstationBS,other,EasyWeatherV1.6.6,51.092,2.999,15.0,2025-03-24 21:49:00,11.28,10.5,95.0,997.29,0.8,1.29,WSW,247.0,0.0,0.0,0.0,weather_underground,,
IICHTE19,WeerstationBS,other,EasyWeatherV1.6.6,51.092,2.999,15.0,2025-03-24 21:54:00,11.22,10.39,95.0,996.95,1.13,1.61,WSW,247.0,0.0,0.0,0.0,weather_underground,,
IICHTE19,WeerstationBS,other,EasyWeatherV1.6.6,51.092,2.999,15.0,2025-03-24 21:59:00,11.11,10.28,95.0,997.29,0.16,0.48,WSW,247.0,0.0,0.0,0.0,weather_underground,,
IICHTE19,WeerstationBS,other,EasyWeatherV1.6.6,51.092,2.999,15.0,2025-03-24 22:04:00,11.11,10.28,95.0,997.29,1.13,2.09,WSW,247.0,0.0,0.0,0.0,weather_underground,,
IICHTE19,WeerstationBS,other,EasyWeatherV1.6.6,51.092,2.999,15.0,2025-03-24 22:09:00,11.22,10.44,95.0,997.29,2.25,2.9,WSW,247.0,0.0,0.0,0.0,weather_underground,,
IICHTE19,WeerstationBS,other,EasyWeatherV1.6.6,51.092,2.999,15.0,2025-03-24 22:14:00,11.22,10.5,95.0,997.29,2.57,3.86,WSW,247.0,0.0,0.0,0.0,weather_underground,,
IICHTE19,WeerstationBS,other,EasyWeatherV1.6.6,51.092,2.999,15.0,2025-03-24 22:19:00,11.33,10.61,95.0,997.29,2.74,3.7,WSW,247.0,0.0,0.0,0.0,weather_underground,,
IICHTE19,WeerstationBS,other,EasyWeatherV1.6.6,51.092,2.999,15.0,2025-03-24 22:24:00,11.28,10.5,95.0,997.29,0.8,1.29,WSW,247.0,0.0,0.0,0.0,weather_underground,,
IICHTE19,WeerstationBS,other,EasyWeatherV1.6.6,51.092,2.999,15.0,2025-03-24 22:29:00,11.22,10.44,95.0,997.29,0.48,1.13,SW,225.0,0.0,0.0,0.0,weather_underground,,
IICHTE19,WeerstationBS,other,EasyWeatherV1.6.6,51.092,2.999,15.0,2025-03-24 22:34:00,11.11,10.44,96.0,997.29,0.48,1.13,SW,225.0,0.0,0.0,0.0,weather_underground,,
IICHTE19,WeerstationBS,other,EasyWeatherV1.6.6,51.092,2.999,15.0,2025-03-24 22:39:00,11.11,10.5,96.0,997.29,0.32,0.97,SSW,202.0,0.0,0.0,0.0,weather_underground,,
IICHTE19,WeerstationBS,other,EasyWeatherV1.6.6,51.092,2.999,15.0,2025-03-24 22:44:00,11.06,10.44,96.0,997.29,0.48,0.97,SSW,202.0,0.0,0.0,0.0,weather_underground,,
IICHTE19,WeerstationBS,other,EasyWeatherV1.6.6,51.092,2.999,15.0,2025-03-24 22:49:00,11.06,10.44,96.0,997.29,2.57,3.38,SSW,202.0,0.0,0.0,0.0,weather_underground,,
IICHTE19,WeerstationBS,other,EasyWeatherV1.6.6,51.092,2.999,15.0,2025-03-24 22:54:00,11.06,10.44,96.0,997.29,1.77,2.9,SSW,202.0,0.0,0.0,0.0,weather_underground,,
IICHTE19,WeerstationBS,other,EasyWeatherV1.6.6,51.092,2.999,15.0,2025-03-24 22:59:00,10.89,10.28,96.0,997.29,2.09,3.38,SSW,202.0,0.0,0.0,0.0,weather_underground,,
IICHTE19,WeerstationBS,other,EasyWeatherV1.6.6,51.092,2.999,15.0,2025-03-24 23:04:00,10.89,10.28,96.0,997.29,1.13,1.93,SW,225.0,0.0,0.0,0.0,weather_underground,,
IICHTE19,WeerstationBS,other,EasyWeatherV1.6.6,51.092,2.999,15.0,2025-03-24 23:09:00,10.78,10.17,96.0,997.29,0.8,1.29,SSW,202.0,0.0,0.0,0.0,weather_underground,,
IICHTE19,WeerstationBS,other,EasyWeatherV1.6.6,51.092,2.999,15.0,2025-03-24 23:14:00,10.78,10.22,96.0,997.29,1.93,2.9,SSW,202.0,0.0,0.0,0.0,weather_underground,,
IICHTE19,WeerstationBS,other,EasyWeatherV1.6.6,51.092,2.999,15.0,2025-03-24 23:19:00,10.78,10.17,96.0,997.29,1.61,2.25,SSW,202.0,0.0,0.0,0.0,weather_underground,,
IICHTE19,WeerstationBS,other,EasyWeatherV1.6.6,51.092,2.999,15.0,2025-03-24 23:24:00,10.72,10.11,96.0,997.29,2.25,3.22,South,,0.0,0.0,0.0,weather_underground,,
IICHTE19,WeerstationBS,other,EasyWeatherV1.6.6,51.092,2.999,15.0,2025-03-24 23:29:00,10.61,10.0,96.0,997.29,1.61,2.41,SSW,202.0,0.0,0.0,0.0,weather_underground,,
IICHTE19,WeerstationBS,other,EasyWeatherV1.6.6,51.092,2.999,15.0,2025-03-24 23:34:00,10.5,9.89,96.0,997.29,2.57,3.22,South,,0.0,0.0,0.0,weather_underground,,
IICHTE19,WeerstationBS,other,EasyWeatherV1.6.6,51.092,2.999,15.0,2025-03-24 23:39:00,10.61,10.0,96.0,997.29,3.38,4.51,South,,0.0,0.0,0.0,weather_underground,,
IICHTE19,WeerstationBS,other,EasyWeatherV1.6.6,51.092,2.999,15.0,2025-03-24 23:44:00,10.72,10.11,96.0,997.29,2.74,3.86,South,,0.0,0.0,0.0,weather_underground,,
IICHTE19,WeerstationBS,other,EasyWeatherV1.6.6,51.092,2.999,15.0,2025-03-24 23:49:00,10.72,10.11,96.0,997.63,2.57,3.7,South,,0.0,0.0,0.0,weather_underground,,
IICHTE19,WeerstationBS,other,EasyWeatherV1.6.6,51.092,2.999,15.0,2025-03-24 23:54:00,10.72,10.22,96.0,997.29,3.54,4.83,South,,0.0,0.0,0.0,weather_underground,,
IICHTE19,WeerstationBS,other,EasyWeatherV1.6.6,51.092,2.999,15.0,2025-03-24 23:59:00,10.72,10.11,96.0,997.63,3.22,4.51,South,,0.0,0.0,0.0,weather_underground,,
IICHTE19,WeerstationBS,other,EasyWeatherV1.6.6,51.092,2.999,15.0,,,,,,,,,,,,,weather_underground,,
IICHTE19,WeerstationBS,other,EasyWeatherV1.6.6,51.092,2.999,15.0,2025-03-24 00:04:00,10.67,10.11,96.0,997.63,2.25,3.06,South,,0.0,0.0,0.0,weather_underground,,
IICHTE19,WeerstationBS,other,EasyWeatherV1.6.6,51.092,2.999,15.0,2025-03-24 00:09:00,10.61,10.17,97.0,997.63,1.61,2.41,South,,0.0,0.0,0.0,weather_underground,,
IICHTE19,WeerstationBS,other,EasyWeatherV1.6.6,51.092,2.999,15.0,2025-03-24 00:14:00,10.56,10.0,96.0,997.97,1.61,2.74,South,,0.0,0.0,0.0,weather_underground,,
IICHTE19,WeerstationBS,other,EasyWeatherV1.6.6,51.092,2.999,15.0,2025-03-24 00:19:00,10.39,10.0,97.0,997.97,1.77,2.41,South,,0.0,0.0,0.0,weather_underground,,
IICHTE19,WeerstationBS,other,EasyWeatherV1.6.6,51.092,2.999,15.0,2025-03-24 00:24:00,10.39,10.0,97.0,997.97,1.93,2.74,South,,0.0,0.0,0.0,weather_underground,,
IICHTE19,WeerstationBS,other,EasyWeatherV1.6.6,51.092,2.999,15.0,2025-03-24 00:29:00,10.39,10.0,97.0,997.97,1.77,2.41,SSW,202.0,0.0,0.0,0.0,weather_underground,,
IICHTE19,WeerstationBS,other,EasyWeatherV1.6.6,51.092,2.999,15.0,2025-03-24 00:34:00,10.28,9.89,97.0,997.63,1.61,2.41,SSW,202.0,0.0,0.0,0.0,weather_underground,,
IICHTE19,WeerstationBS,other,EasyWeatherV1.6.6,51.092,2.999,15.0,2025-03-24 00:39:00,10.22,9.83,97.0,997.97,1.77,2.74,SSW,202.0,0.0,0.0,0.0,weather_underground,,
IICHTE19,WeerstationBS,other,EasyWeatherV1.6.6,51.092,2.999,15.0,2025-03-24 00:44:00,10.06,9.67,97.0,997.97,0.97,1.77,SSW,202.0,0.0,0.0,0.0,weather_underground,,
IICHTE19,WeerstationBS,other,EasyWeatherV1.6.6,51.092,2.999,15.0,2025-03-24 00:49:00,9.89,9.5,97.0,997.97,1.13,1.77,SSW,202.0,0.0,0.0,0.0,weather_underground,,
IICHTE19,WeerstationBS,other,EasyWeatherV1.6.6,51.092,2.999,15.0,2025-03-24 00:54:00,10.06,9.67,97.0,997.97,1.29,1.93,SSW,202.0,0.0,0.0,0.0,weather_underground,,
IICHTE19,WeerstationBS,other,EasyWeatherV1.6.6,51.092,2.999,15.0,2025-03-24 00:59:00,10.11,9.72,97.0,997.97,0.8,1.45,SSW,202.0,0.0,0.0,0.0,weather_underground,,
IICHTE19,WeerstationBS,other,EasyWeatherV1.6.6,51.092,2.999,15.0,2025-03-24 01:04:00,10.11,9.72,97.0,997.97,0.97,1.45,SSW,202.0,0.0,0.0,0.0,weather_underground,,
IICHTE19,WeerstationBS,other,EasyWeatherV1.6.6,51.092,2.999,15.0,2025-03-24 01:09:00,10.0,9.61,97.0,997.97,1.13,1.77,SSW,202.0,0.0,0.0,0.0,weather_underground,,
IICHTE19,WeerstationBS,other,EasyWeatherV1.6.6,51.092,2.999,15.0,2025-03-24 01:14:00,9.83,9.44,97.0,998.31,1.13,1.77,South,,0.0,0.0,0.0,weather_underground,,
IICHTE19,WeerstationBS,other,EasyWeatherV1.6.6,51.092,2.999,15.0,2025-03-24 01:19:00,10.0,9.61,97.0,998.31,1.29,1.61,SSW,202.0,0.0,0.0,0.0,weather_underground,,
IICHTE19,WeerstationBS,other,EasyWeatherV1.6.6,51.092,2.999,15.0,2025-03-24 01:24:00,10.06,9.67,97.0,998.31,2.25,2.74,South,,0.0,0.0,0.0,weather_underground,,
IICHTE19,WeerstationBS,other,EasyWeatherV1.6.6,51.092,2.999,15.0,2025-03-24 01:29:00,10.06,9.67,97.0,998.31,1.13,1.93,SSW,202.0,0.0,0.0,0.0,weather_underground,,
IICHTE19,WeerstationBS,other,EasyWeatherV1.6.6,51.092,2.999,15.0,2025-03-24 01:34:00,9.89,9.5,97.0,998.31,1.13,1.77,SSE,157.0,0.0,0.0,0.0,weather_underground,,
IICHTE19,WeerstationBS,other,EasyWeatherV1.6.6,51.092,2.999,15.0,2025-03-24 01:39:00,9.89,9.5,97.0,998.31,1.77,2.74,SSE,157.0,0.0,0.0,0.0,weather_underground,,
IICHTE19,WeerstationBS,other,EasyWeatherV1.6.6,51.092,2.999,15.0,2025-03-24 01:44:00,10.06,9.67,97.0,998.31,2.09,2.9,South,,0.0,0.0,0.0,weather_underground,,
IICHTE19,WeerstationBS,other,EasyWeatherV1.6.6,51.092,2.999,15.0,2025-03-24 01:49:00,10.06,9.67,97.0,998.65,0.97,1.77,SSW,202.0,0.0,0.0,0.0,weather_underground,,
IICHTE19,WeerstationBS,other,EasyWeatherV1.6.6,51.092,2.999,15.0,2025-03-24 01:54:00,10.06,9.67,97.0,998.65,1.13,1.93,East,,0.0,0.0,0.0,weather_underground,,
IICHTE19,WeerstationBS,other,EasyWeatherV1.6.6,51.092,2.999,15.0,2025-03-24 01:59:00,10.06,9.67,97.0,998.65,0.48,0.8,SE,135.0,0.0,0.0,0.0,weather_underground,,
IICHTE19,WeerstationBS,other,EasyWeatherV1.6.6,51.092,2.999,15.0,2025-03-24 02:04:00,10.22,9.78,97.0,998.99,0.97,1.93,SSE,157.0,0.0,0.0,0.0,weather_underground,,
IICHTE19,WeerstationBS,other,EasyWeatherV1.6.6,51.092,2.999,15.0,2025-03-24 02:09:00,10.28,9.83,97.0,998.99,0.64,1.29,South,,0.0,0.0,0.0,weather_underground,,
IICHTE19,WeerstationBS,other,EasyWeatherV1.6.6,51.092,2.999,15.0,2025-03-24 02:14:00,10.33,9.94,97.0,998.99,0.16,0.32,South,,0.0,0.0,0.0,weather_underground,,
IICHTE19,WeerstationBS,other,EasyWeatherV1.6.6,51.092,2.999,15.0,2025-03-24 02:19:00,10.44,10.06,97.0,998.99,1.61,2.09,SE,135.0,0.0,0.0,0.0,weather_underground,,
IICHTE19,WeerstationBS,other,EasyWeatherV1.6.6,51.092,2.999,15.0,2025-03-24 02:24:00,10.61,10.22,97.0,998.99,1.13,1.93,SSE,157.0,0.0,0.0,0.0,weather_underground,,
IICHTE19,WeerstationBS,other,EasyWeatherV1.6.6,51.092,2.999,15.0,2025-03-24 02:29:00,10.72,10.28,97.0,999.32,1.61,2.41,SE,135.0,0.0,0.0,0.0,weather_underground,,
IICHTE19,WeerstationBS,other,EasyWeatherV1.6.6,51.092,2.999,15.0,2025-03-24 02:34:00,10.72,10.28,97.0,999.32,1.29,2.25,SSE,157.0,0.0,0.0,0.0,weather_underground,,
IICHTE19,WeerstationBS,other,EasyWeatherV1.6.6,51.092,2.999,15.0,2025-03-24 02:39:00,10.78,10.33,97.0,999.32,1.45,2.09,SSE,157.0,0.0,0.0,0.0,weather_underground,,
IICHTE19,WeerstationBS,other,EasyWeatherV1.6.6,51.092,2.999,15.0,2025-03-24 02:44:00,10.78,10.39,97.0,999.32,0.48,0.97,SE,135.0,0.0,0.0,0.0,weather_underground,,
IICHTE19,WeerstationBS,other,EasyWeatherV1.6.6,51.092,2.999,15.0,2025-03-24 02:49:00,10.78,10.39,97.0,999.32,0.8,1.45,South,,0.0,0.0,0.0,weather_underground,,
IICHTE19,WeerstationBS,other,EasyWeatherV1.6.6,51.092,2.999,15.0,2025-03-24 02:54:00,10.78,10.39,97.0,999.32,1.77,2.57,SSE,157.0,0.0,0.0,0.0,weather_underground,,
IICHTE19,WeerstationBS,other,EasyWeatherV1.6.6,51.092,2.999,15.0,2025-03-24 02:59:00,10.78,10.39,97.0,999.32,1.29,1.93,South,,0.0,0.0,0.0,weather_underground,,
IICHTE19,WeerstationBS,other,EasyWeatherV1.6.6,51.092,2.999,15.0,2025-03-24 03:04:00,10.78,10.39,97.0,999.66,1.13,1.61,South,,0.0,0.0,0.0,weather_underground,,
IICHTE19,WeerstationBS,other,EasyWeatherV1.6.6,51.092,2.999,15.0,2025-03-24 03:09:00,10.78,10.39,97.0,999.66,1.13,1.93,South,,0.0,0.0,0.0,weather_underground,,
IICHTE19,WeerstationBS,other,EasyWeatherV1.6.6,51.092,2.999,15.0,2025-03-24 03:14:00,10.78,10.39,97.0,999.32,1.77,2.41,SSE,157.0,0.0,0.0,0.0,weather_underground,,
IICHTE19,WeerstationBS,other,EasyWeatherV1.6.6,51.092,2.999,15.0,2025-03-24 03:19:00,10.78,10.39,97.0,999.32,1.29,1.61,South,,0.0,0.0,0.0,weather_underground,,
IICHTE19,WeerstationBS,other,EasyWeatherV1.6.6,51.092,2.999,15.0,2025-03-24 03:24:00,10.78,10.39,97.0,999.32,1.93,2.9,South,,0.0,0.0,0.0,weather_underground,,
IICHTE19,WeerstationBS,other,EasyWeatherV1.6.6,51.092,2.999,15.0,2025-03-24 03:29:00,10.72,10.33,97.0,999.32,2.41,3.54,South,,0.0,0.0,0.0,weather_underground,,
IICHTE19,WeerstationBS,other,EasyWeatherV1.6.6,51.092,2.999,15.0,2025-03-24 03:34:00,10.61,10.22,97.0,999.32,2.41,3.22,South,,0.0,0.0,0.0,weather_underground,,
IICHTE19,WeerstationBS,other,EasyWeatherV1.6.6,51.092,2.999,15.0,2025-03-24 03:39:00,10.39,10.0,97.0,999.32,0.64,1.29,SSW,202.0,0.0,0.0,0.0,weather_underground,,
IICHTE19,WeerstationBS,other,EasyWeatherV1.6.6,51.092,2.999,15.0,2025-03-24 03:44:00,10.22,9.78,97.0,999.32,0.16,0.48,SSW,202.0,0.0,0.0,0.0,weather_underground,,
IICHTE19,WeerstationBS,other,EasyWeatherV1.6.6,51.092,2.999,15.0,2025-03-24 03:49:00,10.0,9.61,97.0,999.66,0.0,0.0,SSW,202.0,0.0,0.0,0.0,weather_underground,,
IICHTE19,WeerstationBS,other,EasyWeatherV1.6.6,51.092,2.999,15.0,2025-03-24 03:54:00,9.83,9.44,97.0,999.32,0.8,1.61,WSW,247.0,0.0,0.0,0.0,weather_underground,,
IICHTE19,WeerstationBS,other,EasyWeatherV1.6.6,51.092,2.999,15.0,2025-03-24 03:59:00,9.39,9.0,97.0,999.66,1.29,1.77,West,,0.0,0.0,0.0,weather_underground,,
IICHTE19,WeerstationBS,other,EasyWeatherV1.6.6,51.092,2.999,15.0,2025-03-24 04:04:00,8.83,8.44,97.0,999.66,0.48,1.29,West,,0.0,0.0,0.0,weather_underground,,
IICHTE19,WeerstationBS,other,EasyWeatherV1.6.6,51.092,2.999,15.0,2025-03-24 04:09:00,8.78,8.39,97.0,999.66,0.0,0.0,West,,0.0,0.0,0.0,weather_underground,,
IICHTE19,WeerstationBS,other,EasyWeatherV1.6.6,51.092,2.999,15.0,2025-03-24 04:14:00,8.83,8.5,97.0,999.66,0.0,0.0,SW,225.0,0.0,0.0,0.0,weather_underground,,
IICHTE19,WeerstationBS,other,EasyWeatherV1.6.6,51.092,2.999,15.0,2025-03-24 04:19:00,9.44,9.06,97.0,999.66,0.0,0.0,SW,225.0,0.0,0.0,0.0,weather_underground,,
IICHTE19,WeerstationBS,other,EasyWeatherV1.6.6,51.092,2.999,15.0,2025-03-24 04:24:00,9.11,8.67,97.0,1000.0,0.0,0.0,SW,225.0,0.0,0.0,0.0,weather_underground,,
IICHTE19,WeerstationBS,other,EasyWeatherV1.6.6,51.092,2.999,15.0,2025-03-24 04:29:00,9.0,8.61,97.0,1000.0,0.32,0.64,WSW,247.0,0.0,0.0,0.0,weather_underground,,
IICHTE19,WeerstationBS,other,EasyWeatherV1.6.6,51.092,2.999,15.0,2025-03-24 04:34:00,9.0,8.61,97.0,1000.0,3.38,3.38,WNW,292.0,0.0,0.0,0.0,weather_underground,,
IICHTE19,WeerstationBS,other,EasyWeatherV1.6.6,51.092,2.999,15.0,2025-03-24 04:39:00,9.11,8.72,97.0,1000.0,1.77,2.09,West,,0.0,0.0,0.0,weather_underground,,
IICHTE19,WeerstationBS,other,EasyWeatherV1.6.6,51.092,2.999,15.0,2025-03-24 04:44:00,8.78,8.39,97.0,1000.0,0.32,0.8,West,,0.0,0.0,0.0,weather_underground,,
IICHTE19,WeerstationBS,other,EasyWeatherV1.6.6,51.092,2.999,15.0,2025-03-24 04:49:00,8.61,8.22,97.0,1000.0,0.97,1.77,West,,0.0,0.0,0.0,weather_underground,,
IICHTE19,WeerstationBS,other,EasyWeatherV1.6.6,51.092,2.999,15.0,2025-03-24 04:54:00,8.72,8.28,97.0,1000.34,0.8,1.45,West,,0.0,0.0,0.0,weather_underground,,
IICHTE19,WeerstationBS,other,EasyWeatherV1.6.6,51.092,2.999,15.0,2025-03-24 04:59:00,8.28,7.89,97.0,1000.34,0.0,0.16,West,,0.0,0.0,0.0,weather_underground,,
IICHTE19,WeerstationBS,other,EasyWeatherV1.6.6,51.092,2.999,15.0,2025-03-24 05:04:00,8.28,7.83,97.0,1000.34,0.32,0.48,West,,1.27,0.0,0.0,weather_underground,,
IICHTE19,WeerstationBS,other,EasyWeatherV1.6.6,51.092,2.999,15.0,2025-03-24 05:09:00,8.28,7.89,97.0,1000.34,0.16,0.16,West,,1.27,0.0,0.0,weather_underground,,
IICHTE19,WeerstationBS,other,EasyWeatherV1.6.6,51.092,2.999,15.0,2025-03-24 05:14:00,8.17,7.72,97.0,1000.34,0.0,0.0,West,,1.27,0.0,0.0,weather_underground,,
IICHTE19,WeerstationBS,other,EasyWeatherV1.6.6,51.092,2.999,15.0,2025-03-24 05:19:00,8.17,7.72,97.0,1000.34,0.0,0.0,West,,0.0,0.0,0.0,weather_underground,,
IICHTE19,WeerstationBS,other,EasyWeatherV1.6.6,51.092,2.999,15.0,2025-03-24 05:24:00,8.22,7.78,97.0,1000.34,0.48,0.8,South,,0.0,0.0,0.0,weather_underground,,
IICHTE19,WeerstationBS,other,EasyWeatherV1.6.6,51.092,2.999,15.0,2025-03-24 05:29:00,8.33,7.94,97.0,1000.68,1.77,2.57,ESE,112.0,0.0,0.0,0.0,weather_underground,,
IICHTE19,WeerstationBS,other,EasyWeatherV1.6.6,51.092,2.999,15.0,2025-03-24 05:34:00,8.39,8.0,97.0,1000.34,1.61,2.09,ENE,67.0,0.0,0.0,0.0,weather_underground,,
IICHTE19,WeerstationBS,other,EasyWeatherV1.6.6,51.092,2.999,15.0,2025-03-24 05:39:00,8.39,8.0,97.0,1000.68,0.32,0.97,East,,0.0,0.0,0.0,weather_underground,,
IICHTE19,WeerstationBS,other,EasyWeatherV1.6.6,51.092,2.999,15.0,2025-03-24 05:44:00,8.39,8.0,97.0,1000.68,0.0,0.32,SSW,202.0,0.0,0.0,0.0,weather_underground,,
IICHTE19,WeerstationBS,other,EasyWeatherV1.6.6,51.092,2.999,15.0,2025-03-24 05:49:00,8.28,7.89,97.0,1000.68,0.0,0.0,SW,225.0,0.0,0.0,0.0,weather_underground,,
IICHTE19,WeerstationBS,other,EasyWeatherV1.6.6,51.092,2.999,15.0,2025-03-24 05:54:00,8.11,7.72,97.0,1000.68,0.0,0.0,SW,225.0,0.0,0.0,0.0,weather_underground,,
IICHTE19,WeerstationBS,other,EasyWeatherV1.6.6,51.092,2.999,15.0,2025-03-24 05:59:00,7.78,7.39,97.0,1000.68,0.48,0.8,WSW,247.0,0.0,0.0,0.0,weather_underground,,
IICHTE19,WeerstationBS,other,EasyWeatherV1.6.6,51.092,2.999,15.0,2025-03-24 06:04:00,7.5,7.11,97.0,1000.68,2.57,3.38,WNW,292.0,0.0,0.0,0.0,weather_underground,,
IICHTE19,WeerstationBS,other,EasyWeatherV1.6.6,51.092,2.999,15.0,2025-03-24 06:09:00,7.5,7.17,98.0,1001.02,1.77,2.57,WNW,292.0,0.0,0.0,0.0,weather_underground,,
IICHTE19,WeerstationBS,other,EasyWeatherV1.6.6,51.092,2.999,15.0,2025-03-24 06:14:00,7.56,7.22,98.0,1000.68,0.97,1.77,WNW,292.0,0.0,0.0,0.0,weather_underground,,
IICHTE19,WeerstationBS,other,EasyWeatherV1.6.6,51.092,2.999,15.0,2025-03-24 06:19:00,7.44,7.17,98.0,1000.68,0.8,1.61,West,,0.0,0.0,0.0,weather_underground,,
IICHTE19,WeerstationBS,other,EasyWeatherV1.6.6,51.092,2.999,15.0,2025-03-24 06:24:00,7.33,7.06,98.0,1000.68,0.0,0.0,West,,0.0,0.0,0.0,weather_underground,,
IICHTE19,WeerstationBS,other,EasyWeatherV1.6.6,51.092,2.999,15.0,2025-03-24 06:29:00,7.28,7.0,98.0,1000.68,0.0,0.0,West,,0.0,0.0,0.0,weather_underground,,
IICHTE19,WeerstationBS,other,EasyWeatherV1.6.6,51.092,2.999,15.0,2025-03-24 06:34:00,7.28,7.0,98.0,1000.68,0.32,0.48,WNW,292.0,0.0,0.0,0.0,weather_underground,,
IICHTE19,WeerstationBS,other,EasyWeatherV1.6.6,51.092,2.999,15.0,2025-03-24 06:39:00,7.22,6.89,98.0,1000.68,2.9,3.54,WNW,292.0,0.0,0.0,0.0,weather_underground,,
IICHTE19,WeerstationBS,other,EasyWeatherV1.6.6,51.092,2.999,15.0,2025-03-24 06:44:00,6.94,6.67,98.0,1000.68,0.48,0.8,West,,0.0,0.0,0.0,weather_underground,,
IICHTE19,WeerstationBS,other,EasyWeatherV1.6.6,51.092,2.999,15.0,2025-03-24 06:49:00,6.89,6.61,98.0,1000.68,0.0,0.32,South,,0.0,0.0,0.0,weather_underground,,
IICHTE19,WeerstationBS,other,EasyWeatherV1.6.6,51.092,2.999,15.0,2025-03-24 06:54:00,7.06,6.72,98.0,1000.68,0.0,0.16,SSW,202.0,0.0,0.0,0.0,weather_underground,,
IICHTE19,WeerstationBS,other,EasyWeatherV1.6.6,51.092,2.999,15.0,2025-03-24 06:59:00,7.11,6.78,98.0,1001.02,0.0,0.0,SW,225.0,0.0,0.0,0.0,weather_underground,,
IICHTE19,WeerstationBS,other,EasyWeatherV1.6.6,51.092,2.999,15.0,2025-03-24 07:04:00,7.22,6.89,98.0,1001.02,0.0,0.0,SW,225.0,0.0,0.0,0.0,weather_underground,,
IICHTE19,WeerstationBS,other,EasyWeatherV1.6.6,51.092,2.999,15.0,2025-03-24 07:09:00,7.0,6.72,98.0,1001.02,0.0,0.0,SW,225.0,0.0,0.0,0.0,weather_underground,,
IICHTE19,WeerstationBS,other,EasyWeatherV1.6.6,51.092,2.999,15.0,2025-03-24 07:14:00,6.67,6.33,98.0,1001.02,0.0,0.0,SW,225.0,0.0,0.0,0.0,weather_underground,,
IICHTE19,WeerstationBS,other,EasyWeatherV1.6.6,51.092,2.999,15.0,2025-03-24 07:19:00,6.61,6.28,98.0,1001.02,0.0,0.0,SW,225.0,0.0,0.0,0.0,weather_underground,,
IICHTE19,WeerstationBS,other,EasyWeatherV1.6.6,51.092,2.999,15.0,2025-03-24 07:24:00,6.28,6.0,98.0,1001.36,0.0,0.16,SW,225.0,0.0,0.1,0.0,weather_underground,,
IICHTE19,WeerstationBS,other,EasyWeatherV1.6.6,51.092,2.999,15.0,2025-03-24 07:29:00,6.56,6.28,98.0,1001.36,0.16,0.64,SW,225.0,0.0,0.2,0.0,weather_underground,,
IICHTE19,WeerstationBS,other,EasyWeatherV1.6.6,51.092,2.999,15.0,2025-03-24 07:34:00,6.61,6.28,98.0,1001.69,0.48,1.77,SW,225.0,0.0,0.4,0.0,weather_underground,,
IICHTE19,WeerstationBS,other,EasyWeatherV1.6.6,51.092,2.999,15.0,2025-03-24 07:39:00,6.83,6.56,98.0,1001.36,0.16,0.32,SW,225.0,0.0,0.8,0.0,weather_underground,,
IICHTE19,WeerstationBS,other,EasyWeatherV1.6.6,51.092,2.999,15.0,2025-03-24 07:44:00,6.83,6.56,98.0,1001.69,0.0,0.0,SW,225.0,0.0,1.6,0.0,weather_underground,,
IICHTE19,WeerstationBS,other,EasyWeatherV1.6.6,51.092,2.999,15.0,2025-03-24 07:49:00,6.83,6.56,98.0,1001.69,0.0,0.0,SW,225.0,0.0,2.7,0.0,weather_underground,,
IICHTE19,WeerstationBS,other,EasyWeatherV1.6.6,51.092,2.999,15.0,2025-03-24 07:54:00,6.94,6.67,98.0,1002.03,0.0,0.0,SW,225.0,0.0,4.4,0.0,weather_underground,,
IICHTE19,WeerstationBS,other,EasyWeatherV1.6.6,51.092,2.999,15.0,2025-03-24 07:59:00,6.78,6.5,98.0,1001.69,2.41,2.9,WNW,292.0,0.0,6.4,0.0,weather_underground,,
IICHTE19,WeerstationBS,other,EasyWeatherV1.6.6,51.092,2.999,15.0,2025-03-24 08:04:00,6.56,6.22,98.0,1002.03,0.48,0.48,West,,0.0,8.6,0.0,weather_underground,,
IICHTE19,WeerstationBS,other,EasyWeatherV1.6.6,51.092,2.999,15.0,2025-03-24 08:09:00,6.22,5.89,98.0,1002.03,0.0,0.0,West,,0.0,11.6,0.0,weather_underground,,
IICHTE19,WeerstationBS,other,EasyWeatherV1.6.6,51.092,2.999,15.0,2025-03-24 08:14:00,6.33,6.06,98.0,1001.69,0.0,0.0,West,,0.0,15.9,0.0,weather_underground,,
IICHTE19,WeerstationBS,other,EasyWeatherV1.6.6,51.092,2.999,15.0,2025-03-24 08:19:00,6.61,6.28,98.0,1002.03,1.13,1.45,West,,0.0,19.2,0.0,weather_underground,,
IICHTE19,WeerstationBS,other,EasyWeatherV1.6.6,51.092,2.999,15.0,2025-03-24 08:24:00,6.78,6.5,98.0,1002.03,0.0,0.0,WSW,247.0,0.0,22.6,0.0,weather_underground,,
IICHTE19,WeerstationBS,other,EasyWeatherV1.6.6,51.092,2.999,15.0,2025-03-24 08:29:00,6.94,6.67,98.0,1002.37,0.0,0.0,WSW,247.0,0.0,24.3,0.0,weather_underground,,
IICHTE19,WeerstationBS,other,EasyWeatherV1.6.6,51.092,2.999,15.0,2025-03-24 08:34:00,7.11,6.78,98.0,1002.37,0.0,0.0,WSW,247.0,0.0,27.4,0.0,weather_underground,,
IICHTE19,WeerstationBS,other,EasyWeatherV1.6.6,51.092,2.999,15.0,2025-03-24 08:39:00,7.67,7.33,98.0,1002.37,0.0,0.0,WSW,247.0,0.0,32.8,0.0,weather_underground,,
IICHTE19,WeerstationBS,other,EasyWeatherV1.6.6,51.092,2.999,15.0,2025-03-24 08:44:00,7.94,7.67,98.0,1002.37,0.0,0.0,WSW,247.0,0.0,37.2,0.0,weather_underground,,
IICHTE19,WeerstationBS,other,EasyWeatherV1.6.6,51.092,2.999,15.0,2025-03-24 08:49:00,8.44,8.17,98.0,1002.37,0.0,0.0,WSW,247.0,0.0,37.2,0.0,weather_underground,,
IICHTE19,WeerstationBS,other,EasyWeatherV1.6.6,51.092,2.999,15.0,2025-03-24 08:54:00,9.0,8.72,98.0,1002.37,0.0,0.16,WSW,247.0,0.0,37.5,0.0,weather_underground,,
IICHTE19,WeerstationBS,other,EasyWeatherV1.6.6,51.092,2.999,15.0,2025-03-24 08:59:00,9.0,8.72,98.0,1002.71,0.0,0.32,WSW,247.0,0.0,34.0,0.0,weather_underground,,
IICHTE19,WeerstationBS,other,EasyWeatherV1.6.6,51.092,2.999,15.0,2025-03-24 09:04:00,9.72,9.44,98.0,1002.37,0.0,0.0,WSW,247.0,0.0,30.8,0.0,weather_underground,,
IICHTE19,WeerstationBS,other,EasyWeatherV1.6.6,51.092,2.999,15.0,2025-03-24 09:09:00,10.22,9.89,98.0,1002.71,0.16,0.16,WSW,247.0,0.0,31.8,0.0,weather_underground,,
IICHTE19,WeerstationBS,other,EasyWeatherV1.6.6,51.092,2.999,15.0,2025-03-24 09:14:00,10.33,10.0,98.0,1002.71,0.16,0.32,WSW,247.0,0.0,34.6,0.0,weather_underground,,
IICHTE19,WeerstationBS,other,EasyWeatherV1.6.6,51.092,2.999,15.0,2025-03-24 09:19:00,10.56,10.22,98.0,1002.71,0.8,0.97,WSW,247.0,0.0,38.1,0.0,weather_underground,,
IICHTE19,WeerstationBS,other,EasyWeatherV1.6.6,51.092,2.999,15.0,2025-03-24 09:24:00,9.78,9.5,98.0,1002.71,0.0,0.0,WSW,247.0,0.0,44.8,0.0,weather_underground,,
IICHTE19,WeerstationBS,other,EasyWeatherV1.6.6,51.092,2.999,15.0,2025-03-24 09:29:00,10.22,9.89,98.0,1002.71,0.0,0.0,WSW,247.0,0.0,51.6,0.0,weather_underground,,
IICHTE19,WeerstationBS,other,EasyWeatherV1.6.6,51.092,2.999,15.0,2025-03-24 09:34:00,10.78,10.44,98.0,1003.05,0.0,0.16,WSW,247.0,0.0,58.2,0.0,weather_underground,,
IICHTE19,WeerstationBS,other,EasyWeatherV1.6.6,51.092,2.999,15.0,2025-03-24 09:39:00,11.22,10.89,98.0,1003.05,0.0,0.16,WSW,247.0,0.0,65.3,0.0,weather_underground,,
IICHTE19,WeerstationBS,other,EasyWeatherV1.6.6,51.092,2.999,15.0,2025-03-24 09:44:00,11.67,11.28,97.0,1003.05,0.0,0.16,WSW,247.0,0.0,83.1,0.0,weather_underground,,
IICHTE19,WeerstationBS,other,EasyWeatherV1.6.6,51.092,2.999,15.0,2025-03-24 09:49:00,12.11,11.72,97.0,1003.05,0.32,0.48,WSW,247.0,0.0,86.0,0.0,weather_underground,,
IICHTE19,WeerstationBS,other,EasyWeatherV1.6.6,51.092,2.999,15.0,2025-03-24 09:54:00,11.72,11.11,96.0,1003.05,0.64,1.13,WSW,247.0,0.0,109.5,1.0,weather_underground,,
IICHTE19,WeerstationBS,other,EasyWeatherV1.6.6,51.092,2.999,15.0,2025-03-24 09:59:00,11.94,11.39,96.0,1003.05,0.48,0.8,SSW,202.0,0.0,139.6,1.0,weather_underground,,
IICHTE19,WeerstationBS,other,EasyWeatherV1.6.6,51.092,2.999,15.0,2025-03-24 10:04:00,12.28,11.67,96.0,1003.05,0.64,1.13,South,,0.0,144.4,1.0,weather_underground,,
IICHTE19,WeerstationBS,other,EasyWeatherV1.6.6,51.092,2.999,15.0,2025-03-24 10:09:00,12.61,11.89,95.0,1003.05,0.64,1.45,South,,0.0,142.7,1.0,weather_underground,,
IICHTE19,WeerstationBS,other,EasyWeatherV1.6.6,51.092,2.999,15.0,2025-03-24 10:14:00,12.83,11.89,94.0,1003.39,1.29,1.93,South,,0.0,156.9,1.0,weather_underground,,
IICHTE19,WeerstationBS,other,EasyWeatherV1.6.6,51.092,2.999,15.0,2025-03-24 10:19:00,13.39,12.17,92.0,1003.05,1.61,2.41,South,,0.0,156.9,1.0,weather_underground,,
IICHTE19,WeerstationBS,other,EasyWeatherV1.6.6,51.092,2.999,15.0,2025-03-24 10:24:00,13.56,12.0,90.0,1003.05,2.25,3.22,East,,0.0,139.3,1.0,weather_underground,,
IICHTE19,WeerstationBS,other,EasyWeatherV1.6.6,51.092,2.999,15.0,2025-03-24 10:29:00,13.44,11.61,89.0,1003.39,3.86,5.15,ESE,112.0,0.0,108.2,1.0,weather_underground,,
IICHTE19,WeerstationBS,other,EasyWeatherV1.6.6,51.092,2.999,15.0,2025-03-24 10:34:00,13.78,11.78,88.0,1003.39,1.45,2.09,SSE,157.0,0.0,102.8,1.0,weather_underground,,
IICHTE19,WeerstationBS,other,EasyWeatherV1.6.6,51.092,2.999,15.0,2025-03-24 10:39:00,13.94,11.89,87.0,1003.39,2.57,3.54,NE,45.0,0.0,110.6,1.0,weather_underground,,
IICHTE19,WeerstationBS,other,EasyWeatherV1.6.6,51.092,2.999,15.0,2025-03-24 10:44:00,14.0,11.78,86.0,1003.39,2.25,2.9,East,,0.0,115.2,1.0,weather_underground,,
IICHTE19,WeerstationBS,other,EasyWeatherV1.6.6,51.092,2.999,15.0,2025-03-24 10:49:00,14.17,11.56,84.0,1003.39,2.25,2.9,SE,135.0,0.0,131.1,1.0,weather_underground,,
IICHTE19,WeerstationBS,other,EasyWeatherV1.6.6,51.092,2.999,15.0,2025-03-24 10:54:00,14.44,11.44,82.0,1003.39,1.77,2.25,SE,135.0,0.0,144.1,1.0,weather_underground,,
IICHTE19,WeerstationBS,other,EasyWeatherV1.6.6,51.092,2.999,15.0,2025-03-24 10:59:00,14.83,11.72,82.0,1003.39,2.09,3.06,SE,135.0,0.0,186.4,1.0,weather_underground,,
IICHTE19,WeerstationBS,other,EasyWeatherV1.6.6,51.092,2.999,15.0,2025-03-24 11:04:00,14.89,11.83,82.0,1003.39,2.74,3.86,ESE,112.0,0.0,224.1,2.0,weather_underground,,
IICHTE19,WeerstationBS,other,EasyWeatherV1.6.6,51.092,2.999,15.0,2025-03-24 11:09:00,15.0,11.78,81.0,1003.39,3.7,4.83,ESE,112.0,0.0,273.4,2.0,weather_underground,,
IICHTE19,WeerstationBS,other,EasyWeatherV1.6.6,51.092,2.999,15.0,2025-03-24 11:14:00,15.06,11.67,80.0,1003.73,3.54,4.99,ESE,112.0,0.0,231.5,2.0,weather_underground,,
IICHTE19,WeerstationBS,other,EasyWeatherV1.6.6,51.092,2.999,15.0,2025-03-24 11:19:00,15.11,11.61,79.0,1003.73,3.38,4.51,East,,0.0,187.6,1.0,weather_underground,,
IICHTE19,WeerstationBS,other,EasyWeatherV1.6.6,51.092,2.999,15.0,2025-03-24 11:24:00,15.17,11.78,80.0,1003.73,2.41,3.22,ESE,112.0,0.0,163.6,1.0,weather_underground,,
IICHTE19,WeerstationBS,other,EasyWeatherV1.6.6,51.092,2.999,15.0,2025-03-24 11:29:00,15.17,11.5,79.0,1003.73,3.54,4.99,East,,0.0,176.3,1.0,weather_underground,,
IICHTE19,WeerstationBS,other,EasyWeatherV1.6.6,51.092,2.999,15.0,2025-03-24 11:34:00,15.56,11.72,78.0,1003.73,3.22,4.67,ESE,112.0,0.0,190.5,1.0,weather_underground,,
IICHTE19,WeerstationBS,other,EasyWeatherV1.6.6,51.092,2.999,15.0,2025-03-24 11:39:00,15.28,11.39,78.0,1003.73,5.15,6.76,ESE,112.0,0.0,231.8,2.0,weather_underground,,
IICHTE19,WeerstationBS,other,EasyWeatherV1.6.6,51.092,2.999,15.0,2025-03-24 11:44:00,15.22,11.28,77.0,1003.73,3.86,4.83,ESE,112.0,0.0,300.1,2.0,weather_underground,,
IICHTE19,WeerstationBS,other,EasyWeatherV1.6.6,51.092,2.999,15.0,2025-03-24 11:49:00,15.5,11.44,77.0,1003.73,3.38,4.67,ESE,112.0,0.0,344.7,3.0,weather_underground,,
IICHTE19,WeerstationBS,other,EasyWeatherV1.6.6,51.092,2.999,15.0,2025-03-24 11:54:00,15.67,11.61,77.0,1003.73,4.02,5.47,East,,0.0,361.2,3.0,weather_underground,,
IICHTE19,WeerstationBS,other,EasyWeatherV1.6.6,51.092,2.999,15.0,2025-03-24 11:59:00,15.67,11.56,77.0,1003.73,3.06,4.35,East,,0.0,379.8,3.0,weather_underground,,
IICHTE19,WeerstationBS,other,EasyWeatherV1.6.6,51.092,2.999,15.0,2025-03-24 12:04:00,15.72,11.67,77.0,1003.73,4.18,5.95,East,,0.0,403.9,3.0,weather_underground,,
IICHTE19,WeerstationBS,other,EasyWeatherV1.6.6,51.092,2.999,15.0,2025-03-24 12:09:00,15.67,11.44,76.0,1003.73,3.22,4.35,East,,0.0,421.4,4.0,weather_underground,,
IICHTE19,WeerstationBS,other,EasyWeatherV1.6.6,51.092,2.999,15.0,2025-03-24 12:14:00,15.89,11.5,75.0,1003.73,4.83,6.76,ESE,112.0,0.0,460.8,4.0,weather_underground,,
IICHTE19,WeerstationBS,other,EasyWeatherV1.6.6,51.092,2.999,15.0,2025-03-24 12:19:00,16.0,11.67,75.0,1003.73,4.35,5.79,ESE,112.0,0.0,478.1,4.0,weather_underground,,
IICHTE19,WeerstationBS,other,EasyWeatherV1.6.6,51.092,2.999,15.0,2025-03-24 12:24:00,16.28,11.5,73.0,1003.73,4.02,5.31,East,,0.0,488.7,4.0,weather_underground,,
IICHTE19,WeerstationBS,other,EasyWeatherV1.6.6,51.092,2.999,15.0,2025-03-24 12:29:00,16.22,11.61,74.0,1003.73,5.79,7.56,ENE,67.0,0.0,289.3,2.0,weather_underground,,
IICHTE19,WeerstationBS,other,EasyWeatherV1.6.6,51.092,2.999,15.0,2025-03-24 12:34:00,15.89,11.22,74.0,1004.06,4.02,5.95,ENE,67.0,0.0,548.2,5.0,weather_underground,,
IICHTE19,WeerstationBS,other,EasyWeatherV1.6.6,51.092,2.999,15.0,2025-03-24 12:39:00,16.22,11.39,73.0,1004.06,6.12,8.21,ENE,67.0,0.0,420.3,4.0,weather_underground,,
IICHTE19,WeerstationBS,other,EasyWeatherV1.6.6,51.092,2.999,15.0,2025-03-24 12:44:00,16.0,11.39,74.0,1004.06,2.57,3.7,ESE,112.0,0.0,314.7,3.0,weather_underground,,
IICHTE19,WeerstationBS,other,EasyWeatherV1.6.6,51.092,2.999,15.0,2025-03-24 12:49:00,16.0,11.11,73.0,1004.06,5.95,8.05,East,,0.0,345.9,3.0,weather_underground,,
IICHTE19,WeerstationBS,other,EasyWeatherV1.6.6,51.092,2.999,15.0,2025-03-24 12:54:00,15.94,11.33,74.0,1004.06,6.12,8.37,East,,0.0,341.2,3.0,weather_underground,,
IICHTE19,WeerstationBS,other,EasyWeatherV1.6.6,51.092,2.999,15.0,2025-03-24 12:59:00,15.78,11.17,74.0,1004.06,5.95,7.56,East,,0.0,209.9,2.0,weather_underground,,
IICHTE19,WeerstationBS,other,EasyWeatherV1.6.6,51.092,2.999,15.0,2025-03-24 13:04:00,15.72,11.44,75.0,1004.06,4.02,5.31,ENE,67.0,0.0,265.8,2.0,weather_underground,,
IICHTE19,WeerstationBS,other,EasyWeatherV1.6.6,51.092,2.999,15.0,2025-03-24 13:09:00,15.89,11.44,75.0,1004.06,6.12,7.89,ENE,67.0,0.0,469.6,4.0,weather_underground,,
IICHTE19,WeerstationBS,other,EasyWeatherV1.6.6,51.092,2.999,15.0,2025-03-24 13:14:00,15.94,11.22,74.0,1004.4,7.24,9.82,ENE,67.0,0.0,302.3,2.0,weather_underground,,
IICHTE19,WeerstationBS,other,EasyWeatherV1.6.6,51.092,2.999,15.0,2025-03-24 13:19:00,15.89,11.22,74.0,1004.4,5.31,7.08,NE,45.0,0.0,613.3,5.0,weather_underground,,
IICHTE19,WeerstationBS,other,EasyWeatherV1.6.6,51.092,2.999,15.0,2025-03-24 13:24:00,16.28,11.61,74.0,1004.06,7.08,9.33,NE,45.0,0.0,513.5,5.0,weather_underground,,
IICHTE19,WeerstationBS,other,EasyWeatherV1.6.6,51.092,2.999,15.0,2025-03-24 13:29:00,16.33,11.83,74.0,1004.06,6.44,8.53,NE,45.0,0.0,416.5,4.0,weather_underground,,
IICHTE19,WeerstationBS,other,EasyWeatherV1.6.6,51.092,2.999,15.0,2025-03-24 13:34:00,16.28,11.72,74.0,1004.06,5.79,7.56,NE,45.0,0.0,307.0,2.0,weather_underground,,
IICHTE19,WeerstationBS,other,EasyWeatherV1.6.6,51.092,2.999,15.0,2025-03-24 13:39:00,16.06,11.78,76.0,1004.4,6.12,7.89,NNE,22.0,0.0,191.9,1.0,weather_underground,,
IICHTE19,WeerstationBS,other,EasyWeatherV1.6.6,51.092,2.999,15.0,2025-03-24 13:44:00,15.83,11.89,77.0,1004.06,7.72,9.98,NNE,22.0,0.0,178.8,1.0,weather_underground,,
IICHTE19,WeerstationBS,other,EasyWeatherV1.6.6,51.092,2.999,15.0,2025-03-24 13:49:00,15.61,11.83,78.0,1004.4,9.17,10.94,North,,0.0,207.8,2.0,weather_underground,,
IICHTE19,WeerstationBS,other,EasyWeatherV1.6.6,51.092,2.999,15.0,2025-03-24 13:54:00,15.5,11.83,79.0,1004.4,8.37,10.46,North,,0.0,205.2,1.0,weather_underground,,
IICHTE19,WeerstationBS,other,EasyWeatherV1.6.6,51.092,2.999,15.0,2025-03-24 13:59:00,15.5,11.94,79.0,1004.4,8.05,10.62,North,,0.0,191.2,1.0,weather_underground,,
IICHTE19,WeerstationBS,other,EasyWeatherV1.6.6,51.092,2.999,15.0,2025-03-24 14:04:00,15.44,11.94,79.0,1004.4,7.08,9.5,North,,0.0,183.7,1.0,weather_underground,,
IICHTE19,WeerstationBS,other,EasyWeatherV1.6.6,51.092,2.999,15.0,2025-03-24 14:09:00,15.28,11.78,79.0,1004.4,7.56,9.82,NNE,22.0,0.0,163.4,1.0,weather_underground,,
IICHTE19,WeerstationBS,other,EasyWeatherV1.6.6,51.092,2.999,15.0,2025-03-24 14:14:00,15.28,11.94,81.0,1004.74,9.17,11.43,North,,0.0,151.5,1.0,weather_underground,,
IICHTE19,WeerstationBS,other,EasyWeatherV1.6.6,51.092,2.999,15.0,2025-03-24 14:19:00,15.11,11.94,82.0,1004.74,9.33,11.27,North,,0.0,141.0,1.0,weather_underground,,
IICHTE19,WeerstationBS,other,EasyWeatherV1.6.6,51.092,2.999,15.0,2025-03-24 14:24:00,15.0,12.22,83.0,1004.4,9.33,11.91,North,,0.0,124.4,1.0,weather_underground,,
IICHTE19,WeerstationBS,other,EasyWeatherV1.6.6,51.092,2.999,15.0,2025-03-24 14:29:00,14.83,12.33,85.0,1004.74,7.56,9.5,NNE,22.0,0.0,131.4,1.0,weather_underground,,
IICHTE19,WeerstationBS,other,EasyWeatherV1.6.6,51.092,2.999,15.0,2025-03-24 14:34:00,14.83,12.33,85.0,1004.74,6.6,8.69,NNE,22.0,0.0,161.3,1.0,weather_underground,,
IICHTE19,WeerstationBS,other,EasyWeatherV1.6.6,51.092,2.999,15.0,2025-03-24 14:39:00,14.94,12.44,85.0,1004.74,6.92,9.17,NE,45.0,0.0,170.9,1.0,weather_underground,,
IICHTE19,WeerstationBS,other,EasyWeatherV1.6.6,51.092,2.999,15.0,2025-03-24 14:44:00,15.0,12.44,85.0,1004.4,7.72,10.46,NE,45.0,0.0,207.6,2.0,weather_underground,,
IICHTE19,WeerstationBS,other,EasyWeatherV1.6.6,51.092,2.999,15.0,2025-03-24 14:49:00,15.06,12.5,85.0,1004.74,8.21,10.62,NNE,22.0,0.0,293.8,2.0,weather_underground,,
IICHTE19,WeerstationBS,other,EasyWeatherV1.6.6,51.092,2.999,15.0,2025-03-24 14:54:00,14.94,12.39,85.0,1004.74,8.69,11.75,NNE,22.0,0.0,169.6,1.0,weather_underground,,
IICHTE19,WeerstationBS,other,EasyWeatherV1.6.6,51.092,2.999,15.0,2025-03-24 14:59:00,14.83,12.28,85.0,1004.74,8.85,11.59,NNE,22.0,0.0,322.2,3.0,weather_underground,,
IICHTE19,WeerstationBS,other,EasyWeatherV1.6.6,51.092,2.999,15.0,2025-03-24 15:04:00,14.89,12.28,84.0,1004.74,9.17,11.59,NNE,22.0,0.0,285.4,2.0,weather_underground,,
IICHTE19,WeerstationBS,other,EasyWeatherV1.6.6,51.092,2.999,15.0,2025-03-24 15:09:00,15.06,12.33,84.0,1004.74,7.4,9.66,NNE,22.0,0.0,313.9,3.0,weather_underground,,
IICHTE19,WeerstationBS,other,EasyWeatherV1.6.6,51.092,2.999,15.0,2025-03-24 15:14:00,15.17,12.44,84.0,1005.08,8.21,10.14,North,,0.0,261.3,2.0,weather_underground,,
IICHTE19,WeerstationBS,other,EasyWeatherV1.6.6,51.092,2.999,15.0,2025-03-24 15:19:00,15.17,12.39,84.0,1004.74,8.85,11.1,North,,0.0,196.6,1.0,weather_underground,,
IICHTE19,WeerstationBS,other,EasyWeatherV1.6.6,51.092,2.999,15.0,2025-03-24 15:24:00,15.11,12.39,84.0,1004.74,9.5,12.71,NNE,22.0,0.0,242.0,2.0,weather_underground,,
IICHTE19,WeerstationBS,other,EasyWeatherV1.6.6,51.092,2.999,15.0,2025-03-24 15:29:00,15.33,12.56,84.0,1004.74,8.85,11.91,NNE,22.0,0.0,286.8,2.0,weather_underground,,
IICHTE19,WeerstationBS,other,EasyWeatherV1.6.6,51.092,2.999,15.0,2025-03-24 15:34:00,15.17,12.28,83.0,1005.08,8.69,11.91,NNE,22.0,0.0,222.2,2.0,weather_underground,,
IICHTE19,WeerstationBS,other,EasyWeatherV1.6.6,51.092,2.999,15.0,2025-03-24 15:39:00,14.89,12.06,83.0,1004.74,9.5,13.36,NNE,22.0,0.0,187.8,1.0,weather_underground,,
IICHTE19,WeerstationBS,other,EasyWeatherV1.6.6,51.092,2.999,15.0,2025-03-24 15:44:00,14.67,11.83,83.0,1004.74,8.21,11.75,NE,45.0,0.0,174.9,1.0,weather_underground,,
IICHTE19,WeerstationBS,other,EasyWeatherV1.6.6,51.092,2.999,15.0,2025-03-24 15:49:00,14.56,11.72,83.0,1005.08,8.53,11.43,NNE,22.0,0.0,240.7,2.0,weather_underground,,
IICHTE19,WeerstationBS,other,EasyWeatherV1.6.6,51.092,2.999,15.0,2025-03-24 15:54:00,14.61,11.72,83.0,1005.08,7.72,10.14,NNE,22.0,0.0,292.4,2.0,weather_underground,,
IICHTE19,WeerstationBS,other,EasyWeatherV1.6.6,51.092,2.999,15.0,2025-03-24 15:59:00,14.94,12.06,83.0,1005.08,11.75,14.81,North,,0.0,311.2,3.0,weather_underground,,
IICHTE19,WeerstationBS,other,EasyWeatherV1.6.6,51.092,2.999,15.0,2025-03-24 16:04:00,15.22,12.22,83.0,1005.08,8.69,10.94,NE,45.0,0.0,244.8,2.0,weather_underground,,
IICHTE19,WeerstationBS,other,EasyWeatherV1.6.6,51.092,2.999,15.0,2025-03-24 16:09:00,15.17,12.11,82.0,1005.08,7.56,10.3,NNE,22.0,0.0,250.0,2.0,weather_underground,,
IICHTE19,WeerstationBS,other,EasyWeatherV1.6.6,51.092,2.999,15.0,2025-03-24 16:14:00,15.33,12.0,80.0,1005.08,8.05,10.78,NNE,22.0,0.0,290.5,2.0,weather_underground,,
IICHTE19,WeerstationBS,other,EasyWeatherV1.6.6,51.092,2.999,15.0,2025-03-24 16:19:00,15.44,12.17,81.0,1005.08,9.17,12.55,NNE,22.0,0.0,191.1,1.0,weather_underground,,
IICHTE19,WeerstationBS,other,EasyWeatherV1.6.6,51.092,2.999,15.0,2025-03-24 16:24:00,14.56,11.56,82.0,1005.42,7.72,10.3,NE,45.0,0.0,246.8,2.0,weather_underground,,
IICHTE19,WeerstationBS,other,EasyWeatherV1.6.6,51.092,2.999,15.0,2025-03-24 16:29:00,14.89,11.67,81.0,1005.08,7.72,9.82,NNE,22.0,0.0,270.7,2.0,weather_underground,,
IICHTE19,WeerstationBS,other,EasyWeatherV1.6.6,51.092,2.999,15.0,2025-03-24 16:34:00,14.72,11.44,81.0,1005.42,10.46,13.68,NNE,22.0,0.0,167.5,1.0,weather_underground,,
IICHTE19,WeerstationBS,other,EasyWeatherV1.6.6,51.092,2.999,15.0,2025-03-24 16:39:00,14.33,11.33,82.0,1005.08,7.72,10.62,NE,45.0,0.0,197.1,1.0,weather_underground,,
IICHTE19,WeerstationBS,other,EasyWeatherV1.6.6,51.092,2.999,15.0,2025-03-24 16:44:00,14.33,11.17,81.0,1005.42,6.6,9.33,ENE,67.0,0.0,196.1,1.0,weather_underground,,
IICHTE19,WeerstationBS,other,EasyWeatherV1.6.6,51.092,2.999,15.0,2025-03-24 16:49:00,14.5,11.0,80.0,1005.42,8.05,10.94,ENE,67.0,0.0,179.7,1.0,weather_underground,,
IICHTE19,WeerstationBS,other,EasyWeatherV1.6.6,51.092,2.999,15.0,2025-03-24 16:54:00,14.33,11.11,81.0,1005.42,4.35,6.44,NE,45.0,0.0,219.9,2.0,weather_underground,,
IICHTE19,WeerstationBS,other,EasyWeatherV1.6.6,51.092,2.999,15.0,2025-03-24 16:59:00,14.83,11.56,81.0,1005.42,4.35,6.28,ENE,67.0,0.0,161.7,1.0,weather_underground,,
IICHTE19,WeerstationBS,other,EasyWeatherV1.6.6,51.092,2.999,15.0,2025-03-24 17:04:00,14.5,11.06,80.0,1005.08,5.63,7.72,NE,45.0,0.0,96.7,0.0,weather_underground,,
IICHTE19,WeerstationBS,other,EasyWeatherV1.6.6,51.092,2.999,15.0,2025-03-24 17:09:00,14.33,11.0,80.0,1005.42,4.51,5.95,NE,45.0,0.0,165.4,1.0,weather_underground,,
IICHTE19,WeerstationBS,other,EasyWeatherV1.6.6,51.092,2.999,15.0,2025-03-24 17:14:00,14.61,11.06,79.0,1005.42,7.24,10.14,ENE,67.0,0.0,149.2,1.0,weather_underground,,
IICHTE19,WeerstationBS,other,EasyWeatherV1.6.6,51.092,2.999,15.0,2025-03-24 17:19:00,14.72,11.0,79.0,1005.42,5.31,7.4,NE,45.0,0.0,83.4,0.0,weather_underground,,
IICHTE19,WeerstationBS,other,EasyWeatherV1.6.6,51.092,2.999,15.0,2025-03-24 17:24:00,14.44,11.06,80.0,1005.42,8.21,11.43,NE,45.0,0.0,60.5,0.0,weather_underground,,
IICHTE19,WeerstationBS,other,EasyWeatherV1.6.6,51.092,2.999,15.0,2025-03-24 17:29:00,14.17,10.94,81.0,1005.76,9.17,12.55,NE,45.0,0.0,64.0,0.0,weather_underground,,
IICHTE19,WeerstationBS,other,EasyWeatherV1.6.6,51.092,2.999,15.0,2025-03-24 17:34:00,14.0,10.89,81.0,1005.76,7.24,10.46,NE,45.0,0.0,64.0,0.0,weather_underground,,
IICHTE19,WeerstationBS,other,EasyWeatherV1.6.6,51.092,2.999,15.0,2025-03-24 17:39:00,13.89,10.67,81.0,1005.76,6.92,9.5,NE,45.0,0.0,73.1,0.0,weather_underground,,
IICHTE19,WeerstationBS,other,EasyWeatherV1.6.6,51.092,2.999,15.0,2025-03-24 17:44:00,13.89,10.56,80.0,1005.76,7.4,9.98,NE,45.0,0.0,71.1,0.0,weather_underground,,
IICHTE19,WeerstationBS,other,EasyWeatherV1.6.6,51.092,2.999,15.0,2025-03-24 17:49:00,13.83,10.56,81.0,1005.76,7.56,9.98,NE,45.0,0.0,72.1,0.0,weather_underground,,
IICHTE19,WeerstationBS,other,EasyWeatherV1.6.6,51.092,2.999,15.0,2025-03-24 17:54:00,13.83,10.67,81.0,1005.76,5.95,8.37,NE,45.0,0.0,64.4,0.0,weather_underground,,
IICHTE19,WeerstationBS,other,EasyWeatherV1.6.6,51.092,2.999,15.0,2025-03-24 17:59:00,13.78,10.61,81.0,1005.76,5.47,7.72,NE,45.0,0.0,58.2,0.0,weather_underground,,
IICHTE19,WeerstationBS,other,EasyWeatherV1.6.6,51.092,2.999,15.0,2025-03-24 18:04:00,13.78,10.67,81.0,1006.1,4.51,6.6,NE,45.0,0.0,54.1,0.0,weather_underground,,
IICHTE19,WeerstationBS,other,EasyWeatherV1.6.6,51.092,2.999,15.0,2025-03-24 18:09:00,13.78,10.83,82.0,1005.76,3.54,4.83,NNE,22.0,0.0,48.1,0.0,weather_underground,,
IICHTE19,WeerstationBS,other,EasyWeatherV1.6.6,51.092,2.999,15.0,2025-03-24 18:14:00,13.72,10.94,83.0,1006.1,5.79,8.21,NE,45.0,0.0,41.0,0.0,weather_underground,,
IICHTE19,WeerstationBS,other,EasyWeatherV1.6.6,51.092,2.999,15.0,2025-03-24 18:19:00,13.72,10.89,83.0,1005.76,6.44,8.53,NNE,22.0,0.0,25.8,0.0,weather_underground,,
IICHTE19,WeerstationBS,other,EasyWeatherV1.6.6,51.092,2.999,15.0,2025-03-24 18:44:00,13.17,10.44,84.0,1006.44,8.37,10.46,NE,45.0,0.0,19.8,0.0,weather_underground,,
IICHTE19,WeerstationBS,other,EasyWeatherV1.6.6,51.092,2.999,15.0,2025-03-24 18:49:00,13.17,10.44,84.0,1006.44,9.17,11.91,NNE,22.0,0.0,18.2,0.0,weather_underground,,
IICHTE19,WeerstationBS,other,EasyWeatherV1.6.6,51.092,2.999,15.0,2025-03-24 18:54:00,13.11,10.39,84.0,1006.44,9.66,12.39,NNE,22.0,0.0,16.7,0.0,weather_underground,,
IICHTE19,WeerstationBS,other,EasyWeatherV1.6.6,51.092,2.999,15.0,2025-03-24 18:59:00,13.0,10.39,84.0,1006.44,9.01,11.75,NE,45.0,0.0,11.8,0.0,weather_underground,,
IICHTE19,WeerstationBS,other,EasyWeatherV1.6.6,51.092,2.999,15.0,2025-03-24 19:04:00,12.89,10.28,84.0,1006.44,9.01,11.59,NNE,22.0,0.0,10.0,0.0,weather_underground,,
IICHTE19,WeerstationBS,other,EasyWeatherV1.6.6,51.092,2.999,15.0,2025-03-24 19:09:00,12.89,10.28,84.0,1006.77,7.89,10.62,NE,45.0,0.0,7.1,0.0,weather_underground,,
IICHTE19,WeerstationBS,other,EasyWeatherV1.6.6,51.092,2.999,15.0,2025-03-24 19:14:00,12.83,10.28,84.0,1006.77,6.92,9.01,NE,45.0,0.0,4.7,0.0,weather_underground,,
IICHTE19,WeerstationBS,other,EasyWeatherV1.6.6,51.092,2.999,15.0,2025-03-24 19:19:00,12.72,10.22,85.0,1006.77,9.01,12.07,NNE,22.0,0.0,1.9,0.0,weather_underground,,
IICHTE19,WeerstationBS,other,EasyWeatherV1.6.6,51.092,2.999,15.0,2025-03-24 19:24:00,12.72,10.22,85.0,1007.11,6.92,9.01,NNE,22.0,0.0,1.5,0.0,weather_underground,,
IICHTE19,WeerstationBS,other,EasyWeatherV1.6.6,51.092,2.999,15.0,2025-03-24 19:29:00,12.72,10.22,85.0,1006.77,6.12,7.72,NNE,22.0,0.0,1.1,0.0,weather_underground,,
IICHTE19,WeerstationBS,other,EasyWeatherV1.6.6,51.092,2.999,15.0,2025-03-24 19:34:00,12.61,10.11,85.0,1007.11,5.15,7.08,NE,45.0,0.0,0.6,0.0,weather_underground,,
IICHTE19,WeerstationBS,other,EasyWeatherV1.6.6,51.092,2.999,15.0,2025-03-24 19:39:00,12.56,10.17,86.0,1007.11,4.99,6.76,NE,45.0,0.0,0.2,0.0,weather_underground,,
IICHTE19,WeerstationBS,other,EasyWeatherV1.6.6,51.092,2.999,15.0,2025-03-24 19:44:00,12.5,10.11,85.0,1007.11,6.76,9.17,NE,45.0,0.0,0.1,0.0,weather_underground,,
IICHTE19,WeerstationBS,other,EasyWeatherV1.6.6,51.092,2.999,15.0,2025-03-24 19:49:00,12.61,10.11,85.0,1007.45,6.92,9.01,NE,45.0,0.0,0.1,0.0,weather_underground,,
IICHTE19,WeerstationBS,other,EasyWeatherV1.6.6,51.092,2.999,15.0,2025-03-24 19:54:00,12.61,10.11,85.0,1007.11,6.92,9.66,NE,45.0,0.0,0.0,0.0,weather_underground,,
IICHTE19,WeerstationBS,other,EasyWeatherV1.6.6,51.092,2.999,15.0,2025-03-24 19:59:00,12.5,10.0,85.0,1007.45,7.4,10.3,NE,45.0,0.0,0.0,0.0,weather_underground,,
IICHTE19,WeerstationBS,other,EasyWeatherV1.6.6,51.092,2.999,15.0,2025-03-24 20:04:00,12.5,9.89,84.0,1007.45,7.72,10.46,NNE,22.0,0.0,0.0,0.0,weather_underground,,
IICHTE19,WeerstationBS,other,EasyWeatherV1.6.6,51.092,2.999,15.0,2025-03-24 20:09:00,12.5,9.89,84.0,1007.45,4.67,6.44,NE,45.0,0.0,0.0,0.0,weather_underground,,
IICHTE19,WeerstationBS,other,EasyWeatherV1.6.6,51.092,2.999,15.0,2025-03-24 20:14:00,12.33,9.78,84.0,1007.45,4.51,6.12,NNE,22.0,0.0,0.0,0.0,weather_underground,,
IICHTE19,WeerstationBS,other,EasyWeatherV1.6.6,51.092,2.999,15.0,2025-03-24 20:19:00,12.22,9.5,84.0,1007.11,6.28,8.53,NNE,22.0,0.0,0.0,0.0,weather_underground,,
IICHTE19,WeerstationBS,other,EasyWeatherV1.6.6,51.092,2.999,15.0,2025-03-24 20:24:00,12.22,9.39,83.0,1007.45,3.86,5.47,NNE,22.0,0.0,0.0,0.0,weather_underground,,
IICHTE19,WeerstationBS,other,EasyWeatherV1.6.6,51.092,2.999,15.0,2025-03-24 20:29:00,12.06,9.33,84.0,1007.45,3.22,4.83,NE,45.0,0.0,0.0,0.0,weather_underground,,
IICHTE19,WeerstationBS,other,EasyWeatherV1.6.6,51.092,2.999,15.0,2025-03-24 20:34:00,11.89,9.28,84.0,1007.45,4.67,6.6,NE,45.0,0.0,0.0,0.0,weather_underground,,
IICHTE19,WeerstationBS,other,EasyWeatherV1.6.6,51.092,2.999,15.0,2025-03-24 20:39:00,11.78,9.22,84.0,1007.45,3.86,5.47,NE,45.0,0.0,0.0,0.0,weather_underground,,
IICHTE19,WeerstationBS,other,EasyWeatherV1.6.6,51.092,2.999,15.0,2025-03-24 20:44:00,11.78,9.22,84.0,1007.45,5.47,7.4,NE,45.0,0.0,0.0,0.0,weather_underground,,
IICHTE19,WeerstationBS,other,EasyWeatherV1.6.6,51.092,2.999,15.0,2025-03-24 20:49:00,11.89,9.28,84.0,1007.45,5.31,7.24,NE,45.0,0.0,0.0,0.0,weather_underground,,
IICHTE19,WeerstationBS,other,EasyWeatherV1.6.6,51.092,2.999,15.0,2025-03-24 20:54:00,12.0,9.33,84.0,1007.79,5.95,7.72,NE,45.0,0.0,0.0,0.0,weather_underground,,
IICHTE19,WeerstationBS,other,EasyWeatherV1.6.6,51.092,2.999,15.0,2025-03-24 20:59:00,12.17,9.28,83.0,1007.45,6.92,9.17,NE,45.0,0.0,0.0,0.0,weather_underground,,
IICHTE19,WeerstationBS,other,EasyWeatherV1.6.6,51.092,2.999,15.0,2025-03-24 21:04:00,12.22,9.17,82.0,1007.79,7.08,10.14,NE,45.0,0.0,0.0,0.0,weather_underground,,
IICHTE19,WeerstationBS,other,EasyWeatherV1.6.6,51.092,2.999,15.0,2025-03-24 21:09:00,12.28,9.11,81.0,1007.79,6.92,9.66,NE,45.0,0.0,0.0,0.0,weather_underground,,
IICHTE19,WeerstationBS,other,EasyWeatherV1.6.6,51.092,2.999,15.0,2025-03-24 21:14:00,12.39,9.22,81.0,1007.79,6.92,8.85,NE,45.0,0.0,0.0,0.0,weather_underground,,
IICHTE19,WeerstationBS,other,EasyWeatherV1.6.6,51.092,2.999,15.0,2025-03-24 21:19:00,12.33,9.28,82.0,1007.79,5.95,8.05,NNE,22.0,0.0,0.0,0.0,weather_underground,,
IICHTE19,WeerstationBS,other,EasyWeatherV1.6.6,51.092,2.999,15.0,2025-03-24 21:24:00,12.28,9.28,82.0,1007.79,6.44,8.05,NNE,22.0,0.0,0.0,0.0,weather_underground,,
IICHTE19,WeerstationBS,other,EasyWeatherV1.6.6,51.092,2.999,15.0,2025-03-24 21:29:00,12.28,9.33,82.0,1007.79,7.24,9.17,NNE,22.0,0.0,0.0,0.0,weather_underground,,
IICHTE19,WeerstationBS,other,EasyWeatherV1.6.6,51.092,2.999,15.0,2025-03-24 21:34:00,12.22,9.22,82.0,1007.79,8.53,11.1,NE,45.0,0.0,0.0,0.0,weather_underground,,
IICHTE19,WeerstationBS,other,EasyWeatherV1.6.6,51.092,2.999,15.0,2025-03-24 21:39:00,12.22,9.17,82.0,1007.79,9.01,12.87,NE,45.0,0.0,0.0,0.0,weather_underground,,
IICHTE19,WeerstationBS,other,EasyWeatherV1.6.6,51.092,2.999,15.0,2025-03-24 21:44:00,12.22,9.0,81.0,1008.13,8.21,11.27,NE,45.0,0.0,0.0,0.0,weather_underground,,
IICHTE19,WeerstationBS,other,EasyWeatherV1.6.6,51.092,2.999,15.0,2025-03-24 21:49:00,12.06,9.06,82.0,1008.13,5.95,8.21,NE,45.0,0.0,0.0,0.0,weather_underground,,
IICHTE19,WeerstationBS,other,EasyWeatherV1.6.6,51.092,2.999,15.0,2025-03-24 21:54:00,12.0,9.0,82.0,1008.13,6.44,9.01,NE,45.0,0.0,0.0,0.0,weather_underground,,
IICHTE19,WeerstationBS,other,EasyWeatherV1.6.6,51.092,2.999,15.0,2025-03-24 21:59:00,11.89,8.89,82.0,1008.13,9.33,13.2,NE,45.0,0.0,0.0,0.0,weather_underground,,
IICHTE19,WeerstationBS,other,EasyWeatherV1.6.6,51.092,2.999,15.0,2025-03-24 22:04:00,11.83,8.83,82.0,1008.13,8.21,11.27,NE,45.0,0.0,0.0,0.0,weather_underground,,
IICHTE19,WeerstationBS,other,EasyWeatherV1.6.6,51.092,2.999,15.0,2025-03-24 22:09:00,11.78,8.83,82.0,1008.47,6.28,8.37,NE,45.0,0.0,0.0,0.0,weather_underground,,
IICHTE19,WeerstationBS,other,EasyWeatherV1.6.6,51.092,2.999,15.0,2025-03-24 22:14:00,11.72,8.89,83.0,1008.13,6.28,9.01,NE,45.0,0.0,0.0,0.0,weather_underground,,
IICHTE19,WeerstationBS,other,EasyWeatherV1.6.6,51.092,2.999,15.0,2025-03-24 22:19:00,11.72,8.89,83.0,1008.47,5.79,8.53,NE,45.0,0.0,0.0,0.0,weather_underground,,
IICHTE19,WeerstationBS,other,EasyWeatherV1.6.6,51.092,2.999,15.0,2025-03-24 22:24:00,11.72,8.89,83.0,1008.47,7.08,9.82,NE,45.0,0.0,0.0,0.0,weather_underground,,
IICHTE19,WeerstationBS,other,EasyWeatherV1.6.6,51.092,2.999,15.0,2025-03-24 22:29:00,11.72,8.89,83.0,1008.47,6.12,8.69,NE,45.0,0.0,0.0,0.0,weather_underground,,
IICHTE19,WeerstationBS,other,EasyWeatherV1.6.6,51.092,2.999,15.0,2025-03-24 22:34:00,11.72,8.89,83.0,1008.47,5.63,8.21,NE,45.0,0.0,0.0,0.0,weather_underground,,
IICHTE19,WeerstationBS,other,EasyWeatherV1.6.6,51.092,2.999,15.0,2025-03-24 22:39:00,11.72,8.89,83.0,1008.47,6.28,8.69,NE,45.0,0.0,0.0,0.0,weather_underground,,
IICHTE19,WeerstationBS,other,EasyWeatherV1.6.6,51.092,2.999,15.0,2025-03-24 22:44:00,11.72,8.89,83.0,1008.81,4.99,7.08,NE,45.0,0.0,0.0,0.0,weather_underground,,
IICHTE19,WeerstationBS,other,EasyWeatherV1.6.6,51.092,2.999,15.0,2025-03-24 22:49:00,11.72,8.89,83.0,1008.81,7.08,9.98,NE,45.0,0.0,0.0,0.0,weather_underground,,
IICHTE19,WeerstationBS,other,EasyWeatherV1.6.6,51.092,2.999,15.0,2025-03-24 22:54:00,11.72,8.89,83.0,1008.47,7.56,10.46,NE,45.0,0.0,0.0,0.0,weather_underground,,
IICHTE19,WeerstationBS,other,EasyWeatherV1.6.6,51.092,2.999,15.0,2025-03-24 22:59:00,11.72,8.89,83.0,1008.81,7.08,9.82,NE,45.0,0.0,0.0,0.0,weather_underground,,
IICHTE19,WeerstationBS,other,EasyWeatherV1.6.6,51.092,2.999,15.0,2025-03-24 23:04:00,11.72,8.94,83.0,1008.81,8.05,10.94,NE,45.0,0.0,0.0,0.0,weather_underground,,
IICHTE19,WeerstationBS,other,EasyWeatherV1.6.6,51.092,2.999,15.0,2025-03-24 23:09:00,11.72,8.89,83.0,1008.81,6.6,8.85,NE,45.0,0.0,0.0,0.0,weather_underground,,
IICHTE19,WeerstationBS,other,EasyWeatherV1.6.6,51.092,2.999,15.0,2025-03-24 23:14:00,11.72,9.06,84.0,1008.81,6.92,9.17,NE,45.0,0.0,0.0,0.0,weather_underground,,
IICHTE19,WeerstationBS,other,EasyWeatherV1.6.6,51.092,2.999,15.0,2025-03-24 23:19:00,11.72,9.11,84.0,1008.81,6.6,9.01,NE,45.0,0.0,0.0,0.0,weather_underground,,
IICHTE19,WeerstationBS,other,EasyWeatherV1.6.6,51.092,2.999,15.0,2025-03-24 23:24:00,11.67,9.06,84.0,1008.81,6.28,9.5,NE,45.0,0.0,0.0,0.0,weather_underground,,
IICHTE19,WeerstationBS,other,EasyWeatherV1.6.6,51.092,2.999,15.0,2025-03-24 23:29:00,11.61,9.11,85.0,1008.81,5.95,8.21,NE,45.0,0.0,0.0,0.0,weather_underground,,
IICHTE19,WeerstationBS,other,EasyWeatherV1.6.6,51.092,2.999,15.0,2025-03-24 23:34:00,11.61,9.06,84.0,1008.81,7.89,10.3,NE,45.0,0.0,0.0,0.0,weather_underground,,
IICHTE19,WeerstationBS,other,EasyWeatherV1.6.6,51.092,2.999,15.0,2025-03-24 23:39:00,11.72,9.11,84.0,1008.81,7.24,9.66,NE,45.0,0.0,0.0,0.0,weather_underground,,
IICHTE19,WeerstationBS,other,EasyWeatherV1.6.6,51.092,2.999,15.0,2025-03-24 23:44:00,11.61,9.0,84.0,1009.14,7.24,9.5,NE,45.0,0.0,0.0,0.0,weather_underground,,
IICHTE19,WeerstationBS,other,EasyWeatherV1.6.6,51.092,2.999,15.0,2025-03-24 23:49:00,11.61,9.06,84.0,1009.14,5.79,8.05,NE,45.0,0.0,0.0,0.0,weather_underground,,
IICHTE19,WeerstationBS,other,EasyWeatherV1.6.6,51.092,2.999,15.0,2025-03-24 23:54:00,11.61,9.06,84.0,1009.14,9.33,12.55,NNE,22.0,0.0,0.0,0.0,weather_underground,,
IICHTE19,WeerstationBS,other,EasyWeatherV1.6.6,51.092,2.999,15.0,2025-03-24 23:59:00,11.61,9.17,85.0,1009.14,5.95,8.37,NNE,22.0,0.0,0.0,0.0,weather_underground,,
IICHTE19,WeerstationBS,other,EasyWeatherV1.6.6,51.092,2.999,15.0,,,,,,,,,,,,,weather_underground,,
IICHTE19,WeerstationBS,other,EasyWeatherV1.6.6,51.092,2.999,15.0,2025-03-24 00:04:00,11.56,9.17,85.0,1009.14,7.4,9.82,NNE,22.0,0.0,0.0,0.0,weather_underground,,
IICHTE19,WeerstationBS,other,EasyWeatherV1.6.6,51.092,2.999,15.0,2025-03-24 00:09:00,11.5,9.11,85.0,1009.14,7.08,10.14,NE,45.0,0.0,0.0,0.0,weather_underground,,
IICHTE19,WeerstationBS,other,EasyWeatherV1.6.6,51.092,2.999,15.0,2025-03-24 00:14:00,11.56,9.17,85.0,1009.48,7.72,10.62,NE,45.0,0.0,0.0,0.0,weather_underground,,
IICHTE19,WeerstationBS,other,EasyWeatherV1.6.6,51.092,2.999,15.0,2025-03-24 00:19:00,11.5,9.11,85.0,1009.14,6.76,9.5,NE,45.0,0.0,0.0,0.0,weather_underground,,
IICHTE19,WeerstationBS,other,EasyWeatherV1.6.6,51.092,2.999,15.0,2025-03-24 00:24:00,11.5,9.11,85.0,1009.14,6.92,9.82,NNE,22.0,0.0,0.0,0.0,weather_underground,,
IICHTE19,WeerstationBS,other,EasyWeatherV1.6.6,51.092,2.999,15.0,2025-03-24 00:29:00,11.44,9.06,85.0,1009.48,7.4,10.46,ENE,67.0,0.0,0.0,0.0,weather_underground,,
IICHTE19,WeerstationBS,other,EasyWeatherV1.6.6,51.092,2.999,15.0,2025-03-24 00:34:00,11.39,8.89,85.0,1009.48,9.01,11.75,NE,45.0,0.0,0.0,0.0,weather_underground,,
IICHTE19,WeerstationBS,other,EasyWeatherV1.6.6,51.092,2.999,15.0,2025-03-24 00:39:00,11.33,8.78,84.0,1009.48,7.72,10.62,NE,45.0,0.0,0.0,0.0,weather_underground,,
IICHTE19,WeerstationBS,other,EasyWeatherV1.6.6,51.092,2.999,15.0,2025-03-24 00:44:00,11.28,8.61,84.0,1009.48,8.53,11.43,NE,45.0,0.0,0.0,0.0,weather_underground,,
IICHTE19,WeerstationBS,other,EasyWeatherV1.6.6,51.092,2.999,15.0,2025-03-24 00:49:00,11.28,8.5,83.0,1009.48,9.33,13.36,NE,45.0,0.0,0.0,0.0,weather_underground,,
IICHTE19,WeerstationBS,other,EasyWeatherV1.6.6,51.092,2.999,15.0,2025-03-24 00:54:00,11.28,8.33,82.0,1009.48,9.5,12.71,NE,45.0,0.0,0.0,0.0,weather_underground,,
IICHTE19,WeerstationBS,other,EasyWeatherV1.6.6,51.092,2.999,15.0,2025-03-24 00:59:00,11.28,8.39,83.0,1009.48,5.95,8.05,NE,45.0,0.0,0.0,0.0,weather_underground,,
IICHTE19,WeerstationBS,other,EasyWeatherV1.6.6,51.092,2.999,15.0,2025-03-24 01:04:00,11.22,8.39,83.0,1009.48,7.56,11.1,ENE,67.0,0.0,0.0,0.0,weather_underground,,
IICHTE19,WeerstationBS,other,EasyWeatherV1.6.6,51.092,2.999,15.0,2025-03-24 01:09:00,11.22,8.39,83.0,1009.48,7.4,10.78,NE,45.0,0.0,0.0,0.0,weather_underground,,
IICHTE19,WeerstationBS,other,EasyWeatherV1.6.6,51.092,2.999,15.0,2025-03-24 01:14:00,11.22,8.39,83.0,1009.48,6.6,9.17,NE,45.0,0.0,0.0,0.0,weather_underground,,
IICHTE19,WeerstationBS,other,EasyWeatherV1.6.6,51.092,2.999,15.0,2025-03-24 01:19:00,11.11,8.28,83.0,1009.48,7.89,11.1,NE,45.0,0.0,0.0,0.0,weather_underground,,
IICHTE19,WeerstationBS,other,EasyWeatherV1.6.6,51.092,2.999,15.0,2025-03-24 01:24:00,11.11,8.11,82.0,1009.48,8.85,11.75,ENE,67.0,0.0,0.0,0.0,weather_underground,,
IICHTE19,WeerstationBS,other,EasyWeatherV1.6.6,51.092,2.999,15.0,2025-03-24 01:29:00,11.11,8.11,82.0,1009.48,8.05,11.59,ENE,67.0,0.0,0.0,0.0,weather_underground,,
IICHTE19,WeerstationBS,other,EasyWeatherV1.6.6,51.092,2.999,15.0,2025-03-24 01:34:00,11.11,8.11,82.0,1009.48,6.44,9.01,ENE,67.0,0.0,0.0,0.0,weather_underground,,
IICHTE19,WeerstationBS,other,EasyWeatherV1.6.6,51.092,2.999,15.0,2025-03-24 01:39:00,11.06,8.11,82.0,1009.48,8.85,12.71,NE,45.0,0.0,0.0,0.0,weather_underground,,
IICHTE19,WeerstationBS,other,EasyWeatherV1.6.6,51.092,2.999,15.0,2025-03-24 01:44:00,11.11,8.06,82.0,1009.48,6.92,9.5,NE,45.0,0.0,0.0,0.0,weather_underground,,
IICHTE19,WeerstationBS,other,EasyWeatherV1.6.6,51.092,2.999,15.0,2025-03-24 01:49:00,11.06,8.11,82.0,1009.48,6.12,8.85,NE,45.0,0.0,0.0,0.0,weather_underground,,
IICHTE19,WeerstationBS,other,EasyWeatherV1.6.6,51.092,2.999,15.0,2025-03-24 01:54:00,11.0,8.11,82.0,1009.48,4.99,7.24,NE,45.0,0.0,0.0,0.0,weather_underground,,
IICHTE19,WeerstationBS,other,EasyWeatherV1.6.6,51.092,2.999,15.0,2025-03-24 01:59:00,10.89,8.0,82.0,1009.48,6.44,8.53,NE,45.0,0.0,0.0,0.0,weather_underground,,
IICHTE19,WeerstationBS,other,EasyWeatherV1.6.6,51.092,2.999,15.0,2025-03-24 02:04:00,10.89,8.0,82.0,1009.82,6.6,9.01,NE,45.0,0.0,0.0,0.0,weather_underground,,
IICHTE19,WeerstationBS,other,EasyWeatherV1.6.6,51.092,2.999,15.0,2025-03-24 02:09:00,11.0,7.89,81.0,1009.82,8.85,11.59,NE,45.0,0.0,0.0,0.0,weather_underground,,
IICHTE19,WeerstationBS,other,EasyWeatherV1.6.6,51.092,2.999,15.0,2025-03-24 02:14:00,11.0,7.89,81.0,1009.82,5.47,8.05,NE,45.0,0.0,0.0,0.0,weather_underground,,
IICHTE19,WeerstationBS,other,EasyWeatherV1.6.6,51.092,2.999,15.0,2025-03-24 02:19:00,10.94,7.83,81.0,1010.16,5.63,7.72,NE,45.0,0.0,0.0,0.0,weather_underground,,
IICHTE19,WeerstationBS,other,EasyWeatherV1.6.6,51.092,2.999,15.0,2025-03-24 02:24:00,10.89,7.94,82.0,1010.16,5.79,8.05,NE,45.0,0.0,0.0,0.0,weather_underground,,
IICHTE19,WeerstationBS,other,EasyWeatherV1.6.6,51.092,2.999,15.0,2025-03-24 02:29:00,10.78,7.89,82.0,1010.16,6.6,8.85,NE,45.0,0.0,0.0,0.0,weather_underground,,
IICHTE19,WeerstationBS,other,EasyWeatherV1.6.6,51.092,2.999,15.0,2025-03-24 02:34:00,10.83,7.83,82.0,1010.16,8.05,10.78,NE,45.0,0.0,0.0,0.0,weather_underground,,
IICHTE19,WeerstationBS,other,EasyWeatherV1.6.6,51.092,2.999,15.0,2025-03-24 02:39:00,10.89,7.78,81.0,1010.16,7.72,10.14,NE,45.0,0.0,0.0,0.0,weather_underground,,
IICHTE19,WeerstationBS,other,EasyWeatherV1.6.6,51.092,2.999,15.0,2025-03-24 02:44:00,10.89,7.78,81.0,1010.16,5.95,8.21,NE,45.0,0.0,0.0,0.0,weather_underground,,
IICHTE19,WeerstationBS,other,EasyWeatherV1.6.6,51.092,2.999,15.0,2025-03-24 02:49:00,10.83,7.72,81.0,1010.16,6.28,9.33,NE,45.0,0.0,0.0,0.0,weather_underground,,
IICHTE19,WeerstationBS,other,EasyWeatherV1.6.6,51.092,2.999,15.0,2025-03-24 02:54:00,10.78,7.72,81.0,1009.82,6.44,9.17,NE,45.0,0.0,0.0,0.0,weather_underground,,
IICHTE19,WeerstationBS,other,EasyWeatherV1.6.6,51.092,2.999,15.0,2025-03-24 02:59:00,10.89,7.78,81.0,1010.16,8.21,11.1,NE,45.0,0.0,0.0,0.0,weather_underground,,
IICHTE19,WeerstationBS,other,EasyWeatherV1.6.6,51.092,2.999,15.0,2025-03-24 03:04:00,10.83,7.72,81.0,1010.16,6.44,8.69,NE,45.0,0.0,0.0,0.0,weather_underground,,
IICHTE19,WeerstationBS,other,EasyWeatherV1.6.6,51.092,2.999,15.0,2025-03-24 03:09:00,10.78,7.72,81.0,1010.16,6.12,8.05,NE,45.0,0.0,0.0,0.0,weather_underground,,
IICHTE19,WeerstationBS,other,EasyWeatherV1.6.6,51.092,2.999,15.0,2025-03-24 03:14:00,10.78,7.67,81.0,1010.16,5.47,7.89,NE,45.0,0.0,0.0,0.0,weather_underground,,
IICHTE19,WeerstationBS,other,EasyWeatherV1.6.6,51.092,2.999,15.0,2025-03-24 03:19:00,10.78,7.67,81.0,1010.16,5.63,7.4,NE,45.0,0.0,0.0,0.0,weather_underground,,
IICHTE19,WeerstationBS,other,EasyWeatherV1.6.6,51.092,2.999,15.0,2025-03-24 03:24:00,10.72,7.61,81.0,1010.16,6.28,8.37,NE,45.0,0.0,0.0,0.0,weather_underground,,
IICHTE19,WeerstationBS,other,EasyWeatherV1.6.6,51.092,2.999,15.0,2025-03-24 03:29:00,10.67,7.56,81.0,1010.16,6.28,8.53,NNE,22.0,0.0,0.0,0.0,weather_underground,,
IICHTE19,WeerstationBS,other,EasyWeatherV1.6.6,51.092,2.999,15.0,2025-03-24 03:34:00,10.61,7.5,81.0,1010.16,7.08,10.46,ENE,67.0,0.0,0.0,0.0,weather_underground,,
IICHTE19,WeerstationBS,other,EasyWeatherV1.6.6,51.092,2.999,15.0,2025-03-24 03:39:00,10.61,7.5,81.0,1010.16,4.18,6.12,NE,45.0,0.0,0.0,0.0,weather_underground,,
IICHTE19,WeerstationBS,other,EasyWeatherV1.6.6,51.092,2.999,15.0,2025-03-24 03:44:00,10.5,7.39,81.0,1010.16,6.12,8.05,NE,45.0,0.0,0.0,0.0,weather_underground,,
IICHTE19,WeerstationBS,other,EasyWeatherV1.6.6,51.092,2.999,15.0,2025-03-24 03:49:00,10.44,7.44,82.0,1010.5,4.99,6.76,NE,45.0,0.0,0.0,0.0,weather_underground,,
IICHTE19,WeerstationBS,other,EasyWeatherV1.6.6,51.092,2.999,15.0,2025-03-24 03:54:00,10.28,7.39,82.0,1010.16,4.83,7.08,NE,45.0,0.0,0.0,0.0,weather_underground,,
IICHTE19,WeerstationBS,other,EasyWeatherV1.6.6,51.092,2.999,15.0,2025-03-24 03:59:00,10.22,7.28,82.0,1010.16,6.12,8.53,NE,45.0,0.0,0.0,0.0,weather_underground,,
IICHTE19,WeerstationBS,other,EasyWeatherV1.6.6,51.092,2.999,15.0,2025-03-24 04:04:00,10.22,7.17,81.0,1010.16,3.7,4.99,NE,45.0,0.0,0.0,0.0,weather_underground,,
IICHTE19,WeerstationBS,other,EasyWeatherV1.6.6,51.092,2.999,15.0,2025-03-24 04:09:00,10.06,7.17,82.0,1010.16,5.63,7.72,NE,45.0,0.0,0.0,0.0,weather_underground,,
IICHTE19,WeerstationBS,other,EasyWeatherV1.6.6,51.092,2.999,15.0,2025-03-24 04:14:00,10.0,7.11,82.0,1010.16,3.86,5.31,NE,45.0,0.0,0.0,0.0,weather_underground,,
IICHTE19,WeerstationBS,other,EasyWeatherV1.6.6,51.092,2.999,15.0,2025-03-24 04:19:00,9.83,7.06,83.0,1010.16,4.18,5.79,NE,45.0,0.0,0.0,0.0,weather_underground,,
IICHTE19,WeerstationBS,other,EasyWeatherV1.6.6,51.092,2.999,15.0,2025-03-24 04:24:00,9.72,7.0,84.0,1010.5,4.02,4.99,NE,45.0,0.0,0.0,0.0,weather_underground,,
IICHTE19,WeerstationBS,other,EasyWeatherV1.6.6,51.092,2.999,15.0,2025-03-24 04:29:00,9.67,7.06,84.0,1010.16,4.02,5.79,NE,45.0,0.0,0.0,0.0,weather_underground,,
IICHTE19,WeerstationBS,other,EasyWeatherV1.6.6,51.092,2.999,15.0,2025-03-24 04:34:00,9.44,7.06,85.0,1010.5,3.06,4.51,NE,45.0,0.0,0.0,0.0,weather_underground,,
IICHTE19,WeerstationBS,other,EasyWeatherV1.6.6,51.092,2.999,15.0,2025-03-24 04:39:00,9.39,7.17,86.0,1010.16,3.7,5.31,NE,45.0,0.0,0.0,0.0,weather_underground,,
IICHTE19,WeerstationBS,other,EasyWeatherV1.6.6,51.092,2.999,15.0,2025-03-24 04:44:00,9.33,7.17,86.0,1010.16,4.35,5.63,NE,45.0,0.0,0.0,0.0,weather_underground,,
IICHTE19,WeerstationBS,other,EasyWeatherV1.6.6,51.092,2.999,15.0,2025-03-24 04:49:00,9.44,7.22,86.0,1010.5,4.35,6.12,NE,45.0,0.0,0.0,0.0,weather_underground,,
IICHTE19,WeerstationBS,other,EasyWeatherV1.6.6,51.092,2.999,15.0,2025-03-24 04:54:00,9.39,7.28,87.0,1010.5,3.86,4.99,NE,45.0,0.0,0.0,0.0,weather_underground,,
IICHTE19,WeerstationBS,other,EasyWeatherV1.6.6,51.092,2.999,15.0,2025-03-24 04:59:00,9.39,7.28,87.0,1010.5,4.18,5.63,NE,45.0,0.0,0.0,0.0,weather_underground,,
IICHTE19,WeerstationBS,other,EasyWeatherV1.6.6,51.092,2.999,15.0,2025-03-24 05:04:00,9.28,7.22,87.0,1010.5,4.18,5.63,NE,45.0,0.0,0.0,0.0,weather_underground,,
IICHTE19,WeerstationBS,other,EasyWeatherV1.6.6,51.092,2.999,15.0,2025-03-24 05:09:00,9.22,7.28,88.0,1010.5,3.38,4.67,NE,45.0,0.0,0.0,0.0,weather_underground,,
IICHTE19,WeerstationBS,other,EasyWeatherV1.6.6,51.092,2.999,15.0,2025-03-24 05:14:00,9.06,7.17,88.0,1010.5,2.41,3.38,NNE,22.0,0.0,0.0,0.0,weather_underground,,
IICHTE19,WeerstationBS,other,EasyWeatherV1.6.6,51.092,2.999,15.0,2025-03-24 05:19:00,9.06,7.17,88.0,1010.5,2.9,4.51,NNE,22.0,0.0,0.0,0.0,weather_underground,,
IICHTE19,WeerstationBS,other,EasyWeatherV1.6.6,51.092,2.999,15.0,2025-03-24 05:24:00,8.89,7.22,89.0,1010.5,3.22,4.35,NNE,22.0,0.0,0.0,0.0,weather_underground,,
IICHTE19,WeerstationBS,other,EasyWeatherV1.6.6,51.092,2.999,15.0,2025-03-24 05:29:00,8.89,7.22,89.0,1010.5,2.74,3.7,NE,45.0,0.0,0.0,0.0,weather_underground,,
IICHTE19,WeerstationBS,other,EasyWeatherV1.6.6,51.092,2.999,15.0,2025-03-24 05:34:00,8.83,7.17,89.0,1010.5,2.41,3.06,NE,45.0,0.0,0.0,0.0,weather_underground,,
IICHTE19,WeerstationBS,other,EasyWeatherV1.6.6,51.092,2.999,15.0,2025-03-24 05:39:00,8.72,7.06,89.0,1010.5,2.41,3.7,NNE,22.0,0.0,0.0,0.0,weather_underground,,
IICHTE19,WeerstationBS,other,EasyWeatherV1.6.6,51.092,2.999,15.0,2025-03-24 05:44:00,8.72,7.0,89.0,1010.5,2.09,2.9,NE,45.0,0.0,0.0,0.0,weather_underground,,
IICHTE19,WeerstationBS,other,EasyWeatherV1.6.6,51.092,2.999,15.0,2025-03-24 05:49:00,8.67,6.94,89.0,1010.5,2.41,3.54,NE,45.0,0.0,0.0,0.0,weather_underground,,
IICHTE19,WeerstationBS,other,EasyWeatherV1.6.6,51.092,2.999,15.0,2025-03-24 05:54:00,8.67,6.94,89.0,1010.84,3.54,4.99,NE,45.0,0.0,0.0,0.0,weather_underground,,
IICHTE19,WeerstationBS,other,EasyWeatherV1.6.6,51.092,2.999,15.0,2025-03-24 05:59:00,8.72,7.06,89.0,1010.84,4.02,5.79,NE,45.0,0.0,0.0,0.0,weather_underground,,
IICHTE19,WeerstationBS,other,EasyWeatherV1.6.6,51.092,2.999,15.0,2025-03-24 06:04:00,8.83,7.17,89.0,1010.84,2.74,4.02,NE,45.0,0.0,0.0,0.0,weather_underground,,
IICHTE19,WeerstationBS,other,EasyWeatherV1.6.6,51.092,2.999,15.0,2025-03-24 06:09:00,8.78,7.11,89.0,1010.84,3.54,4.83,NE,45.0,0.0,0.0,0.0,weather_underground,,
IICHTE19,WeerstationBS,other,EasyWeatherV1.6.6,51.092,2.999,15.0,2025-03-24 06:14:00,8.83,7.17,89.0,1010.84,3.7,5.63,NE,45.0,0.0,0.0,0.0,weather_underground,,
IICHTE19,WeerstationBS,other,EasyWeatherV1.6.6,51.092,2.999,15.0,2025-03-24 06:19:00,8.78,7.11,89.0,1010.84,4.02,5.47,NE,45.0,0.0,0.0,0.0,weather_underground,,
IICHTE19,WeerstationBS,other,EasyWeatherV1.6.6,51.092,2.999,15.0,2025-03-24 06:24:00,8.78,7.11,89.0,1010.84,3.7,5.15,NNE,22.0,0.0,0.0,0.0,weather_underground,,
IICHTE19,WeerstationBS,other,EasyWeatherV1.6.6,51.092,2.999,15.0,2025-03-24 06:29:00,8.72,7.0,89.0,1011.18,3.86,5.15,NNE,22.0,0.0,0.0,0.0,weather_underground,,
IICHTE19,WeerstationBS,other,EasyWeatherV1.6.6,51.092,2.999,15.0,2025-03-24 06:34:00,8.67,6.94,89.0,1011.18,3.06,4.35,NNE,22.0,0.0,0.0,0.0,weather_underground,,
IICHTE19,WeerstationBS,other,EasyWeatherV1.6.6,51.092,2.999,15.0,2025-03-24 06:39:00,8.5,6.83,89.0,1010.84,1.13,1.93,NNE,22.0,0.0,0.0,0.0,weather_underground,,
IICHTE19,WeerstationBS,other,EasyWeatherV1.6.6,51.092,2.999,15.0,2025-03-24 06:44:00,8.39,6.72,89.0,1011.18,1.93,3.06,NE,45.0,0.0,0.0,0.0,weather_underground,,
IICHTE19,WeerstationBS,other,EasyWeatherV1.6.6,51.092,2.999,15.0,2025-03-24 06:49:00,8.39,6.78,89.0,1011.18,2.74,4.02,NE,45.0,0.0,0.0,0.0,weather_underground,,
IICHTE19,WeerstationBS,other,EasyWeatherV1.6.6,51.092,2.999,15.0,2025-03-24 06:54:00,8.44,6.78,89.0,1011.18,3.06,4.18,NE,45.0,0.0,0.0,0.0,weather_underground,,
IICHTE19,WeerstationBS,other,EasyWeatherV1.6.6,51.092,2.999,15.0,2025-03-24 06:59:00,8.33,6.72,89.0,1011.18,2.9,4.02,NE,45.0,0.0,0.0,0.0,weather_underground,,
IICHTE19,WeerstationBS,other,EasyWeatherV1.6.6,51.092,2.999,15.0,2025-03-24 07:04:00,8.28,6.78,90.0,1011.18,3.38,4.83,NE,45.0,0.0,0.0,0.0,weather_underground,,
IICHTE19,WeerstationBS,other,EasyWeatherV1.6.6,51.092,2.999,15.0,2025-03-24 07:09:00,8.22,6.72,90.0,1011.18,2.25,3.38,NE,45.0,0.0,0.0,0.0,weather_underground,,
IICHTE19,WeerstationBS,other,EasyWeatherV1.6.6,51.092,2.999,15.0,2025-03-24 07:14:00,8.22,6.72,90.0,1011.51,4.51,5.47,NNE,22.0,0.0,0.0,0.0,weather_underground,,
IICHTE19,WeerstationBS,other,EasyWeatherV1.6.6,51.092,2.999,15.0,2025-03-24 07:19:00,8.22,6.72,90.0,1011.51,2.9,3.86,NE,45.0,0.0,0.0,0.0,weather_underground,,
IICHTE19,WeerstationBS,other,EasyWeatherV1.6.6,51.092,2.999,15.0,2025-03-24 07:24:00,8.17,6.67,90.0,1011.18,3.54,4.83,NNE,22.0,0.0,0.0,0.0,weather_underground,,
IICHTE19,WeerstationBS,other,EasyWeatherV1.6.6,51.092,2.999,15.0,2025-03-24 07:29:00,8.11,6.61,90.0,1011.51,3.38,4.51,NNE,22.0,0.0,0.1,0.0,weather_underground,,
IICHTE19,WeerstationBS,other,EasyWeatherV1.6.6,51.092,2.999,15.0,2025-03-24 07:34:00,7.94,6.44,90.0,1011.51,1.93,2.74,NE,45.0,0.0,0.3,0.0,weather_underground,,
IICHTE19,WeerstationBS,other,EasyWeatherV1.6.6,51.092,2.999,15.0,2025-03-24 07:39:00,7.83,6.5,91.0,1011.51,2.09,3.22,NNE,22.0,0.0,0.6,0.0,weather_underground,,
IICHTE19,WeerstationBS,other,EasyWeatherV1.6.6,51.092,2.999,15.0,2025-03-24 07:44:00,7.78,6.5,91.0,1011.51,2.41,3.06,NNE,22.0,0.0,1.2,0.0,weather_underground,,
IICHTE19,WeerstationBS,other,EasyWeatherV1.6.6,51.092,2.999,15.0,2025-03-24 07:49:00,7.72,6.39,91.0,1011.85,2.25,2.9,NNE,22.0,0.0,2.1,0.0,weather_underground,,
IICHTE19,WeerstationBS,other,EasyWeatherV1.6.6,51.092,2.999,15.0,2025-03-24 07:54:00,7.61,6.28,91.0,1011.85,1.45,2.09,North,,0.0,3.5,0.0,weather_underground,,
IICHTE19,WeerstationBS,other,EasyWeatherV1.6.6,51.092,2.999,15.0,2025-03-24 07:59:00,7.44,6.17,91.0,1011.85,1.13,1.61,NNW,337.0,0.0,5.2,0.0,weather_underground,,
IICHTE19,WeerstationBS,other,EasyWeatherV1.6.6,51.092,2.999,15.0,2025-03-24 08:04:00,7.33,6.11,92.0,1011.85,1.77,2.09,NNW,337.0,0.0,7.1,0.0,weather_underground,,
IICHTE19,WeerstationBS,other,EasyWeatherV1.6.6,51.092,2.999,15.0,2025-03-24 08:09:00,7.22,6.0,92.0,1011.85,1.77,2.25,NNW,337.0,0.0,9.2,0.0,weather_underground,,
IICHTE19,WeerstationBS,other,EasyWeatherV1.6.6,51.092,2.999,15.0,2025-03-24 08:14:00,7.11,5.89,92.0,1011.85,1.61,1.77,NNW,337.0,0.0,11.3,0.0,weather_underground,,
IICHTE19,WeerstationBS,other,EasyWeatherV1.6.6,51.092,2.999,15.0,2025-03-24 08:19:00,7.22,6.06,92.0,1011.85,1.61,1.77,NNW,337.0,0.0,13.5,0.0,weather_underground,,
IICHTE19,WeerstationBS,other,EasyWeatherV1.6.6,51.092,2.999,15.0,2025-03-24 08:24:00,7.39,6.22,92.0,1012.19,1.45,1.77,NNW,337.0,0.0,15.6,0.0,weather_underground,,
IICHTE19,WeerstationBS,other,EasyWeatherV1.6.6,51.092,2.999,15.0,2025-03-24 08:29:00,7.44,6.28,92.0,1012.19,1.29,1.93,NNW,337.0,0.0,17.3,0.0,weather_underground,,
IICHTE19,WeerstationBS,other,EasyWeatherV1.6.6,51.092,2.999,15.0,2025-03-24 08:34:00,7.61,6.39,92.0,1012.19,1.13,1.77,NNW,337.0,0.0,19.2,0.0,weather_underground,,
IICHTE19,WeerstationBS,other,EasyWeatherV1.6.6,51.092,2.999,15.0,2025-03-24 08:39:00,7.83,6.61,92.0,1012.19,1.29,1.77,NNW,337.0,0.0,20.7,0.0,weather_underground,,
IICHTE19,WeerstationBS,other,EasyWeatherV1.6.6,51.092,2.999,15.0,2025-03-24 08:44:00,7.94,6.72,92.0,1012.19,1.13,1.77,NNW,337.0,0.0,24.7,0.0,weather_underground,,
IICHTE19,WeerstationBS,other,EasyWeatherV1.6.6,51.092,2.999,15.0,2025-03-24 08:49:00,8.17,6.83,91.0,1012.19,1.45,2.25,NNW,337.0,0.0,23.4,0.0,weather_underground,,
IICHTE19,WeerstationBS,other,EasyWeatherV1.6.6,51.092,2.999,15.0,2025-03-24 08:54:00,8.33,7.06,91.0,1012.19,1.77,2.09,NNW,337.0,0.0,25.8,0.0,weather_underground,,
IICHTE19,WeerstationBS,other,EasyWeatherV1.6.6,51.092,2.999,15.0,2025-03-24 08:59:00,8.56,7.17,91.0,1012.53,1.77,2.57,NNW,337.0,0.0,26.4,0.0,weather_underground,,
IICHTE19,WeerstationBS,other,EasyWeatherV1.6.6,51.092,2.999,15.0,2025-03-24 09:04:00,8.78,7.17,90.0,1012.53,1.45,1.93,NNW,337.0,0.0,27.9,0.0,weather_underground,,
IICHTE19,WeerstationBS,other,EasyWeatherV1.6.6,51.092,2.999,15.0,2025-03-24 09:09:00,9.06,7.39,90.0,1012.53,0.8,1.29,NNW,337.0,0.0,50.2,0.0,weather_underground,,
IICHTE19,WeerstationBS,other,EasyWeatherV1.6.6,51.092,2.999,15.0,2025-03-24 09:14:00,9.28,7.44,89.0,1012.53,1.45,1.93,NNW,337.0,0.0,55.1,0.0,weather_underground,,
IICHTE19,WeerstationBS,other,EasyWeatherV1.6.6,51.092,2.999,15.0,2025-03-24 09:19:00,9.61,7.61,88.0,1012.53,1.29,1.93,North,,0.0,58.2,0.0,weather_underground,,
IICHTE19,WeerstationBS,other,EasyWeatherV1.6.6,51.092,2.999,15.0,2025-03-24 09:24:00,9.83,7.67,86.0,1012.53,1.61,2.9,ENE,67.0,0.0,63.3,0.0,weather_underground,,
IICHTE19,WeerstationBS,other,EasyWeatherV1.6.6,51.092,2.999,15.0,2025-03-24 09:29:00,10.17,7.56,84.0,1012.53,3.54,4.51,East,,0.0,78.7,0.0,weather_underground,,
IICHTE19,WeerstationBS,other,EasyWeatherV1.6.6,51.092,2.999,15.0,2025-03-24 09:34:00,10.33,7.61,83.0,1012.53,3.22,4.51,East,,0.0,112.2,1.0,weather_underground,,
IICHTE19,WeerstationBS,other,EasyWeatherV1.6.6,51.092,2.999,15.0,2025-03-24 09:39:00,10.67,7.78,82.0,1012.53,3.06,4.18,East,,0.0,131.1,1.0,weather_underground,,
IICHTE19,WeerstationBS,other,EasyWeatherV1.6.6,51.092,2.999,15.0,2025-03-24 09:44:00,10.94,7.89,81.0,1012.87,3.22,4.51,ESE,112.0,0.0,159.7,1.0,weather_underground,,
IICHTE19,WeerstationBS,other,EasyWeatherV1.6.6,51.092,2.999,15.0,2025-03-24 09:49:00,11.28,7.94,80.0,1012.87,2.9,4.02,ESE,112.0,0.0,166.3,1.0,weather_underground,,
IICHTE19,WeerstationBS,other,EasyWeatherV1.6.6,51.092,2.999,15.0,2025-03-24 09:54:00,11.5,8.06,79.0,1012.87,2.9,4.02,East,,0.0,171.8,1.0,weather_underground,,
IICHTE19,WeerstationBS,other,EasyWeatherV1.6.6,51.092,2.999,15.0,2025-03-24 09:59:00,11.56,7.94,78.0,1012.87,5.31,6.92,ENE,67.0,0.0,164.6,1.0,weather_underground,,
IICHTE19,WeerstationBS,other,EasyWeatherV1.6.6,51.092,2.999,15.0,2025-03-24 10:04:00,11.56,7.94,78.0,1012.87,5.31,7.24,NE,45.0,0.0,172.9,1.0,weather_underground,,
IICHTE19,WeerstationBS,other,EasyWeatherV1.6.6,51.092,2.999,15.0,2025-03-24 10:09:00,11.5,7.83,78.0,1012.87,6.28,9.01,ENE,67.0,0.0,186.8,1.0,weather_underground,,
IICHTE19,WeerstationBS,other,EasyWeatherV1.6.6,51.092,2.999,15.0,2025-03-24 10:14:00,11.44,7.61,77.0,1012.87,7.89,11.43,ENE,67.0,0.0,197.1,1.0,weather_underground,,
IICHTE19,WeerstationBS,other,EasyWeatherV1.6.6,51.092,2.999,15.0,2025-03-24 10:19:00,11.56,7.83,78.0,1013.21,5.63,7.89,ENE,67.0,0.0,231.0,2.0,weather_underground,,
IICHTE19,WeerstationBS,other,EasyWeatherV1.6.6,51.092,2.999,15.0,2025-03-24 10:24:00,11.61,7.78,77.0,1013.21,9.01,12.23,ENE,67.0,0.0,216.4,2.0,weather_underground,,
IICHTE19,WeerstationBS,other,EasyWeatherV1.6.6,51.092,2.999,15.0,2025-03-24 10:29:00,11.67,7.83,77.0,1013.21,6.44,8.69,NE,45.0,0.0,224.6,2.0,weather_underground,,
IICHTE19,WeerstationBS,other,EasyWeatherV1.6.6,51.092,2.999,15.0,2025-03-24 10:34:00,11.94,8.11,77.0,1013.21,6.28,8.37,NE,45.0,0.0,234.6,2.0,weather_underground,,
IICHTE19,WeerstationBS,other,EasyWeatherV1.6.6,51.092,2.999,15.0,2025-03-24 10:39:00,11.94,8.0,77.0,1013.21,6.44,9.33,NE,45.0,0.0,243.3,2.0,weather_underground,,
IICHTE19,WeerstationBS,other,EasyWeatherV1.6.6,51.092,2.999,15.0,2025-03-24 10:44:00,12.06,8.06,76.0,1013.21,5.63,7.4,NE,45.0,0.0,252.4,2.0,weather_underground,,
IICHTE19,WeerstationBS,other,EasyWeatherV1.6.6,51.092,2.999,15.0,2025-03-24 10:49:00,12.11,7.78,75.0,1013.21,8.21,11.27,ENE,67.0,0.0,260.9,2.0,weather_underground,,
IICHTE19,WeerstationBS,other,EasyWeatherV1.6.6,51.092,2.999,15.0,2025-03-24 10:54:00,12.22,8.0,76.0,1013.21,6.12,8.85,NE,45.0,0.0,268.0,2.0,weather_underground,,
IICHTE19,WeerstationBS,other,EasyWeatherV1.6.6,51.092,2.999,15.0,2025-03-24 10:59:00,12.28,8.06,75.0,1013.21,6.76,9.66,NE,45.0,0.0,277.2,2.0,weather_underground,,
IICHTE19,WeerstationBS,other,EasyWeatherV1.6.6,51.092,2.999,15.0,2025-03-24 11:04:00,12.5,8.28,75.0,1013.21,6.12,8.69,ENE,67.0,0.0,284.3,2.0,weather_underground,,
IICHTE19,WeerstationBS,other,EasyWeatherV1.6.6,51.092,2.999,15.0,2025-03-24 11:09:00,12.61,8.17,74.0,1013.21,8.37,10.62,NE,45.0,0.0,292.5,2.0,weather_underground,,
IICHTE19,WeerstationBS,other,EasyWeatherV1.6.6,51.092,2.999,15.0,2025-03-24 11:14:00,12.61,8.22,75.0,1013.21,5.63,8.21,NE,45.0,0.0,300.1,2.0,weather_underground,,
IICHTE19,WeerstationBS,other,EasyWeatherV1.6.6,51.092,2.999,15.0,2025-03-24 11:19:00,12.72,8.17,74.0,1013.55,6.76,9.33,NE,45.0,0.0,307.8,2.0,weather_underground,,
IICHTE19,WeerstationBS,other,EasyWeatherV1.6.6,51.092,2.999,15.0,2025-03-24 11:24:00,12.67,7.67,72.0,1013.55,9.33,13.04,ENE,67.0,0.0,314.5,3.0,weather_underground,,
IICHTE19,WeerstationBS,other,EasyWeatherV1.6.6,51.092,2.999,15.0,2025-03-24 11:29:00,12.72,7.39,70.0,1013.55,10.3,14.16,ENE,67.0,0.0,320.7,3.0,weather_underground,,
IICHTE19,WeerstationBS,other,EasyWeatherV1.6.6,51.092,2.999,15.0,2025-03-24 11:34:00,12.72,7.44,70.0,1013.55,9.5,12.87,NE,45.0,0.0,327.1,3.0,weather_underground,,
IICHTE19,WeerstationBS,other,EasyWeatherV1.6.6,51.092,2.999,15.0,2025-03-24 11:39:00,12.78,7.39,70.0,1013.55,11.91,17.54,NE,45.0,0.0,334.0,3.0,weather_underground,,
IICHTE19,WeerstationBS,other,EasyWeatherV1.6.6,51.092,2.999,15.0,2025-03-24 11:44:00,12.78,7.22,69.0,1013.55,10.62,14.81,ENE,67.0,0.0,338.5,3.0,weather_underground,,
IICHTE19,WeerstationBS,other,EasyWeatherV1.6.6,51.092,2.999,15.0,2025-03-24 11:49:00,13.06,7.72,70.0,1013.55,6.76,9.5,NE,45.0,0.0,344.3,3.0,weather_underground,,
IICHTE19,WeerstationBS,other,EasyWeatherV1.6.6,51.092,2.999,15.0,2025-03-24 11:54:00,13.11,7.39,68.0,1013.55,10.78,14.32,NE,45.0,0.0,349.4,3.0,weather_underground,,
IICHTE19,WeerstationBS,other,EasyWeatherV1.6.6,51.092,2.999,15.0,2025-03-24 11:59:00,13.17,7.44,68.0,1013.55,8.37,11.59,ENE,67.0,0.0,356.0,3.0,weather_underground,,
IICHTE19,WeerstationBS,other,EasyWeatherV1.6.6,51.092,2.999,15.0,2025-03-24 12:04:00,13.33,7.5,68.0,1013.55,9.82,13.36,ENE,67.0,0.0,363.2,3.0,weather_underground,,
IICHTE19,WeerstationBS,other,EasyWeatherV1.6.6,51.092,2.999,15.0,2025-03-24 12:09:00,13.28,7.33,67.0,1013.55,11.75,16.74,ENE,67.0,0.0,363.3,3.0,weather_underground,,
IICHTE19,WeerstationBS,other,EasyWeatherV1.6.6,51.092,2.999,15.0,2025-03-24 12:14:00,13.28,7.0,66.0,1013.21,11.43,15.77,ENE,67.0,0.0,368.5,3.0,weather_underground,,
IICHTE19,WeerstationBS,other,EasyWeatherV1.6.6,51.092,2.999,15.0,2025-03-24 12:19:00,13.22,7.06,66.0,1013.55,11.59,16.42,ENE,67.0,0.0,374.1,3.0,weather_underground,,
IICHTE19,WeerstationBS,other,EasyWeatherV1.6.6,51.092,2.999,15.0,2025-03-24 12:24:00,13.28,7.28,67.0,1013.55,10.46,15.13,ENE,67.0,0.0,376.5,3.0,weather_underground,,
IICHTE19,WeerstationBS,other,EasyWeatherV1.6.6,51.092,2.999,15.0,2025-03-24 12:29:00,13.56,7.56,67.0,1013.21,8.69,11.91,ENE,67.0,0.0,383.9,3.0,weather_underground,,
IICHTE19,WeerstationBS,other,EasyWeatherV1.6.6,51.092,2.999,15.0,2025-03-24 12:34:00,13.61,7.33,66.0,1013.21,10.78,14.48,ENE,67.0,0.0,384.1,3.0,weather_underground,,
IICHTE19,WeerstationBS,other,EasyWeatherV1.6.6,51.092,2.999,15.0,2025-03-24 12:39:00,13.56,7.28,66.0,1013.21,11.59,16.09,ENE,67.0,0.0,383.4,3.0,weather_underground,,
IICHTE19,WeerstationBS,other,EasyWeatherV1.6.6,51.092,2.999,15.0,2025-03-24 12:44:00,13.56,6.83,64.0,1013.21,12.87,17.06,ENE,67.0,0.0,390.6,3.0,weather_underground,,
IICHTE19,WeerstationBS,other,EasyWeatherV1.6.6,51.092,2.999,15.0,2025-03-24 13:14:00,13.83,7.0,63.0,1013.21,9.17,12.23,East,,0.0,396.9,3.0,weather_underground,,
IICHTE19,WeerstationBS,other,EasyWeatherV1.6.6,51.092,2.999,15.0,2025-03-24 13:24:00,13.83,6.89,63.0,1012.87,11.59,15.61,ENE,67.0,0.0,393.1,3.0,weather_underground,,
IICHTE19,WeerstationBS,other,EasyWeatherV1.6.6,51.092,2.999,15.0,2025-03-24 13:29:00,13.94,7.0,63.0,1012.87,11.91,15.93,NE,45.0,0.0,400.6,3.0,weather_underground,,
IICHTE19,WeerstationBS,other,EasyWeatherV1.6.6,51.092,2.999,15.0,2025-03-24 13:34:00,13.89,6.94,63.0,1012.87,10.14,14.64,ENE,67.0,0.0,414.8,4.0,weather_underground,,
IICHTE19,WeerstationBS,other,EasyWeatherV1.6.6,51.092,2.999,15.0,2025-03-24 13:39:00,13.89,7.22,64.0,1012.87,8.53,12.55,NE,45.0,0.0,402.5,3.0,weather_underground,,
IICHTE19,WeerstationBS,other,EasyWeatherV1.6.6,51.092,2.999,15.0,2025-03-24 13:44:00,14.06,7.11,63.0,1012.87,9.17,12.07,East,,0.0,401.6,3.0,weather_underground,,
IICHTE19,WeerstationBS,other,EasyWeatherV1.6.6,51.092,2.999,15.0,2025-03-24 13:49:00,14.39,7.67,64.0,1012.87,7.72,11.27,NE,45.0,0.0,425.4,4.0,weather_underground,,
IICHTE19,WeerstationBS,other,EasyWeatherV1.6.6,51.092,2.999,15.0,2025-03-24 13:54:00,14.5,7.78,64.0,1012.87,11.59,14.97,NNE,22.0,0.0,458.6,4.0,weather_underground,,
IICHTE19,WeerstationBS,other,EasyWeatherV1.6.6,51.092,2.999,15.0,2025-03-24 13:59:00,14.0,7.33,64.0,1012.87,11.75,15.13,NE,45.0,0.0,280.5,2.0,weather_underground,,
IICHTE19,WeerstationBS,other,EasyWeatherV1.6.6,51.092,2.999,15.0,2025-03-24 14:04:00,13.0,6.83,66.0,1012.87,8.37,11.91,NE,45.0,0.0,392.8,3.0,weather_underground,,
IICHTE19,WeerstationBS,other,EasyWeatherV1.6.6,51.092,2.999,15.0,2025-03-24 14:09:00,13.61,7.11,65.0,1012.87,9.01,12.87,NE,45.0,0.0,393.0,3.0,weather_underground,,
IICHTE19,WeerstationBS,other,EasyWeatherV1.6.6,51.092,2.999,15.0,2025-03-24 14:14:00,13.94,6.78,62.0,1012.87,10.78,14.97,ENE,67.0,0.0,379.3,3.0,weather_underground,,
IICHTE19,WeerstationBS,other,EasyWeatherV1.6.6,51.092,2.999,15.0,2025-03-24 14:19:00,14.17,6.61,60.0,1012.53,11.43,15.61,ENE,67.0,0.0,378.7,3.0,weather_underground,,
IICHTE19,WeerstationBS,other,EasyWeatherV1.6.6,51.092,2.999,15.0,2025-03-24 14:24:00,14.17,6.67,61.0,1012.87,11.1,14.64,ENE,67.0,0.0,380.4,3.0,weather_underground,,
IICHTE19,WeerstationBS,other,EasyWeatherV1.6.6,51.092,2.999,15.0,2025-03-24 14:29:00,14.33,7.33,63.0,1012.87,6.76,9.33,ENE,67.0,0.0,376.3,3.0,weather_underground,,
IICHTE19,WeerstationBS,other,EasyWeatherV1.6.6,51.092,2.999,15.0,2025-03-24 14:34:00,14.33,7.39,63.0,1012.87,9.98,13.2,NE,45.0,0.0,398.0,3.0,weather_underground,,
IICHTE19,WeerstationBS,other,EasyWeatherV1.6.6,51.092,2.999,15.0,2025-03-24 14:39:00,14.33,7.61,64.0,1012.87,11.59,15.45,NE,45.0,0.0,392.8,3.0,weather_underground,,
IICHTE19,WeerstationBS,other,EasyWeatherV1.6.6,51.092,2.999,15.0,2025-03-24 14:44:00,14.22,7.39,64.0,1012.87,10.3,14.32,NE,45.0,0.0,357.9,3.0,weather_underground,,
IICHTE19,WeerstationBS,other,EasyWeatherV1.6.6,51.092,2.999,15.0,2025-03-24 14:49:00,14.28,7.39,63.0,1012.87,10.78,14.0,NE,45.0,0.0,349.4,3.0,weather_underground,,
IICHTE19,WeerstationBS,other,EasyWeatherV1.6.6,51.092,2.999,15.0,2025-03-24 14:54:00,14.28,7.61,64.0,1012.87,9.98,12.87,NNE,22.0,0.0,392.5,3.0,weather_underground,,
IICHTE19,WeerstationBS,other,EasyWeatherV1.6.6,51.092,2.999,15.0,2025-03-24 14:59:00,14.56,7.5,62.0,1012.87,8.21,11.75,ENE,67.0,0.0,392.6,3.0,weather_underground,,
IICHTE19,WeerstationBS,other,EasyWeatherV1.6.6,51.092,2.999,15.0,2025-03-24 15:04:00,14.72,7.61,62.0,1012.87,7.56,10.94,ENE,67.0,0.0,420.9,4.0,weather_underground,,
IICHTE19,WeerstationBS,other,EasyWeatherV1.6.6,51.092,2.999,15.0,2025-03-24 15:09:00,14.44,7.39,63.0,1012.53,12.71,16.9,NE,45.0,0.0,424.2,4.0,weather_underground,,
IICHTE19,WeerstationBS,other,EasyWeatherV1.6.6,51.092,2.999,15.0,2025-03-24 15:14:00,13.83,7.33,65.0,1012.87,10.3,13.84,NE,45.0,0.0,386.3,3.0,weather_underground,,
IICHTE19,WeerstationBS,other,EasyWeatherV1.6.6,51.092,2.999,15.0,2025-03-24 15:19:00,13.83,7.11,64.0,1012.87,9.82,13.04,NE,45.0,0.0,386.6,3.0,weather_underground,,
IICHTE19,WeerstationBS,other,EasyWeatherV1.6.6,51.092,2.999,15.0,2025-03-24 15:24:00,13.89,7.11,64.0,1012.87,7.08,10.3,NE,45.0,0.0,286.4,2.0,weather_underground,,
IICHTE19,WeerstationBS,other,EasyWeatherV1.6.6,51.092,2.999,15.0,2025-03-24 15:29:00,13.67,7.0,64.0,1012.87,10.14,13.52,NNE,22.0,0.0,378.7,3.0,weather_underground,,
IICHTE19,WeerstationBS,other,EasyWeatherV1.6.6,51.092,2.999,15.0,2025-03-24 15:34:00,13.5,6.94,64.0,1013.21,6.28,8.85,NE,45.0,0.0,299.2,2.0,weather_underground,,
IICHTE19,WeerstationBS,other,EasyWeatherV1.6.6,51.092,2.999,15.0,2025-03-24 15:39:00,13.44,6.72,64.0,1012.87,7.24,10.14,NE,45.0,0.0,302.5,2.0,weather_underground,,
IICHTE19,WeerstationBS,other,EasyWeatherV1.6.6,51.092,2.999,15.0,2025-03-24 15:44:00,14.11,7.17,63.0,1012.87,6.76,9.5,ENE,67.0,0.0,302.0,2.0,weather_underground,,
IICHTE19,WeerstationBS,other,EasyWeatherV1.6.6,51.092,2.999,15.0,2025-03-24 15:49:00,14.56,7.28,62.0,1012.87,7.08,9.98,ENE,67.0,0.0,318.6,3.0,weather_underground,,
IICHTE19,WeerstationBS,other,EasyWeatherV1.6.6,51.092,2.999,15.0,2025-03-24 15:54:00,14.89,7.44,61.0,1012.53,7.24,9.82,East,,0.0,320.8,3.0,weather_underground,,
IICHTE19,WeerstationBS,other,EasyWeatherV1.6.6,51.092,2.999,15.0,2025-03-24 15:59:00,14.67,7.17,61.0,1012.53,8.85,12.55,ENE,67.0,0.0,286.0,2.0,weather_underground,,
IICHTE19,WeerstationBS,other,EasyWeatherV1.6.6,51.092,2.999,15.0,2025-03-24 16:04:00,14.44,7.61,63.0,1012.53,8.53,11.27,NE,45.0,0.0,290.7,2.0,weather_underground,,
IICHTE19,WeerstationBS,other,EasyWeatherV1.6.6,51.092,2.999,15.0,2025-03-24 16:09:00,14.17,7.78,66.0,1012.87,8.53,10.62,NNE,22.0,0.0,291.0,2.0,weather_underground,,
IICHTE19,WeerstationBS,other,EasyWeatherV1.6.6,51.092,2.999,15.0,2025-03-24 16:14:00,13.72,7.72,67.0,1012.53,8.05,11.1,NE,45.0,0.0,114.8,1.0,weather_underground,,
IICHTE19,WeerstationBS,other,EasyWeatherV1.6.6,51.092,2.999,15.0,2025-03-24 16:19:00,13.44,7.39,67.0,1012.53,9.17,11.43,NNE,22.0,0.0,124.8,1.0,weather_underground,,
IICHTE19,WeerstationBS,other,EasyWeatherV1.6.6,51.092,2.999,15.0,2025-03-24 16:24:00,13.17,7.11,67.0,1012.53,8.69,10.78,NNE,22.0,0.0,198.6,1.0,weather_underground,,
IICHTE19,WeerstationBS,other,EasyWeatherV1.6.6,51.092,2.999,15.0,2025-03-24 16:29:00,13.5,7.28,66.0,1012.87,9.33,12.55,NNE,22.0,0.0,216.9,2.0,weather_underground,,
IICHTE19,WeerstationBS,other,EasyWeatherV1.6.6,51.092,2.999,15.0,2025-03-24 16:34:00,13.61,7.28,66.0,1012.53,7.24,9.82,NNE,22.0,0.0,192.2,1.0,weather_underground,,
IICHTE19,WeerstationBS,other,EasyWeatherV1.6.6,51.092,2.999,15.0,2025-03-24 16:39:00,14.28,7.78,65.0,1012.87,4.83,6.6,ENE,67.0,0.0,196.1,1.0,weather_underground,,
IICHTE19,WeerstationBS,other,EasyWeatherV1.6.6,51.092,2.999,15.0,2025-03-24 16:44:00,14.33,7.44,63.0,1012.87,8.69,11.43,NE,45.0,0.0,189.2,1.0,weather_underground,,
IICHTE19,WeerstationBS,other,EasyWeatherV1.6.6,51.092,2.999,15.0,2025-03-24 16:49:00,14.0,7.44,65.0,1012.53,6.44,8.85,NE,45.0,0.0,152.0,1.0,weather_underground,,
IICHTE19,WeerstationBS,other,EasyWeatherV1.6.6,51.092,2.999,15.0,2025-03-24 16:54:00,14.0,7.33,64.0,1012.87,7.72,10.94,NE,45.0,0.0,164.7,1.0,weather_underground,,
IICHTE19,WeerstationBS,other,EasyWeatherV1.6.6,51.092,2.999,15.0,2025-03-24 16:59:00,14.28,7.5,64.0,1012.87,9.01,12.55,NE,45.0,0.0,147.0,1.0,weather_underground,,
IICHTE19,WeerstationBS,other,EasyWeatherV1.6.6,51.092,2.999,15.0,2025-03-24 17:04:00,14.06,7.5,65.0,1012.53,9.5,12.39,NNE,22.0,0.0,123.7,1.0,weather_underground,,
IICHTE19,WeerstationBS,other,EasyWeatherV1.6.6,51.092,2.999,15.0,2025-03-24 17:09:00,13.5,7.39,67.0,1012.87,8.37,11.1,NNE,22.0,0.0,119.2,1.0,weather_underground,,
IICHTE19,WeerstationBS,other,EasyWeatherV1.6.6,51.092,2.999,15.0,2025-03-24 17:14:00,13.61,7.78,68.0,1012.87,6.44,9.33,NE,45.0,0.0,107.6,1.0,weather_underground,,
IICHTE19,WeerstationBS,other,EasyWeatherV1.6.6,51.092,2.999,15.0,2025-03-24 17:19:00,13.56,7.72,68.0,1012.87,5.63,7.89,NE,45.0,0.0,88.8,0.0,weather_underground,,
IICHTE19,WeerstationBS,other,EasyWeatherV1.6.6,51.092,2.999,15.0,2025-03-24 17:24:00,13.67,7.56,67.0,1012.87,5.95,7.72,NE,45.0,0.0,67.6,0.0,weather_underground,,
IICHTE19,WeerstationBS,other,EasyWeatherV1.6.6,51.092,2.999,15.0,2025-03-24 17:29:00,13.72,7.39,65.0,1012.87,6.44,8.85,NE,45.0,0.0,63.4,0.0,weather_underground,,
IICHTE19,WeerstationBS,other,EasyWeatherV1.6.6,51.092,2.999,15.0,2025-03-24 17:34:00,13.67,7.67,67.0,1012.87,5.79,7.89,NE,45.0,0.0,59.7,0.0,weather_underground,,
IICHTE19,WeerstationBS,other,EasyWeatherV1.6.6,51.092,2.999,15.0,2025-03-24 17:39:00,13.44,7.56,68.0,1012.87,5.95,8.05,NE,45.0,0.0,62.0,0.0,weather_underground,,
IICHTE19,WeerstationBS,other,EasyWeatherV1.6.6,51.092,2.999,15.0,2025-03-24 17:44:00,13.5,7.67,68.0,1012.87,6.12,8.37,NE,45.0,0.0,59.3,0.0,weather_underground,,
IICHTE19,WeerstationBS,other,EasyWeatherV1.6.6,51.092,2.999,15.0,2025-03-24 17:49:00,13.28,7.67,69.0,1012.87,7.4,9.66,NNE,22.0,0.0,53.2,0.0,weather_underground,,
IICHTE19,WeerstationBS,other,EasyWeatherV1.6.6,51.092,2.999,15.0,2025-03-24 17:54:00,12.78,7.67,71.0,1012.87,5.31,6.44,NNE,22.0,0.0,48.3,0.0,weather_underground,,
IICHTE19,WeerstationBS,other,EasyWeatherV1.6.6,51.092,2.999,15.0,2025-03-24 17:59:00,12.89,7.61,70.0,1012.87,6.12,7.89,NNE,22.0,0.0,47.8,0.0,weather_underground,,
IICHTE19,WeerstationBS,other,EasyWeatherV1.6.6,51.092,2.999,15.0,2025-03-24 18:04:00,13.22,7.78,70.0,1012.87,4.99,6.6,NNE,22.0,0.0,47.7,0.0,weather_underground,,
IICHTE19,WeerstationBS,other,EasyWeatherV1.6.6,51.092,2.999,15.0,2025-03-24 18:09:00,13.22,7.89,70.0,1012.87,4.02,5.79,NNE,22.0,0.0,46.7,0.0,weather_underground,,
IICHTE19,WeerstationBS,other,EasyWeatherV1.6.6,51.092,2.999,15.0,2025-03-24 18:14:00,13.17,7.56,69.0,1012.87,6.92,9.01,NE,45.0,0.0,44.6,0.0,weather_underground,,
IICHTE19,WeerstationBS,other,EasyWeatherV1.6.6,51.092,2.999,15.0,2025-03-24 18:19:00,13.28,7.11,66.0,1012.87,7.72,10.3,NE,45.0,0.0,37.3,0.0,weather_underground,,
IICHTE19,WeerstationBS,other,EasyWeatherV1.6.6,51.092,2.999,15.0,2025-03-24 18:24:00,13.0,7.39,69.0,1012.87,5.47,6.92,NNE,22.0,0.0,32.8,0.0,weather_underground,,
IICHTE19,WeerstationBS,other,EasyWeatherV1.6.6,51.092,2.999,15.0,2025-03-24 18:29:00,12.83,7.33,69.0,1012.87,4.18,5.79,NE,45.0,0.0,30.1,0.0,weather_underground,,
IICHTE19,WeerstationBS,other,EasyWeatherV1.6.6,51.092,2.999,15.0,2025-03-24 18:34:00,12.78,7.28,69.0,1012.87,4.35,5.95,NNE,22.0,0.0,27.9,0.0,weather_underground,,
IICHTE19,WeerstationBS,other,EasyWeatherV1.6.6,51.092,2.999,15.0,2025-03-24 18:39:00,12.72,7.22,69.0,1012.87,4.67,6.28,NNE,22.0,0.0,25.8,0.0,weather_underground,,
IICHTE19,WeerstationBS,other,EasyWeatherV1.6.6,51.092,2.999,15.0,2025-03-24 18:44:00,12.61,7.28,70.0,1012.87,4.02,5.47,NNE,22.0,0.0,22.2,0.0,weather_underground,,
IICHTE19,WeerstationBS,other,EasyWeatherV1.6.6,51.092,2.999,15.0,2025-03-24 18:49:00,12.39,7.17,70.0,1013.21,3.86,5.15,NNE,22.0,0.0,19.5,0.0,weather_underground,,
IICHTE19,WeerstationBS,other,EasyWeatherV1.6.6,51.092,2.999,15.0,2025-03-24 18:54:00,12.28,7.06,70.0,1013.21,3.54,4.67,NNE,22.0,0.0,17.2,0.0,weather_underground,,
IICHTE19,WeerstationBS,other,EasyWeatherV1.6.6,51.092,2.999,15.0,2025-03-24 18:59:00,12.0,7.0,72.0,1013.21,2.41,3.38,NNE,22.0,0.0,14.4,0.0,weather_underground,,
IICHTE19,WeerstationBS,other,EasyWeatherV1.6.6,51.092,2.999,15.0,2025-03-24 19:04:00,11.72,6.94,73.0,1013.21,1.61,2.25,,,0.0,11.9,0.0,weather_underground,,
IICHTE19,WeerstationBS,other,EasyWeatherV1.6.6,51.092,2.999,15.0,2025-03-24 19:09:00,11.5,6.89,73.0,1013.21,1.61,2.25,NNW,337.0,0.0,9.5,0.0,weather_underground,,
IICHTE19,WeerstationBS,other,EasyWeatherV1.6.6,51.092,2.999,15.0,2025-03-24 19:14:00,11.39,7.0,74.0,1013.21,1.13,1.45,NNW,337.0,0.0,7.3,0.0,weather_underground,,
IICHTE19,WeerstationBS,other,EasyWeatherV1.6.6,51.092,2.999,15.0,2025-03-24 19:19:00,11.28,6.89,74.0,1013.55,0.32,1.29,NNW,337.0,0.0,5.0,0.0,weather_underground,,
IICHTE19,WeerstationBS,other,EasyWeatherV1.6.6,51.092,2.999,15.0,2025-03-24 19:24:00,11.22,6.89,75.0,1013.55,0.32,1.29,NNW,337.0,0.0,3.2,0.0,weather_underground,,
IICHTE19,WeerstationBS,other,EasyWeatherV1.6.6,51.092,2.999,15.0,2025-03-24 19:29:00,11.11,6.78,75.0,1013.21,0.97,1.77,NNW,337.0,0.0,1.9,0.0,weather_underground,,
IICHTE19,WeerstationBS,other,EasyWeatherV1.6.6,51.092,2.999,15.0,2025-03-24 19:34:00,10.94,6.83,76.0,1013.21,0.8,1.77,NNW,337.0,0.0,1.0,0.0,weather_underground,,
IICHTE19,WeerstationBS,other,EasyWeatherV1.6.6,51.092,2.999,15.0,2025-03-24 19:39:00,10.83,6.72,76.0,1013.55,0.48,1.45,NNW,337.0,0.0,0.5,0.0,weather_underground,,
IICHTE19,WeerstationBS,other,EasyWeatherV1.6.6,51.092,2.999,15.0,2025-03-24 19:44:00,10.83,6.72,76.0,1013.55,1.29,1.77,NNW,337.0,0.0,0.2,0.0,weather_underground,,
IICHTE19,WeerstationBS,other,EasyWeatherV1.6.6,51.092,2.999,15.0,2025-03-24 19:49:00,10.89,6.78,76.0,1013.55,0.97,1.77,NNW,337.0,0.0,0.1,0.0,weather_underground,,
IICHTE19,WeerstationBS,other,EasyWeatherV1.6.6,51.092,2.999,15.0,2025-03-24 19:54:00,10.78,6.72,76.0,1013.55,1.61,1.77,NNW,337.0,0.0,0.0,0.0,weather_underground,,
IICHTE19,WeerstationBS,other,EasyWeatherV1.6.6,51.092,2.999,15.0,2025-03-24 19:59:00,10.78,6.67,76.0,1013.55,1.61,1.77,NNW,337.0,0.0,0.0,0.0,weather_underground,,
IICHTE19,WeerstationBS,other,EasyWeatherV1.6.6,51.092,2.999,15.0,2025-03-24 20:04:00,10.56,6.61,77.0,1013.55,0.97,1.77,NNW,337.0,0.0,0.0,0.0,weather_underground,,
IICHTE19,WeerstationBS,other,EasyWeatherV1.6.6,51.092,2.999,15.0,2025-03-24 20:09:00,10.33,6.61,78.0,1013.89,0.48,1.13,NNW,337.0,0.0,0.0,0.0,weather_underground,,
IICHTE19,WeerstationBS,other,EasyWeatherV1.6.6,51.092,2.999,15.0,2025-03-24 20:14:00,10.17,6.56,79.0,1013.89,1.29,1.77,NNW,337.0,0.0,0.0,0.0,weather_underground,,
IICHTE19,WeerstationBS,other,EasyWeatherV1.6.6,51.092,2.999,15.0,2025-03-24 20:19:00,10.17,6.67,79.0,1013.89,1.61,1.77,NNW,337.0,0.0,0.0,0.0,weather_underground,,
IICHTE19,WeerstationBS,other,EasyWeatherV1.6.6,51.092,2.999,15.0,2025-03-24 20:24:00,10.11,6.61,79.0,1013.55,1.61,1.77,NNW,337.0,0.0,0.0,0.0,weather_underground,,
IICHTE19,WeerstationBS,other,EasyWeatherV1.6.6,51.092,2.999,15.0,2025-03-24 20:29:00,9.94,6.44,79.0,1013.89,1.61,1.77,NNW,337.0,0.0,0.0,0.0,weather_underground,,
IICHTE19,WeerstationBS,other,EasyWeatherV1.6.6,51.092,2.999,15.0,2025-03-24 20:34:00,9.89,6.56,80.0,1013.89,1.29,1.77,NNW,337.0,0.0,0.0,0.0,weather_underground,,
IICHTE19,WeerstationBS,other,EasyWeatherV1.6.6,51.092,2.999,15.0,2025-03-24 20:39:00,9.67,6.28,80.0,1013.89,0.16,0.16,NNW,337.0,0.0,0.0,0.0,weather_underground,,
IICHTE19,WeerstationBS,other,EasyWeatherV1.6.6,51.092,2.999,15.0,2025-03-24 20:44:00,9.5,6.33,81.0,1013.89,0.0,0.0,NNW,337.0,0.0,0.0,0.0,weather_underground,,
IICHTE19,WeerstationBS,other,EasyWeatherV1.6.6,51.092,2.999,15.0,2025-03-24 20:49:00,9.39,6.33,81.0,1013.89,0.0,0.0,NNW,337.0,0.0,0.0,0.0,weather_underground,,
IICHTE19,WeerstationBS,other,EasyWeatherV1.6.6,51.092,2.999,15.0,2025-03-24 20:54:00,9.33,6.44,82.0,1013.89,0.16,0.32,NNW,337.0,0.0,0.0,0.0,weather_underground,,
IICHTE19,WeerstationBS,other,EasyWeatherV1.6.6,51.092,2.999,15.0,2025-03-24 20:59:00,9.33,6.39,82.0,1013.89,0.0,0.0,NNW,337.0,0.0,0.0,0.0,weather_underground,,
IICHTE19,WeerstationBS,other,EasyWeatherV1.6.6,51.092,2.999,15.0,2025-03-24 21:04:00,8.89,6.06,82.0,1013.55,0.0,0.0,NNW,337.0,0.0,0.0,0.0,weather_underground,,
IICHTE19,WeerstationBS,other,EasyWeatherV1.6.6,51.092,2.999,15.0,2025-03-24 21:09:00,8.5,5.83,83.0,1013.89,0.0,0.0,NNW,337.0,0.0,0.0,0.0,weather_underground,,
IICHTE19,WeerstationBS,other,EasyWeatherV1.6.6,51.092,2.999,15.0,2025-03-24 21:14:00,8.11,5.78,85.0,1013.89,0.0,0.0,WNW,292.0,0.0,0.0,0.0,weather_underground,,
IICHTE19,WeerstationBS,other,EasyWeatherV1.6.6,51.092,2.999,15.0,2025-03-24 21:19:00,7.94,5.72,86.0,1013.89,0.0,0.0,WNW,292.0,0.0,0.0,0.0,weather_underground,,
IICHTE19,WeerstationBS,other,EasyWeatherV1.6.6,51.092,2.999,15.0,2025-03-24 21:24:00,7.44,5.39,87.0,1013.89,0.0,0.0,WNW,292.0,0.0,0.0,0.0,weather_underground,,
IICHTE19,WeerstationBS,other,EasyWeatherV1.6.6,51.092,2.999,15.0,2025-03-24 21:29:00,7.44,5.5,87.0,1013.89,0.0,0.0,WNW,292.0,0.0,0.0,0.0,weather_underground,,
IICHTE19,WeerstationBS,other,EasyWeatherV1.6.6,51.092,2.999,15.0,2025-03-24 21:34:00,7.11,5.22,88.0,1013.89,0.0,0.0,WNW,292.0,0.0,0.0,0.0,weather_underground,,
IICHTE19,WeerstationBS,other,EasyWeatherV1.6.6,51.092,2.999,15.0,2025-03-24 21:39:00,6.83,5.06,89.0,1013.89,0.0,0.0,WNW,292.0,0.0,0.0,0.0,weather_underground,,
IICHTE19,WeerstationBS,other,EasyWeatherV1.6.6,51.092,2.999,15.0,2025-03-24 21:44:00,6.78,5.17,89.0,1013.89,0.0,0.0,WNW,292.0,0.0,0.0,0.0,weather_underground,,
IICHTE19,WeerstationBS,other,EasyWeatherV1.6.6,51.092,2.999,15.0,2025-03-24 21:49:00,6.94,5.44,90.0,1014.22,0.0,0.0,WNW,292.0,0.0,0.0,0.0,weather_underground,,
IICHTE19,WeerstationBS,other,EasyWeatherV1.6.6,51.092,2.999,15.0,2025-03-24 21:54:00,7.06,5.56,90.0,1014.22,0.0,0.0,WNW,292.0,0.0,0.0,0.0,weather_underground,,
IICHTE19,WeerstationBS,other,EasyWeatherV1.6.6,51.092,2.999,15.0,2025-03-24 21:59:00,6.89,5.39,90.0,1014.22,0.0,0.0,WNW,292.0,0.0,0.0,0.0,weather_underground,,
IICHTE19,WeerstationBS,other,EasyWeatherV1.6.6,51.092,2.999,15.0,2025-03-24 22:04:00,6.72,5.22,90.0,1013.89,0.0,0.0,WNW,292.0,0.0,0.0,0.0,weather_underground,,
IICHTE19,WeerstationBS,other,EasyWeatherV1.6.6,51.092,2.999,15.0,2025-03-24 22:09:00,6.5,5.22,91.0,1013.89,0.0,0.0,WNW,292.0,0.0,0.0,0.0,weather_underground,,
IICHTE19,WeerstationBS,other,EasyWeatherV1.6.6,51.092,2.999,15.0,2025-03-24 22:14:00,6.61,5.33,91.0,1013.89,0.0,0.0,WNW,292.0,0.0,0.0,0.0,weather_underground,,
IICHTE19,WeerstationBS,other,EasyWeatherV1.6.6,51.092,2.999,15.0,2025-03-24 22:19:00,6.33,5.06,91.0,1014.22,0.0,0.0,WNW,292.0,0.0,0.0,0.0,weather_underground,,
IICHTE19,WeerstationBS,other,EasyWeatherV1.6.6,51.092,2.999,15.0,2025-03-24 22:24:00,6.17,4.94,92.0,1014.22,0.0,0.0,WNW,292.0,0.0,0.0,0.0,weather_underground,,
IICHTE19,WeerstationBS,other,EasyWeatherV1.6.6,51.092,2.999,15.0,2025-03-24 22:29:00,5.83,4.67,92.0,1014.22,0.0,0.0,WNW,292.0,0.0,0.0,0.0,weather_underground,,
IICHTE19,WeerstationBS,other,EasyWeatherV1.6.6,51.092,2.999,15.0,2025-03-24 22:34:00,6.06,4.83,92.0,1014.22,0.0,0.0,WNW,292.0,0.0,0.0,0.0,weather_underground,,
IICHTE19,WeerstationBS,other,EasyWeatherV1.6.6,51.092,2.999,15.0,2025-03-24 22:39:00,5.72,4.56,92.0,1014.22,0.0,0.0,WNW,292.0,0.0,0.0,0.0,weather_underground,,
IICHTE19,WeerstationBS,other,EasyWeatherV1.6.6,51.092,2.999,15.0,2025-03-24 22:44:00,5.56,4.44,93.0,1014.22,0.0,0.0,WNW,292.0,0.0,0.0,0.0,weather_underground,,
IICHTE19,WeerstationBS,other,EasyWeatherV1.6.6,51.092,2.999,15.0,2025-03-24 22:49:00,5.83,4.72,93.0,1014.22,0.0,0.0,WNW,292.0,0.0,0.0,0.0,weather_underground,,
IICHTE19,WeerstationBS,other,EasyWeatherV1.6.6,51.092,2.999,15.0,2025-03-24 22:54:00,5.78,4.72,93.0,1014.22,0.0,0.0,WNW,292.0,0.0,0.0,0.0,weather_underground,,
IICHTE19,WeerstationBS,other,EasyWeatherV1.6.6,51.092,2.999,15.0,2025-03-24 22:59:00,5.78,4.72,94.0,1014.22,0.0,0.0,WNW,292.0,0.0,0.0,0.0,weather_underground,,
IICHTE19,WeerstationBS,other,EasyWeatherV1.6.6,51.092,2.999,15.0,2025-03-24 23:04:00,5.89,4.89,94.0,1014.22,0.0,0.0,WNW,292.0,0.0,0.0,0.0,weather_underground,,
IICHTE19,WeerstationBS,other,EasyWeatherV1.6.6,51.092,2.999,15.0,2025-03-24 23:09:00,5.61,4.56,94.0,1014.22,0.0,0.0,WNW,292.0,0.0,0.0,0.0,weather_underground,,
IICHTE19,WeerstationBS,other,EasyWeatherV1.6.6,51.092,2.999,15.0,2025-03-24 23:14:00,5.22,4.22,94.0,1014.56,0.0,0.0,WNW,292.0,0.0,0.0,0.0,weather_underground,,
IICHTE19,WeerstationBS,other,EasyWeatherV1.6.6,51.092,2.999,15.0,2025-03-24 23:19:00,5.17,4.17,94.0,1014.22,0.0,0.0,WNW,292.0,0.0,0.0,0.0,weather_underground,,
IICHTE19,WeerstationBS,other,EasyWeatherV1.6.6,51.092,2.999,15.0,2025-03-24 23:24:00,5.17,4.17,94.0,1014.22,0.0,0.0,WNW,292.0,0.0,0.0,0.0,weather_underground,,
IICHTE19,WeerstationBS,other,EasyWeatherV1.6.6,51.092,2.999,15.0,2025-03-24 23:29:00,5.11,4.22,95.0,1014.56,0.0,0.0,WNW,292.0,0.0,0.0,0.0,weather_underground,,
IICHTE19,WeerstationBS,other,EasyWeatherV1.6.6,51.092,2.999,15.0,2025-03-24 23:34:00,5.44,4.61,95.0,1014.56,0.0,0.0,WNW,292.0,0.0,0.0,0.0,weather_underground,,
IICHTE19,WeerstationBS,other,EasyWeatherV1.6.6,51.092,2.999,15.0,2025-03-24 23:39:00,5.39,4.61,95.0,1014.22,0.0,0.0,WNW,292.0,0.0,0.0,0.0,weather_underground,,
IICHTE19,WeerstationBS,other,EasyWeatherV1.6.6,51.092,2.999,15.0,2025-03-24 23:44:00,5.28,4.5,95.0,1014.22,0.0,0.0,WNW,292.0,0.0,0.0,0.0,weather_underground,,
IICHTE19,WeerstationBS,other,EasyWeatherV1.6.6,51.092,2.999,15.0,2025-03-24 23:49:00,5.28,4.5,95.0,1014.22,0.0,0.0,WNW,292.0,0.0,0.0,0.0,weather_underground,,
IICHTE19,WeerstationBS,other,EasyWeatherV1.6.6,51.092,2.999,15.0,2025-03-24 23:54:00,5.22,4.44,95.0,1014.22,0.0,0.0,WNW,292.0,0.0,0.0,0.0,weather_underground,,
IICHTE19,WeerstationBS,other,EasyWeatherV1.6.6,51.092,2.999,15.0,2025-03-24 23:59:00,5.17,4.33,95.0,1014.22,0.0,0.0,WNW,292.0,0.0,0.0,0.0,weather_underground,,
IICHTE19,WeerstationBS,other,EasyWeatherV1.6.6,51.092,2.999,15.0,,,,,,,,,,,,,weather_underground,,
IICHTE19,WeerstationBS,other,EasyWeatherV1.6.6,51.092,2.999,15.0,2025-03-24 00:04:00,5.0,4.22,95.0,1014.22,0.0,0.0,WNW,292.0,0.0,0.0,0.0,weather_underground,,
IICHTE19,WeerstationBS,other,EasyWeatherV1.6.6,51.092,2.999,15.0,2025-03-24 00:09:00,4.94,4.17,95.0,1014.56,0.0,0.0,WNW,292.0,0.0,0.0,0.0,weather_underground,,
IICHTE19,WeerstationBS,other,EasyWeatherV1.6.6,51.092,2.999,15.0,2025-03-24 00:14:00,5.17,4.33,95.0,1014.56,0.0,0.0,WNW,292.0,0.0,0.0,0.0,weather_underground,,
IICHTE19,WeerstationBS,other,EasyWeatherV1.6.6,51.092,2.999,15.0,2025-03-24 00:19:00,5.17,4.33,95.0,1014.56,0.0,0.0,WNW,292.0,0.0,0.0,0.0,weather_underground,,
IICHTE19,WeerstationBS,other,EasyWeatherV1.6.6,51.092,2.999,15.0,2025-03-24 00:24:00,5.11,4.28,95.0,1014.56,0.0,0.0,WNW,292.0,0.0,0.0,0.0,weather_underground,,
IICHTE19,WeerstationBS,other,EasyWeatherV1.6.6,51.092,2.999,15.0,2025-03-24 00:29:00,5.17,4.44,95.0,1014.56,0.0,0.0,WNW,292.0,0.0,0.0,0.0,weather_underground,,
IICHTE19,WeerstationBS,other,EasyWeatherV1.6.6,51.092,2.999,15.0,2025-03-24 00:34:00,5.11,4.28,95.0,1014.56,0.0,0.0,WNW,292.0,0.0,0.0,0.0,weather_underground,,
IICHTE19,WeerstationBS,other,EasyWeatherV1.6.6,51.092,2.999,15.0,2025-03-24 00:39:00,4.72,3.94,95.0,1014.56,0.0,0.0,WNW,292.0,0.0,0.0,0.0,weather_underground,,
IICHTE19,WeerstationBS,other,EasyWeatherV1.6.6,51.092,2.999,15.0,2025-03-24 00:44:00,4.44,3.83,96.0,1014.22,0.0,0.0,WNW,292.0,0.0,0.0,0.0,weather_underground,,
IICHTE19,WeerstationBS,other,EasyWeatherV1.6.6,51.092,2.999,15.0,2025-03-24 00:49:00,4.67,4.17,96.0,1014.56,0.0,0.0,WNW,292.0,0.0,0.0,0.0,weather_underground,,
IICHTE19,WeerstationBS,other,EasyWeatherV1.6.6,51.092,2.999,15.0,2025-03-24 00:54:00,4.72,4.22,96.0,1014.22,0.0,0.0,WNW,292.0,0.0,0.0,0.0,weather_underground,,
IICHTE19,WeerstationBS,other,EasyWeatherV1.6.6,51.092,2.999,15.0,2025-03-24 00:59:00,4.72,4.22,96.0,1014.22,0.0,0.0,WNW,292.0,0.0,0.0,0.0,weather_underground,,
IICHTE19,WeerstationBS,other,EasyWeatherV1.6.6,51.092,2.999,15.0,2025-03-24 01:04:00,4.67,4.17,96.0,1014.22,0.0,0.0,WNW,292.0,0.0,0.0,0.0,weather_underground,,
IICHTE19,WeerstationBS,other,EasyWeatherV1.6.6,51.092,2.999,15.0,2025-03-24 01:09:00,4.5,4.0,96.0,1014.22,0.0,0.0,WNW,292.0,0.0,0.0,0.0,weather_underground,,
IICHTE19,WeerstationBS,other,EasyWeatherV1.6.6,51.092,2.999,15.0,2025-03-24 01:14:00,4.33,3.83,96.0,1014.22,0.0,0.0,WNW,292.0,0.0,0.0,0.0,weather_underground,,
IICHTE19,WeerstationBS,other,EasyWeatherV1.6.6,51.092,2.999,15.0,2025-03-24 01:19:00,4.67,4.17,96.0,1014.22,0.0,0.0,WNW,292.0,0.0,0.0,0.0,weather_underground,,
IICHTE19,WeerstationBS,other,EasyWeatherV1.6.6,51.092,2.999,15.0,2025-03-24 01:24:00,4.61,4.11,96.0,1014.22,0.0,0.0,WNW,292.0,0.0,0.0,0.0,weather_underground,,
IICHTE19,WeerstationBS,other,EasyWeatherV1.6.6,51.092,2.999,15.0,2025-03-24 01:29:00,4.39,3.89,96.0,1014.56,0.0,0.0,WNW,292.0,0.0,0.0,0.0,weather_underground,,
IICHTE19,WeerstationBS,other,EasyWeatherV1.6.6,51.092,2.999,15.0,2025-03-24 01:34:00,4.22,3.72,96.0,1014.56,0.0,0.0,WNW,292.0,0.0,0.0,0.0,weather_underground,,
IICHTE19,WeerstationBS,other,EasyWeatherV1.6.6,51.092,2.999,15.0,2025-03-24 01:39:00,4.11,3.61,96.0,1014.22,0.0,0.0,WNW,292.0,0.0,0.0,0.0,weather_underground,,
IICHTE19,WeerstationBS,other,EasyWeatherV1.6.6,51.092,2.999,15.0,2025-03-24 01:44:00,4.33,3.89,97.0,1014.22,0.0,0.0,WNW,292.0,0.0,0.0,0.0,weather_underground,,
IICHTE19,WeerstationBS,other,EasyWeatherV1.6.6,51.092,2.999,15.0,2025-03-24 01:49:00,4.56,4.06,96.0,1014.22,0.0,0.0,WNW,292.0,0.0,0.0,0.0,weather_underground,,
IICHTE19,WeerstationBS,other,EasyWeatherV1.6.6,51.092,2.999,15.0,2025-03-24 01:54:00,4.5,4.0,96.0,1014.22,0.0,0.0,WNW,292.0,0.0,0.0,0.0,weather_underground,,
IICHTE19,WeerstationBS,other,EasyWeatherV1.6.6,51.092,2.999,15.0,2025-03-24 01:59:00,4.44,3.94,96.0,1013.89,0.0,0.0,WNW,292.0,0.0,0.0,0.0,weather_underground,,
IICHTE19,WeerstationBS,other,EasyWeatherV1.6.6,51.092,2.999,15.0,2025-03-24 02:04:00,4.5,4.0,96.0,1014.22,0.0,0.0,WNW,292.0,0.0,0.0,0.0,weather_underground,,
IICHTE19,WeerstationBS,other,EasyWeatherV1.6.6,51.092,2.999,15.0,2025-03-24 02:09:00,4.61,4.11,96.0,1014.22,0.0,0.0,WNW,292.0,0.0,0.0,0.0,weather_underground,,
IICHTE19,WeerstationBS,other,EasyWeatherV1.6.6,51.092,2.999,15.0,2025-03-24 02:14:00,4.61,4.22,97.0,1013.89,0.0,0.0,WNW,292.0,0.0,0.0,0.0,weather_underground,,
IICHTE19,WeerstationBS,other,EasyWeatherV1.6.6,51.092,2.999,15.0,2025-03-24 02:19:00,4.67,4.28,97.0,1014.22,0.0,0.0,WNW,292.0,0.0,0.0,0.0,weather_underground,,
IICHTE19,WeerstationBS,other,EasyWeatherV1.6.6,51.092,2.999,15.0,2025-03-24 02:24:00,4.78,4.39,97.0,1013.89,0.0,0.0,WNW,292.0,0.0,0.0,0.0,weather_underground,,
IICHTE19,WeerstationBS,other,EasyWeatherV1.6.6,51.092,2.999,15.0,2025-03-24 02:29:00,4.89,4.44,97.0,1013.89,0.0,0.0,WNW,292.0,0.0,0.0,0.0,weather_underground,,
IICHTE19,WeerstationBS,other,EasyWeatherV1.6.6,51.092,2.999,15.0,2025-03-24 02:34:00,4.56,4.06,96.0,1014.22,0.0,0.0,WNW,292.0,0.0,0.0,0.0,weather_underground,,
IICHTE19,WeerstationBS,other,EasyWeatherV1.6.6,51.092,2.999,15.0,2025-03-24 02:39:00,4.11,3.61,96.0,1013.89,0.0,0.0,WNW,292.0,0.0,0.0,0.0,weather_underground,,
IICHTE19,WeerstationBS,other,EasyWeatherV1.6.6,51.092,2.999,15.0,2025-03-24 02:44:00,3.83,3.33,96.0,1013.89,0.0,0.0,WNW,292.0,0.0,0.0,0.0,weather_underground,,
IICHTE19,WeerstationBS,other,EasyWeatherV1.6.6,51.092,2.999,15.0,2025-03-24 02:49:00,3.67,3.17,96.0,1014.22,0.0,0.0,WNW,292.0,0.0,0.0,0.0,weather_underground,,
IICHTE19,WeerstationBS,other,EasyWeatherV1.6.6,51.092,2.999,15.0,2025-03-24 02:54:00,3.44,3.06,97.0,1013.89,0.0,0.0,WNW,292.0,0.0,0.0,0.0,weather_underground,,
IICHTE19,WeerstationBS,other,EasyWeatherV1.6.6,51.092,2.999,15.0,2025-03-24 02:59:00,3.72,3.33,97.0,1013.89,0.0,0.0,WNW,292.0,0.0,0.0,0.0,weather_underground,,
IICHTE19,WeerstationBS,other,EasyWeatherV1.6.6,51.092,2.999,15.0,2025-03-24 03:04:00,3.78,3.39,97.0,1013.89,0.0,0.0,WNW,292.0,0.0,0.0,0.0,weather_underground,,
IICHTE19,WeerstationBS,other,EasyWeatherV1.6.6,51.092,2.999,15.0,2025-03-24 03:09:00,4.11,3.72,97.0,1013.89,0.0,0.0,WNW,292.0,0.0,0.0,0.0,weather_underground,,
IICHTE19,WeerstationBS,other,EasyWeatherV1.6.6,51.092,2.999,15.0,2025-03-24 03:14:00,4.06,3.67,97.0,1013.89,0.0,0.0,WNW,292.0,0.0,0.0,0.0,weather_underground,,
IICHTE19,WeerstationBS,other,EasyWeatherV1.6.6,51.092,2.999,15.0,2025-03-24 03:19:00,3.72,3.28,97.0,1013.89,0.0,0.0,WNW,292.0,0.0,0.0,0.0,weather_underground,,
IICHTE19,WeerstationBS,other,EasyWeatherV1.6.6,51.092,2.999,15.0,2025-03-24 03:24:00,3.72,3.33,97.0,1013.89,0.0,0.0,WNW,292.0,0.0,0.0,0.0,weather_underground,,
IICHTE19,WeerstationBS,other,EasyWeatherV1.6.6,51.092,2.999,15.0,2025-03-24 03:29:00,4.06,3.67,97.0,1013.89,0.0,0.0,WNW,292.0,0.0,0.0,0.0,weather_underground,,
IICHTE19,WeerstationBS,other,EasyWeatherV1.6.6,51.092,2.999,15.0,2025-03-24 03:34:00,3.94,3.56,97.0,1013.89,0.0,0.0,WNW,292.0,0.0,0.0,0.0,weather_underground,,
IICHTE19,WeerstationBS,other,EasyWeatherV1.6.6,51.092,2.999,15.0,2025-03-24 03:39:00,3.89,3.44,97.0,1013.89,0.0,0.0,WNW,292.0,0.0,0.0,0.0,weather_underground,,
IICHTE19,WeerstationBS,other,EasyWeatherV1.6.6,51.092,2.999,15.0,2025-03-24 03:44:00,3.72,3.33,97.0,1013.89,0.0,0.0,WNW,292.0,0.0,0.0,0.0,weather_underground,,
IICHTE19,WeerstationBS,other,EasyWeatherV1.6.6,51.092,2.999,15.0,2025-03-24 03:49:00,4.11,3.67,97.0,1013.89,0.0,0.0,WNW,292.0,0.0,0.0,0.0,weather_underground,,
IICHTE19,WeerstationBS,other,EasyWeatherV1.6.6,51.092,2.999,15.0,2025-03-24 03:54:00,4.17,3.78,97.0,1013.89,0.0,0.0,WNW,292.0,0.0,0.0,0.0,weather_underground,,
IICHTE19,WeerstationBS,other,EasyWeatherV1.6.6,51.092,2.999,15.0,2025-03-24 03:59:00,3.83,3.44,97.0,1013.89,0.0,0.0,WNW,292.0,0.0,0.0,0.0,weather_underground,,
IICHTE19,WeerstationBS,other,EasyWeatherV1.6.6,51.092,2.999,15.0,2025-03-24 04:04:00,3.83,3.44,97.0,1013.89,0.0,0.0,WNW,292.0,0.0,0.0,0.0,weather_underground,,
IICHTE19,WeerstationBS,other,EasyWeatherV1.6.6,51.092,2.999,15.0,2025-03-24 04:09:00,4.06,3.67,97.0,1013.89,0.0,0.0,WNW,292.0,0.0,0.0,0.0,weather_underground,,
IICHTE19,WeerstationBS,other,EasyWeatherV1.6.6,51.092,2.999,15.0,2025-03-24 04:14:00,4.06,3.67,97.0,1013.89,0.0,0.0,WNW,292.0,0.0,0.0,0.0,weather_underground,,
IICHTE19,WeerstationBS,other,EasyWeatherV1.6.6,51.092,2.999,15.0,2025-03-24 04:19:00,3.78,3.33,97.0,1013.89,0.0,0.0,WNW,292.0,0.0,0.0,0.0,weather_underground,,
IICHTE19,WeerstationBS,other,EasyWeatherV1.6.6,51.092,2.999,15.0,2025-03-24 04:24:00,3.67,3.28,97.0,1013.89,0.0,0.0,WNW,292.0,0.0,0.0,0.0,weather_underground,,
IICHTE19,WeerstationBS,other,EasyWeatherV1.6.6,51.092,2.999,15.0,2025-03-24 04:29:00,3.44,3.06,97.0,1013.89,0.0,0.0,WNW,292.0,0.0,0.0,0.0,weather_underground,,
IICHTE19,WeerstationBS,other,EasyWeatherV1.6.6,51.092,2.999,15.0,2025-03-24 04:34:00,3.28,2.83,97.0,1013.89,0.0,0.0,WNW,292.0,0.0,0.0,0.0,weather_underground,,
IICHTE19,WeerstationBS,other,EasyWeatherV1.6.6,51.092,2.999,15.0,2025-03-24 04:39:00,3.33,2.94,97.0,1013.89,0.0,0.0,WNW,292.0,0.0,0.0,0.0,weather_underground,,
IICHTE19,WeerstationBS,other,EasyWeatherV1.6.6,51.092,2.999,15.0,2025-03-24 04:44:00,3.78,3.44,98.0,1013.89,0.0,0.0,WNW,292.0,0.0,0.0,0.0,weather_underground,,
IICHTE19,WeerstationBS,other,EasyWeatherV1.6.6,51.092,2.999,15.0,2025-03-24 04:49:00,3.72,3.33,97.0,1013.89,0.0,0.0,WNW,292.0,0.0,0.0,0.0,weather_underground,,
IICHTE19,WeerstationBS,other,EasyWeatherV1.6.6,51.092,2.999,15.0,2025-03-24 04:54:00,3.67,3.22,97.0,1013.89,0.0,0.0,WNW,292.0,0.0,0.0,0.0,weather_underground,,
IICHTE19,WeerstationBS,other,EasyWeatherV1.6.6,51.092,2.999,15.0,2025-03-24 04:59:00,3.56,3.17,97.0,1013.89,0.0,0.0,WNW,292.0,0.0,0.0,0.0,weather_underground,,
IICHTE19,WeerstationBS,other,EasyWeatherV1.6.6,51.092,2.999,15.0,2025-03-24 05:04:00,3.56,3.17,97.0,1013.89,0.0,0.0,WNW,292.0,0.0,0.0,0.0,weather_underground,,
IICHTE19,WeerstationBS,other,EasyWeatherV1.6.6,51.092,2.999,15.0,2025-03-24 05:09:00,3.78,3.39,97.0,1013.89,0.0,0.0,WNW,292.0,0.0,0.0,0.0,weather_underground,,
IICHTE19,WeerstationBS,other,EasyWeatherV1.6.6,51.092,2.999,15.0,2025-03-24 05:14:00,3.67,3.22,97.0,1013.89,0.0,0.0,WNW,292.0,0.0,0.0,0.0,weather_underground,,
IICHTE19,WeerstationBS,other,EasyWeatherV1.6.6,51.092,2.999,15.0,2025-03-24 05:19:00,3.28,2.89,97.0,1013.89,0.0,0.0,WNW,292.0,0.0,0.0,0.0,weather_underground,,
IICHTE19,WeerstationBS,other,EasyWeatherV1.6.6,51.092,2.999,15.0,2025-03-24 05:24:00,3.17,2.78,97.0,1013.89,0.0,0.0,WNW,292.0,0.0,0.0,0.0,weather_underground,,
IICHTE19,WeerstationBS,other,EasyWeatherV1.6.6,51.092,2.999,15.0,2025-03-24 05:29:00,3.33,3.06,98.0,1013.89,0.0,0.0,WNW,292.0,0.0,0.0,0.0,weather_underground,,
IICHTE19,WeerstationBS,other,EasyWeatherV1.6.6,51.092,2.999,15.0,2025-03-24 05:34:00,3.5,3.22,98.0,1013.89,0.0,0.0,WNW,292.0,0.0,0.0,0.0,weather_underground,,
IICHTE19,WeerstationBS,other,EasyWeatherV1.6.6,51.092,2.999,15.0,2025-03-24 05:39:00,3.44,3.11,98.0,1013.89,0.0,0.0,WNW,292.0,0.0,0.0,0.0,weather_underground,,
IICHTE19,WeerstationBS,other,EasyWeatherV1.6.6,51.092,2.999,15.0,2025-03-24 05:44:00,3.22,2.83,98.0,1013.89,0.0,0.0,WNW,292.0,0.0,0.0,0.0,weather_underground,,
IICHTE19,WeerstationBS,other,EasyWeatherV1.6.6,51.092,2.999,15.0,2025-03-24 05:49:00,3.22,2.94,98.0,1013.89,0.0,0.0,WNW,292.0,0.0,0.0,0.0,weather_underground,,
IICHTE19,WeerstationBS,other,EasyWeatherV1.6.6,51.092,2.999,15.0,2025-03-24 05:54:00,3.17,2.78,97.0,1014.22,0.0,0.0,WNW,292.0,0.0,0.0,0.0,weather_underground,,
IICHTE19,WeerstationBS,other,EasyWeatherV1.6.6,51.092,2.999,15.0,2025-03-24 05:59:00,3.0,2.67,98.0,1013.89,0.0,0.0,WNW,292.0,0.0,0.0,0.0,weather_underground,,
IICHTE19,WeerstationBS,other,EasyWeatherV1.6.6,51.092,2.999,15.0,2025-03-24 06:04:00,3.28,2.94,98.0,1013.89,0.0,0.0,WNW,292.0,0.0,0.0,0.0,weather_underground,,
IICHTE19,WeerstationBS,other,EasyWeatherV1.6.6,51.092,2.999,15.0,2025-03-24 06:09:00,3.22,2.89,98.0,1013.89,0.0,0.0,WNW,292.0,0.0,0.0,0.0,weather_underground,,
IICHTE19,WeerstationBS,other,EasyWeatherV1.6.6,51.092,2.999,15.0,2025-03-24 06:14:00,3.11,2.78,98.0,1014.22,0.0,0.0,WNW,292.0,0.0,0.0,0.0,weather_underground,,
IICHTE19,WeerstationBS,other,EasyWeatherV1.6.6,51.092,2.999,15.0,2025-03-24 06:19:00,3.11,2.78,98.0,1013.89,0.0,0.0,WNW,292.0,0.0,0.0,0.0,weather_underground,,
IICHTE19,WeerstationBS,other,EasyWeatherV1.6.6,51.092,2.999,15.0,2025-03-24 06:24:00,3.33,3.0,98.0,1013.89,0.64,0.97,WNW,292.0,0.0,0.0,0.0,weather_underground,,
IICHTE19,WeerstationBS,other,EasyWeatherV1.6.6,51.092,2.999,15.0,2025-03-24 06:29:00,3.83,3.56,98.0,1013.89,0.16,0.8,WNW,292.0,0.0,0.0,0.0,weather_underground,,
IICHTE19,WeerstationBS,other,EasyWeatherV1.6.6,51.092,2.999,15.0,2025-03-24 06:34:00,3.78,3.44,98.0,1013.89,0.0,0.0,WNW,292.0,0.0,0.0,0.0,weather_underground,,
IICHTE19,WeerstationBS,other,EasyWeatherV1.6.6,51.092,2.999,15.0,2025-03-24 06:39:00,3.78,3.5,98.0,1013.89,0.0,0.0,WNW,292.0,0.0,0.0,0.0,weather_underground,,
IICHTE19,WeerstationBS,other,EasyWeatherV1.6.6,51.092,2.999,15.0,2025-03-24 06:44:00,3.78,3.5,98.0,1013.89,0.0,0.0,WNW,292.0,0.0,0.0,0.0,weather_underground,,
IICHTE19,WeerstationBS,other,EasyWeatherV1.6.6,51.092,2.999,15.0,2025-03-24 06:49:00,3.56,3.28,98.0,1013.89,0.0,0.0,WNW,292.0,0.0,0.0,0.0,weather_underground,,
IICHTE19,WeerstationBS,other,EasyWeatherV1.6.6,51.092,2.999,15.0,2025-03-24 06:54:00,3.39,3.11,98.0,1013.89,0.0,0.0,WNW,292.0,0.0,0.0,0.0,weather_underground,,
IICHTE19,WeerstationBS,other,EasyWeatherV1.6.6,51.092,2.999,15.0,2025-03-24 06:59:00,3.56,3.28,98.0,1013.89,0.0,0.0,WNW,292.0,0.0,0.0,0.0,weather_underground,,
IICHTE19,WeerstationBS,other,EasyWeatherV1.6.6,51.092,2.999,15.0,2025-03-24 07:04:00,3.78,3.5,98.0,1014.22,0.0,0.0,WNW,292.0,0.0,0.0,0.0,weather_underground,,
IICHTE19,WeerstationBS,other,EasyWeatherV1.6.6,51.092,2.999,15.0,2025-03-24 07:09:00,3.72,3.39,98.0,1014.22,0.0,0.0,WNW,292.0,0.0,0.0,0.0,weather_underground,,
IICHTE19,WeerstationBS,other,EasyWeatherV1.6.6,51.092,2.999,15.0,2025-03-24 07:14:00,3.67,3.33,98.0,1014.22,0.0,0.0,WNW,292.0,0.0,0.0,0.0,weather_underground,,
IICHTE19,WeerstationBS,other,EasyWeatherV1.6.6,51.092,2.999,15.0,2025-03-24 07:19:00,3.56,3.28,98.0,1014.22,0.0,0.0,WNW,292.0,0.0,0.0,0.0,weather_underground,,
IICHTE19,WeerstationBS,other,EasyWeatherV1.6.6,51.092,2.999,15.0,2025-03-24 07:24:00,3.5,3.17,98.0,1014.22,0.0,0.0,WNW,292.0,0.0,0.0,0.0,weather_underground,,
IICHTE19,WeerstationBS,other,EasyWeatherV1.6.6,51.092,2.999,15.0,2025-03-24 07:29:00,3.22,2.89,98.0,1013.89,0.0,0.0,WNW,292.0,0.0,0.1,0.0,weather_underground,,
IICHTE19,WeerstationBS,other,EasyWeatherV1.6.6,51.092,2.999,15.0,2025-03-24 07:34:00,2.94,2.67,98.0,1014.22,0.0,0.0,WNW,292.0,0.0,0.2,0.0,weather_underground,,
IICHTE19,WeerstationBS,other,EasyWeatherV1.6.6,51.092,2.999,15.0,2025-03-24 07:39:00,2.78,2.44,98.0,1014.56,0.0,0.0,WNW,292.0,0.0,0.5,0.0,weather_underground,,
IICHTE19,WeerstationBS,other,EasyWeatherV1.6.6,51.092,2.999,15.0,2025-03-24 07:44:00,2.56,2.22,98.0,1014.22,0.0,0.0,WNW,292.0,0.0,1.1,0.0,weather_underground,,
IICHTE19,WeerstationBS,other,EasyWeatherV1.6.6,51.092,2.999,15.0,2025-03-24 07:49:00,2.5,2.22,98.0,1014.22,0.0,0.0,WNW,292.0,0.0,1.9,0.0,weather_underground,,
IICHTE19,WeerstationBS,other,EasyWeatherV1.6.6,51.092,2.999,15.0,2025-03-24 07:54:00,2.83,2.5,98.0,1014.22,0.0,0.0,WNW,292.0,0.0,3.2,0.0,weather_underground,,
IICHTE19,WeerstationBS,other,EasyWeatherV1.6.6,51.092,2.999,15.0,2025-03-24 07:59:00,3.28,3.0,98.0,1014.22,0.0,0.0,WNW,292.0,0.0,4.9,0.0,weather_underground,,
IICHTE19,WeerstationBS,other,EasyWeatherV1.6.6,51.092,2.999,15.0,2025-03-24 08:04:00,3.72,3.44,98.0,1014.56,0.0,0.0,WNW,292.0,0.0,6.8,0.0,weather_underground,,
IICHTE19,WeerstationBS,other,EasyWeatherV1.6.6,51.092,2.999,15.0,2025-03-24 08:09:00,3.61,3.28,98.0,1014.56,0.0,0.0,WNW,292.0,0.0,8.9,0.0,weather_underground,,
IICHTE19,WeerstationBS,other,EasyWeatherV1.6.6,51.092,2.999,15.0,2025-03-24 08:14:00,3.5,3.22,98.0,1014.22,0.0,0.0,WNW,292.0,0.0,11.2,0.0,weather_underground,,
IICHTE19,WeerstationBS,other,EasyWeatherV1.6.6,51.092,2.999,15.0,2025-03-24 08:19:00,3.83,3.5,98.0,1014.56,0.0,0.0,WNW,292.0,0.0,13.6,0.0,weather_underground,,
IICHTE19,WeerstationBS,other,EasyWeatherV1.6.6,51.092,2.999,15.0,2025-03-24 08:24:00,4.28,3.94,98.0,1014.56,0.0,0.0,WNW,292.0,0.0,16.1,0.0,weather_underground,,
IICHTE19,WeerstationBS,other,EasyWeatherV1.6.6,51.092,2.999,15.0,2025-03-24 08:29:00,4.39,4.11,98.0,1014.56,0.0,0.0,WNW,292.0,0.0,18.2,0.0,weather_underground,,
IICHTE19,WeerstationBS,other,EasyWeatherV1.6.6,51.092,2.999,15.0,2025-03-24 08:34:00,4.83,4.5,98.0,1014.56,0.0,0.0,WNW,292.0,0.0,20.0,0.0,weather_underground,,
IICHTE19,WeerstationBS,other,EasyWeatherV1.6.6,51.092,2.999,15.0,2025-03-24 08:39:00,5.22,4.94,98.0,1014.56,0.0,0.0,WNW,292.0,0.0,22.5,0.0,weather_underground,,
IICHTE19,WeerstationBS,other,EasyWeatherV1.6.6,51.092,2.999,15.0,2025-03-24 08:44:00,6.06,5.72,98.0,1014.56,0.0,0.0,WNW,292.0,0.0,25.8,0.0,weather_underground,,
IICHTE19,WeerstationBS,other,EasyWeatherV1.6.6,51.092,2.999,15.0,2025-03-24 08:49:00,6.61,6.28,98.0,1014.56,0.0,0.0,WNW,292.0,0.0,28.8,0.0,weather_underground,,
IICHTE19,WeerstationBS,other,EasyWeatherV1.6.6,51.092,2.999,15.0,2025-03-24 08:54:00,6.5,6.22,98.0,1014.9,0.0,0.0,WNW,292.0,0.0,32.0,0.0,weather_underground,,
IICHTE19,WeerstationBS,other,EasyWeatherV1.6.6,51.092,2.999,15.0,2025-03-24 08:59:00,6.83,6.56,98.0,1014.9,0.0,0.0,WNW,292.0,0.0,35.0,0.0,weather_underground,,
IICHTE19,WeerstationBS,other,EasyWeatherV1.6.6,51.092,2.999,15.0,2025-03-24 09:04:00,7.11,6.78,98.0,1014.9,0.32,0.48,WNW,292.0,0.0,38.2,0.0,weather_underground,,
IICHTE19,WeerstationBS,other,EasyWeatherV1.6.6,51.092,2.999,15.0,2025-03-24 09:09:00,6.94,6.67,98.0,1014.56,0.16,0.48,WNW,292.0,0.0,41.0,0.0,weather_underground,,
IICHTE19,WeerstationBS,other,EasyWeatherV1.6.6,51.092,2.999,15.0,2025-03-24 09:14:00,7.28,7.0,98.0,1014.9,0.0,0.0,WNW,292.0,0.0,44.0,0.0,weather_underground,,
IICHTE19,WeerstationBS,other,EasyWeatherV1.6.6,51.092,2.999,15.0,2025-03-24 09:19:00,7.67,7.33,98.0,1014.56,0.0,0.0,WNW,292.0,0.0,47.0,0.0,weather_underground,,
IICHTE19,WeerstationBS,other,EasyWeatherV1.6.6,51.092,2.999,15.0,2025-03-24 09:24:00,7.94,7.67,98.0,1014.9,0.0,0.0,WNW,292.0,0.0,50.3,0.0,weather_underground,,
IICHTE19,WeerstationBS,other,EasyWeatherV1.6.6,51.092,2.999,15.0,2025-03-24 09:29:00,8.39,8.11,98.0,1014.9,0.0,0.16,WNW,292.0,0.0,55.0,0.0,weather_underground,,
IICHTE19,WeerstationBS,other,EasyWeatherV1.6.6,51.092,2.999,15.0,2025-03-24 09:34:00,8.67,8.33,98.0,1014.9,0.48,0.97,WNW,292.0,0.0,57.7,0.0,weather_underground,,
IICHTE19,WeerstationBS,other,EasyWeatherV1.6.6,51.092,2.999,15.0,2025-03-24 09:39:00,8.94,8.67,98.0,1014.9,0.64,0.97,NW,315.0,0.0,59.6,0.0,weather_underground,,
IICHTE19,WeerstationBS,other,EasyWeatherV1.6.6,51.092,2.999,15.0,2025-03-24 09:44:00,9.33,9.06,98.0,1014.9,0.64,1.13,NNW,337.0,0.0,63.1,0.0,weather_underground,,
IICHTE19,WeerstationBS,other,EasyWeatherV1.6.6,51.092,2.999,15.0,2025-03-24 09:49:00,9.56,9.17,97.0,1014.9,1.13,2.25,NW,315.0,0.0,67.6,0.0,weather_underground,,
IICHTE19,WeerstationBS,other,EasyWeatherV1.6.6,51.092,2.999,15.0,2025-03-24 09:54:00,9.67,9.28,97.0,1014.9,1.61,2.57,NNW,337.0,0.0,72.4,0.0,weather_underground,,
IICHTE19,WeerstationBS,other,EasyWeatherV1.6.6,51.092,2.999,15.0,2025-03-24 09:59:00,9.83,9.44,97.0,1014.9,0.8,1.77,NW,315.0,0.0,77.0,0.0,weather_underground,,
IICHTE19,WeerstationBS,other,EasyWeatherV1.6.6,51.092,2.999,15.0,2025-03-24 10:04:00,10.33,9.89,97.0,1014.9,0.32,0.8,NW,315.0,0.0,82.7,0.0,weather_underground,,
IICHTE19,WeerstationBS,other,EasyWeatherV1.6.6,51.092,2.999,15.0,2025-03-24 10:09:00,10.67,10.17,96.0,1015.24,1.13,1.61,NNW,337.0,0.0,87.5,0.0,weather_underground,,
IICHTE19,WeerstationBS,other,EasyWeatherV1.6.6,51.092,2.999,15.0,2025-03-24 10:14:00,10.67,10.06,96.0,1015.24,0.97,1.77,NNW,337.0,0.0,94.6,0.0,weather_underground,,
IICHTE19,WeerstationBS,other,EasyWeatherV1.6.6,51.092,2.999,15.0,2025-03-24 10:19:00,10.89,9.89,94.0,1015.24,1.45,2.09,NNW,337.0,0.0,102.1,0.0,weather_underground,,
IICHTE19,WeerstationBS,other,EasyWeatherV1.6.6,51.092,2.999,15.0,2025-03-24 10:24:00,10.94,9.83,92.0,1015.24,1.77,2.74,NNW,337.0,0.0,108.7,1.0,weather_underground,,
IICHTE19,WeerstationBS,other,EasyWeatherV1.6.6,51.092,2.999,15.0,2025-03-24 10:29:00,11.17,9.72,91.0,1015.24,1.93,2.9,NNW,337.0,0.0,116.7,1.0,weather_underground,,
IICHTE19,WeerstationBS,other,EasyWeatherV1.6.6,51.092,2.999,15.0,2025-03-24 10:34:00,11.39,9.5,89.0,1014.9,2.25,2.9,NNW,337.0,0.0,127.7,1.0,weather_underground,,
IICHTE19,WeerstationBS,other,EasyWeatherV1.6.6,51.092,2.999,15.0,2025-03-24 10:39:00,11.78,9.56,86.0,1015.24,2.25,3.22,NNW,337.0,0.0,139.7,1.0,weather_underground,,
IICHTE19,WeerstationBS,other,EasyWeatherV1.6.6,51.092,2.999,15.0,2025-03-24 10:44:00,11.89,9.56,85.0,1014.9,2.25,2.9,NNW,337.0,0.0,153.4,1.0,weather_underground,,
IICHTE19,WeerstationBS,other,EasyWeatherV1.6.6,51.092,2.999,15.0,2025-03-24 10:49:00,11.89,9.33,84.0,1015.24,2.57,3.54,NNW,337.0,0.0,167.8,1.0,weather_underground,,
IICHTE19,WeerstationBS,other,EasyWeatherV1.6.6,51.092,2.999,15.0,2025-03-24 10:54:00,12.22,9.33,83.0,1015.24,2.57,3.38,,,0.0,187.3,1.0,weather_underground,,
IICHTE19,WeerstationBS,other,EasyWeatherV1.6.6,51.092,2.999,15.0,2025-03-24 10:59:00,12.28,9.22,82.0,1015.24,2.25,3.54,,,0.0,211.2,2.0,weather_underground,,
IICHTE19,WeerstationBS,other,EasyWeatherV1.6.6,51.092,2.999,15.0,2025-03-24 11:04:00,12.5,9.33,81.0,1014.9,1.93,2.74,NNW,337.0,0.0,236.5,2.0,weather_underground,,
IICHTE19,WeerstationBS,other,EasyWeatherV1.6.6,51.092,2.999,15.0,2025-03-24 11:09:00,12.78,9.5,80.0,1014.9,3.06,3.86,,,0.0,254.5,2.0,weather_underground,,
IICHTE19,WeerstationBS,other,EasyWeatherV1.6.6,51.092,2.999,15.0,2025-03-24 11:14:00,12.56,9.17,80.0,1015.24,2.57,3.38,,,0.0,292.1,2.0,weather_underground,,
IICHTE19,WeerstationBS,other,EasyWeatherV1.6.6,51.092,2.999,15.0,2025-03-24 11:19:00,12.83,9.44,80.0,1014.9,2.09,2.9,NNW,337.0,0.0,302.7,2.0,weather_underground,,
IICHTE19,WeerstationBS,other,EasyWeatherV1.6.6,51.092,2.999,15.0,2025-03-24 11:24:00,13.06,9.33,78.0,1015.24,3.22,4.35,NNW,337.0,0.0,304.0,2.0,weather_underground,,
IICHTE19,WeerstationBS,other,EasyWeatherV1.6.6,51.092,2.999,15.0,2025-03-24 11:29:00,13.06,9.0,76.0,1014.9,2.74,3.86,NW,315.0,0.0,314.2,3.0,weather_underground,,
IICHTE19,WeerstationBS,other,EasyWeatherV1.6.6,51.092,2.999,15.0,2025-03-24 11:34:00,13.22,9.22,77.0,1014.9,2.41,3.22,,,0.0,322.8,3.0,weather_underground,,
IICHTE19,WeerstationBS,other,EasyWeatherV1.6.6,51.092,2.999,15.0,2025-03-24 11:39:00,13.44,9.28,76.0,1014.9,2.9,3.7,NNW,337.0,0.0,328.5,3.0,weather_underground,,
IICHTE19,WeerstationBS,other,EasyWeatherV1.6.6,51.092,2.999,15.0,2025-03-24 11:44:00,13.72,9.33,75.0,1014.9,2.25,3.22,NNW,337.0,0.0,335.4,3.0,weather_underground,,
IICHTE19,WeerstationBS,other,EasyWeatherV1.6.6,51.092,2.999,15.0,2025-03-24 11:49:00,13.72,9.0,73.0,1014.9,3.22,4.35,NNW,337.0,0.0,340.7,3.0,weather_underground,,
IICHTE19,WeerstationBS,other,EasyWeatherV1.6.6,51.092,2.999,15.0,2025-03-24 11:54:00,13.72,8.89,73.0,1014.9,3.86,5.47,WNW,292.0,0.0,345.5,3.0,weather_underground,,
IICHTE19,WeerstationBS,other,EasyWeatherV1.6.6,51.092,2.999,15.0,2025-03-24 11:59:00,13.72,9.06,73.0,1014.9,3.7,4.99,North,,0.0,353.2,3.0,weather_underground,,
IICHTE19,WeerstationBS,other,EasyWeatherV1.6.6,51.092,2.999,15.0,2025-03-24 12:04:00,13.78,9.0,73.0,1014.9,2.41,3.54,NW,315.0,0.0,353.5,3.0,weather_underground,,
IICHTE19,WeerstationBS,other,EasyWeatherV1.6.6,51.092,2.999,15.0,2025-03-24 12:09:00,13.72,8.89,73.0,1014.9,3.22,4.51,North,,0.0,357.0,3.0,weather_underground,,
IICHTE19,WeerstationBS,other,EasyWeatherV1.6.6,51.092,2.999,15.0,2025-03-24 12:14:00,13.89,8.67,71.0,1014.9,4.67,6.12,North,,0.0,355.6,3.0,weather_underground,,
IICHTE19,WeerstationBS,other,EasyWeatherV1.6.6,51.092,2.999,15.0,2025-03-24 12:19:00,13.78,8.44,70.0,1014.9,3.7,4.67,North,,0.0,367.6,3.0,weather_underground,,
IICHTE19,WeerstationBS,other,EasyWeatherV1.6.6,51.092,2.999,15.0,2025-03-24 12:24:00,13.89,8.06,68.0,1014.9,3.86,5.47,West,,0.0,371.1,3.0,weather_underground,,
IICHTE19,WeerstationBS,other,EasyWeatherV1.6.6,51.092,2.999,15.0,2025-03-24 12:29:00,14.06,8.0,67.0,1014.9,3.06,4.83,NNW,337.0,0.0,384.2,3.0,weather_underground,,
IICHTE19,WeerstationBS,other,EasyWeatherV1.6.6,51.092,2.999,15.0,2025-03-24 12:34:00,14.17,8.22,68.0,1014.9,2.74,3.86,NNW,337.0,0.0,386.5,3.0,weather_underground,,
IICHTE19,WeerstationBS,other,EasyWeatherV1.6.6,51.092,2.999,15.0,2025-03-24 12:39:00,14.33,8.33,67.0,1014.9,4.18,5.79,NNE,22.0,0.0,378.5,3.0,weather_underground,,
IICHTE19,WeerstationBS,other,EasyWeatherV1.6.6,51.092,2.999,15.0,2025-03-24 12:44:00,14.17,8.28,68.0,1014.56,3.54,4.83,NNE,22.0,0.0,382.6,3.0,weather_underground,,
IICHTE19,WeerstationBS,other,EasyWeatherV1.6.6,51.092,2.999,15.0,2025-03-24 12:49:00,13.78,7.83,67.0,1014.56,2.41,3.54,North,,0.0,393.0,3.0,weather_underground,,
IICHTE19,WeerstationBS,other,EasyWeatherV1.6.6,51.092,2.999,15.0,2025-03-24 12:54:00,13.89,7.56,66.0,1014.56,4.02,5.47,North,,0.0,409.3,3.0,weather_underground,,
IICHTE19,WeerstationBS,other,EasyWeatherV1.6.6,51.092,2.999,15.0,2025-03-24 12:59:00,14.5,8.22,66.0,1014.56,4.51,5.95,NNE,22.0,0.0,428.3,4.0,weather_underground,,
IICHTE19,WeerstationBS,other,EasyWeatherV1.6.6,51.092,2.999,15.0,2025-03-24 13:04:00,14.22,7.56,64.0,1014.56,4.02,5.31,NNE,22.0,0.0,297.4,2.0,weather_underground,,
IICHTE19,WeerstationBS,other,EasyWeatherV1.6.6,51.092,2.999,15.0,2025-03-24 13:09:00,13.83,7.83,67.0,1014.56,4.35,5.31,North,,0.0,436.5,4.0,weather_underground,,
IICHTE19,WeerstationBS,other,EasyWeatherV1.6.6,51.092,2.999,15.0,2025-03-24 13:14:00,14.22,8.06,66.0,1014.56,4.02,5.15,North,,0.0,433.8,4.0,weather_underground,,
IICHTE19,WeerstationBS,other,EasyWeatherV1.6.6,51.092,2.999,15.0,2025-03-24 13:19:00,14.61,8.11,65.0,1014.22,1.93,2.57,NNW,337.0,0.0,453.2,4.0,weather_underground,,
IICHTE19,WeerstationBS,other,EasyWeatherV1.6.6,51.092,2.999,15.0,2025-03-24 13:24:00,15.0,8.61,66.0,1014.56,4.51,6.44,North,,0.0,454.5,4.0,weather_underground,,
IICHTE19,WeerstationBS,other,EasyWeatherV1.6.6,51.092,2.999,15.0,2025-03-24 13:29:00,14.5,8.22,66.0,1014.22,3.7,5.47,North,,0.0,431.1,4.0,weather_underground,,
IICHTE19,WeerstationBS,other,EasyWeatherV1.6.6,51.092,2.999,15.0,2025-03-24 13:34:00,14.78,8.17,65.0,1014.22,2.9,3.86,,,0.0,440.9,4.0,weather_underground,,
IICHTE19,WeerstationBS,other,EasyWeatherV1.6.6,51.092,2.999,15.0,2025-03-24 13:39:00,15.0,8.39,65.0,1014.22,5.31,6.92,NNE,22.0,0.0,438.5,4.0,weather_underground,,
IICHTE19,WeerstationBS,other,EasyWeatherV1.6.6,51.092,2.999,15.0,2025-03-24 13:44:00,15.0,8.22,64.0,1014.22,3.54,4.51,NE,45.0,0.0,422.6,4.0,weather_underground,,
IICHTE19,WeerstationBS,other,EasyWeatherV1.6.6,51.092,2.999,15.0,2025-03-24 13:49:00,15.06,7.94,62.0,1014.22,3.38,4.83,NE,45.0,0.0,417.2,4.0,weather_underground,,
IICHTE19,WeerstationBS,other,EasyWeatherV1.6.6,51.092,2.999,15.0,2025-03-24 13:54:00,15.33,8.0,62.0,1013.89,2.57,3.86,SSE,157.0,0.0,397.2,3.0,weather_underground,,
IICHTE19,WeerstationBS,other,EasyWeatherV1.6.6,51.092,2.999,15.0,2025-03-24 13:59:00,15.89,8.17,60.0,1013.89,3.7,5.31,South,,0.0,396.3,3.0,weather_underground,,
IICHTE19,WeerstationBS,other,EasyWeatherV1.6.6,51.092,2.999,15.0,2025-03-24 14:04:00,15.72,8.22,61.0,1013.89,3.06,4.51,SSE,157.0,0.0,407.0,3.0,weather_underground,,
IICHTE19,WeerstationBS,other,EasyWeatherV1.6.6,51.092,2.999,15.0,2025-03-24 14:09:00,15.94,8.11,60.0,1013.89,1.29,1.77,South,,0.0,403.3,3.0,weather_underground,,
IICHTE19,WeerstationBS,other,EasyWeatherV1.6.6,51.092,2.999,15.0,2025-03-24 14:14:00,15.61,8.11,61.0,1013.89,2.41,3.22,South,,0.0,396.7,3.0,weather_underground,,
IICHTE19,WeerstationBS,other,EasyWeatherV1.6.6,51.092,2.999,15.0,2025-03-24 14:19:00,15.5,7.78,60.0,1013.89,1.13,1.61,SSW,202.0,0.0,422.8,4.0,weather_underground,,
IICHTE19,WeerstationBS,other,EasyWeatherV1.6.6,51.092,2.999,15.0,2025-03-24 14:24:00,16.33,7.83,57.0,1013.89,1.29,1.77,SSW,202.0,0.0,407.9,3.0,weather_underground,,
IICHTE19,WeerstationBS,other,EasyWeatherV1.6.6,51.092,2.999,15.0,2025-03-24 14:29:00,15.89,7.78,59.0,1013.89,2.41,3.38,SE,135.0,0.0,126.4,1.0,weather_underground,,
IICHTE19,WeerstationBS,other,EasyWeatherV1.6.6,51.092,2.999,15.0,2025-03-24 14:34:00,14.83,7.67,62.0,1013.89,2.9,3.86,ESE,112.0,0.0,368.0,3.0,weather_underground,,
IICHTE19,WeerstationBS,other,EasyWeatherV1.6.6,51.092,2.999,15.0,2025-03-24 14:39:00,14.56,7.72,64.0,1013.89,1.93,2.9,SSE,157.0,0.0,374.0,3.0,weather_underground,,
IICHTE19,WeerstationBS,other,EasyWeatherV1.6.6,51.092,2.999,15.0,2025-03-24 14:44:00,15.22,7.28,59.0,1013.89,1.61,2.41,SSW,202.0,0.0,370.2,3.0,weather_underground,,
IICHTE19,WeerstationBS,other,EasyWeatherV1.6.6,51.092,2.999,15.0,2025-03-24 14:49:00,16.11,7.22,56.0,1013.89,1.61,2.41,SSW,202.0,0.0,359.2,3.0,weather_underground,,
IICHTE19,WeerstationBS,other,EasyWeatherV1.6.6,51.092,2.999,15.0,2025-03-24 14:54:00,16.06,7.83,58.0,1013.89,2.09,2.9,SSE,157.0,0.0,348.0,3.0,weather_underground,,
IICHTE19,WeerstationBS,other,EasyWeatherV1.6.6,51.092,2.999,15.0,2025-03-24 14:59:00,15.94,7.94,59.0,1013.89,3.06,4.67,SE,135.0,0.0,332.3,3.0,weather_underground,,
IICHTE19,WeerstationBS,other,EasyWeatherV1.6.6,51.092,2.999,15.0,2025-03-24 15:04:00,15.72,7.61,59.0,1013.55,1.29,2.09,SSE,157.0,0.0,333.0,3.0,weather_underground,,
IICHTE19,WeerstationBS,other,EasyWeatherV1.6.6,51.092,2.999,15.0,2025-03-24 15:09:00,16.17,7.56,57.0,1013.55,1.61,2.57,SSW,202.0,0.0,344.3,3.0,weather_underground,,
IICHTE19,WeerstationBS,other,EasyWeatherV1.6.6,51.092,2.999,15.0,2025-03-24 15:14:00,16.22,7.78,57.0,1013.55,0.64,1.29,WSW,247.0,0.0,344.9,3.0,weather_underground,,
IICHTE19,WeerstationBS,other,EasyWeatherV1.6.6,51.092,2.999,15.0,2025-03-24 15:19:00,16.33,7.83,57.0,1013.55,3.86,5.31,NE,45.0,0.0,353.5,3.0,weather_underground,,
IICHTE19,WeerstationBS,other,EasyWeatherV1.6.6,51.092,2.999,15.0,2025-03-24 15:24:00,15.61,7.78,60.0,1013.55,3.86,5.47,ENE,67.0,0.0,360.8,3.0,weather_underground,,
IICHTE19,WeerstationBS,other,EasyWeatherV1.6.6,51.092,2.999,15.0,2025-03-24 15:29:00,15.67,8.22,61.0,1013.55,4.51,5.95,NE,45.0,0.0,341.1,3.0,weather_underground,,
IICHTE19,WeerstationBS,other,EasyWeatherV1.6.6,51.092,2.999,15.0,2025-03-24 15:34:00,15.17,7.56,60.0,1013.55,3.54,4.35,East,,0.0,284.1,2.0,weather_underground,,
IICHTE19,WeerstationBS,other,EasyWeatherV1.6.6,51.092,2.999,15.0,2025-03-24 15:39:00,14.67,7.44,62.0,1013.89,3.06,4.18,ENE,67.0,0.0,79.1,0.0,weather_underground,,
IICHTE19,WeerstationBS,other,EasyWeatherV1.6.6,51.092,2.999,15.0,2025-03-24 15:44:00,14.28,7.39,63.0,1013.55,0.32,0.97,SSE,157.0,0.0,80.3,0.0,weather_underground,,
IICHTE19,WeerstationBS,other,EasyWeatherV1.6.6,51.092,2.999,15.0,2025-03-24 15:49:00,14.28,7.22,62.0,1013.55,0.8,1.29,SSE,157.0,0.0,259.6,2.0,weather_underground,,
IICHTE19,WeerstationBS,other,EasyWeatherV1.6.6,51.092,2.999,15.0,2025-03-24 15:54:00,15.06,7.94,63.0,1013.55,1.45,1.77,SSE,157.0,0.0,267.0,2.0,weather_underground,,
IICHTE19,WeerstationBS,other,EasyWeatherV1.6.6,51.092,2.999,15.0,2025-03-24 15:59:00,15.0,8.0,63.0,1013.55,0.32,0.48,South,,0.0,143.7,1.0,weather_underground,,
IICHTE19,WeerstationBS,other,EasyWeatherV1.6.6,51.092,2.999,15.0,2025-03-24 16:04:00,15.28,7.89,62.0,1013.55,0.0,0.32,SSW,202.0,0.0,273.2,2.0,weather_underground,,
IICHTE19,WeerstationBS,other,EasyWeatherV1.6.6,51.092,2.999,15.0,2025-03-24 16:09:00,15.83,7.61,58.0,1013.21,2.25,3.06,NNW,337.0,0.0,252.1,2.0,weather_underground,,
IICHTE19,WeerstationBS,other,EasyWeatherV1.6.6,51.092,2.999,15.0,2025-03-24 16:14:00,15.61,7.89,60.0,1013.21,4.83,6.6,ENE,67.0,0.0,247.7,2.0,weather_underground,,
IICHTE19,WeerstationBS,other,EasyWeatherV1.6.6,51.092,2.999,15.0,2025-03-24 16:19:00,15.61,7.44,58.0,1013.55,1.45,1.93,SE,135.0,0.0,236.9,2.0,weather_underground,,
IICHTE19,WeerstationBS,other,EasyWeatherV1.6.6,51.092,2.999,15.0,2025-03-24 16:24:00,16.56,7.56,55.0,1013.21,1.61,2.57,SSW,202.0,0.0,224.4,2.0,weather_underground,,
IICHTE19,WeerstationBS,other,EasyWeatherV1.6.6,51.092,2.999,15.0,2025-03-24 16:29:00,16.17,8.0,58.0,1013.21,1.45,2.09,WSW,247.0,0.0,221.8,2.0,weather_underground,,
IICHTE19,WeerstationBS,other,EasyWeatherV1.6.6,51.092,2.999,15.0,2025-03-24 16:34:00,16.22,8.39,60.0,1013.21,2.57,3.86,SE,135.0,0.0,216.8,2.0,weather_underground,,
IICHTE19,WeerstationBS,other,EasyWeatherV1.6.6,51.092,2.999,15.0,2025-03-24 16:39:00,16.0,7.78,58.0,1013.21,2.25,3.06,SE,135.0,0.0,219.1,2.0,weather_underground,,
IICHTE19,WeerstationBS,other,EasyWeatherV1.6.6,51.092,2.999,15.0,2025-03-24 16:44:00,16.11,8.0,59.0,1013.21,1.13,1.61,ESE,112.0,0.0,220.6,2.0,weather_underground,,
IICHTE19,WeerstationBS,other,EasyWeatherV1.6.6,51.092,2.999,15.0,2025-03-24 16:49:00,16.17,7.56,57.0,1013.21,1.61,2.57,South,,0.0,212.1,2.0,weather_underground,,
IICHTE19,WeerstationBS,other,EasyWeatherV1.6.6,51.092,2.999,15.0,2025-03-24 16:54:00,16.28,7.94,58.0,1013.21,3.7,5.15,WNW,292.0,0.0,179.6,1.0,weather_underground,,
IICHTE19,WeerstationBS,other,EasyWeatherV1.6.6,51.092,2.999,15.0,2025-03-24 16:59:00,15.5,7.78,60.0,1013.21,3.7,5.31,East,,0.0,155.4,1.0,weather_underground,,
IICHTE19,WeerstationBS,other,EasyWeatherV1.6.6,51.092,2.999,15.0,2025-03-24 17:04:00,15.22,7.72,61.0,1013.21,3.38,4.67,ENE,67.0,0.0,122.0,1.0,weather_underground,,
IICHTE19,WeerstationBS,other,EasyWeatherV1.6.6,51.092,2.999,15.0,2025-03-24 17:09:00,15.0,7.56,61.0,1013.21,3.54,4.83,East,,0.0,97.0,0.0,weather_underground,,
IICHTE19,WeerstationBS,other,EasyWeatherV1.6.6,51.092,2.999,15.0,2025-03-24 17:14:00,14.78,7.56,62.0,1013.21,2.9,4.35,East,,0.0,77.1,0.0,weather_underground,,
IICHTE19,WeerstationBS,other,EasyWeatherV1.6.6,51.092,2.999,15.0,2025-03-24 17:19:00,14.28,7.39,63.0,1013.21,2.57,3.54,ESE,112.0,0.0,67.2,0.0,weather_underground,,
IICHTE19,WeerstationBS,other,EasyWeatherV1.6.6,51.092,2.999,15.0,2025-03-24 17:24:00,14.28,7.33,63.0,1013.21,1.29,2.25,SSE,157.0,0.0,64.9,0.0,weather_underground,,
IICHTE19,WeerstationBS,other,EasyWeatherV1.6.6,51.092,2.999,15.0,2025-03-24 17:29:00,14.22,7.06,62.0,1013.21,1.13,1.77,ESE,112.0,0.0,65.2,0.0,weather_underground,,
IICHTE19,WeerstationBS,other,EasyWeatherV1.6.6,51.092,2.999,15.0,2025-03-24 17:34:00,14.33,7.28,62.0,1013.21,1.13,1.61,South,,0.0,48.8,0.0,weather_underground,,
IICHTE19,WeerstationBS,other,EasyWeatherV1.6.6,51.092,2.999,15.0,2025-03-24 17:39:00,14.17,6.89,62.0,1013.55,0.16,0.32,SSW,202.0,0.0,51.8,0.0,weather_underground,,
IICHTE19,WeerstationBS,other,EasyWeatherV1.6.6,51.092,2.999,15.0,2025-03-24 17:44:00,14.33,7.06,62.0,1013.21,0.32,0.8,SSW,202.0,0.0,77.3,0.0,weather_underground,,
IICHTE19,WeerstationBS,other,EasyWeatherV1.6.6,51.092,2.999,15.0,2025-03-24 17:49:00,15.61,7.89,60.0,1013.21,0.16,0.48,SSW,202.0,0.0,78.6,0.0,weather_underground,,
IICHTE19,WeerstationBS,other,EasyWeatherV1.6.6,51.092,2.999,15.0,2025-03-24 17:54:00,15.89,7.67,58.0,1013.21,1.13,1.77,SSW,202.0,0.0,71.6,0.0,weather_underground,,
IICHTE19,WeerstationBS,other,EasyWeatherV1.6.6,51.092,2.999,15.0,2025-03-24 17:59:00,15.5,7.72,60.0,1013.21,0.97,1.45,South,,0.0,62.8,0.0,weather_underground,,
IICHTE19,WeerstationBS,other,EasyWeatherV1.6.6,51.092,2.999,15.0,2025-03-24 18:04:00,14.89,7.11,60.0,1013.21,3.38,4.83,ESE,112.0,0.0,52.5,0.0,weather_underground,,
IICHTE19,WeerstationBS,other,EasyWeatherV1.6.6,51.092,2.999,15.0,2025-03-24 18:09:00,14.67,7.06,60.0,1013.55,2.9,4.51,ESE,112.0,0.0,48.9,0.0,weather_underground,,
IICHTE19,WeerstationBS,other,EasyWeatherV1.6.6,51.092,2.999,15.0,2025-03-24 18:14:00,14.39,7.11,62.0,1013.21,1.93,2.9,SE,135.0,0.0,43.8,0.0,weather_underground,,
IICHTE19,WeerstationBS,other,EasyWeatherV1.6.6,51.092,2.999,15.0,2025-03-24 18:19:00,14.33,7.06,61.0,1013.55,1.61,2.25,SE,135.0,0.0,39.7,0.0,weather_underground,,
IICHTE19,WeerstationBS,other,EasyWeatherV1.6.6,51.092,2.999,15.0,2025-03-24 18:24:00,14.28,7.11,62.0,1013.55,0.97,1.61,SSE,157.0,0.0,35.9,0.0,weather_underground,,
IICHTE19,WeerstationBS,other,EasyWeatherV1.6.6,51.092,2.999,15.0,2025-03-24 18:29:00,14.22,7.22,63.0,1013.21,1.13,1.93,SSE,157.0,0.0,32.9,0.0,weather_underground,,
IICHTE19,WeerstationBS,other,EasyWeatherV1.6.6,51.092,2.999,15.0,2025-03-24 18:34:00,14.17,7.22,63.0,1013.55,1.13,1.29,South,,0.0,29.9,0.0,weather_underground,,
IICHTE19,WeerstationBS,other,EasyWeatherV1.6.6,51.092,2.999,15.0,2025-03-24 18:39:00,14.11,7.33,64.0,1013.21,0.64,1.13,SSW,202.0,0.0,26.6,0.0,weather_underground,,
IICHTE19,WeerstationBS,other,EasyWeatherV1.6.6,51.092,2.999,15.0,2025-03-24 18:44:00,14.0,7.44,65.0,1013.55,0.16,0.32,SSW,202.0,0.0,23.3,0.0,weather_underground,,
IICHTE19,WeerstationBS,other,EasyWeatherV1.6.6,51.092,2.999,15.0,2025-03-24 18:49:00,13.78,7.33,65.0,1013.55,0.16,0.48,South,,0.0,19.8,0.0,weather_underground,,
IICHTE19,WeerstationBS,other,EasyWeatherV1.6.6,51.092,2.999,15.0,2025-03-24 18:54:00,13.44,7.39,67.0,1013.55,0.0,0.0,SSW,202.0,0.0,16.2,0.0,weather_underground,,
IICHTE19,WeerstationBS,other,EasyWeatherV1.6.6,51.092,2.999,15.0,2025-03-24 18:59:00,13.0,7.33,68.0,1013.55,0.0,0.0,SSW,202.0,0.0,13.3,0.0,weather_underground,,
IICHTE19,WeerstationBS,other,EasyWeatherV1.6.6,51.092,2.999,15.0,2025-03-24 19:04:00,12.56,7.06,69.0,1013.55,0.0,0.0,SSW,202.0,0.0,9.8,0.0,weather_underground,,
IICHTE19,WeerstationBS,other,EasyWeatherV1.6.6,51.092,2.999,15.0,2025-03-24 19:09:00,12.22,7.06,71.0,1013.55,0.0,0.0,SSW,202.0,0.0,6.9,0.0,weather_underground,,
IICHTE19,WeerstationBS,other,EasyWeatherV1.6.6,51.092,2.999,15.0,2025-03-24 19:14:00,11.78,6.94,72.0,1013.89,0.0,0.0,SSW,202.0,0.0,4.9,0.0,weather_underground,,
IICHTE19,WeerstationBS,other,EasyWeatherV1.6.6,51.092,2.999,15.0,2025-03-24 19:19:00,11.39,7.11,75.0,1013.89,0.0,0.0,SSW,202.0,0.0,3.2,0.0,weather_underground,,
IICHTE19,WeerstationBS,other,EasyWeatherV1.6.6,51.092,2.999,15.0,2025-03-24 19:24:00,11.06,7.22,77.0,1013.89,0.0,0.0,SSW,202.0,0.0,2.0,0.0,weather_underground,,
IICHTE19,WeerstationBS,other,EasyWeatherV1.6.6,51.092,2.999,15.0,2025-03-24 19:29:00,10.78,7.22,79.0,1013.89,0.0,0.0,SSW,202.0,0.0,1.2,0.0,weather_underground,,
IICHTE19,WeerstationBS,other,EasyWeatherV1.6.6,51.092,2.999,15.0,2025-03-24 19:34:00,10.44,7.0,79.0,1013.89,0.0,0.0,SSW,202.0,0.0,0.6,0.0,weather_underground,,
IICHTE19,WeerstationBS,other,EasyWeatherV1.6.6,51.092,2.999,15.0,2025-03-24 19:39:00,10.06,6.89,81.0,1013.89,0.0,0.0,SSW,202.0,0.0,0.3,0.0,weather_underground,,
IICHTE19,WeerstationBS,other,EasyWeatherV1.6.6,51.092,2.999,15.0,2025-03-24 19:44:00,9.78,6.94,83.0,1013.89,0.0,0.0,SSW,202.0,0.0,0.1,0.0,weather_underground,,
IICHTE19,WeerstationBS,other,EasyWeatherV1.6.6,51.092,2.999,15.0,2025-03-24 19:49:00,9.5,6.89,84.0,1013.89,0.0,0.0,SSW,202.0,0.0,0.0,0.0,weather_underground,,
IICHTE19,WeerstationBS,other,EasyWeatherV1.6.6,51.092,2.999,15.0,2025-03-24 19:54:00,9.28,6.94,85.0,1013.89,0.0,0.0,SSW,202.0,0.0,0.0,0.0,weather_underground,,
IICHTE19,WeerstationBS,other,EasyWeatherV1.6.6,51.092,2.999,15.0,2025-03-24 19:59:00,9.33,7.22,86.0,1013.89,0.0,0.0,SSW,202.0,0.0,0.0,0.0,weather_underground,,
IICHTE19,WeerstationBS,other,EasyWeatherV1.6.6,51.092,2.999,15.0,2025-03-24 20:04:00,9.17,7.11,87.0,1014.22,0.0,0.0,SSW,202.0,0.0,0.0,0.0,weather_underground,,
IICHTE19,WeerstationBS,other,EasyWeatherV1.6.6,51.092,2.999,15.0,2025-03-24 20:09:00,8.72,6.83,88.0,1014.22,0.0,0.0,SSW,202.0,0.0,0.0,0.0,weather_underground,,
IICHTE19,WeerstationBS,other,EasyWeatherV1.6.6,51.092,2.999,15.0,2025-03-24 20:14:00,8.61,6.72,88.0,1013.89,0.0,0.0,SSW,202.0,0.0,0.0,0.0,weather_underground,,
IICHTE19,WeerstationBS,other,EasyWeatherV1.6.6,51.092,2.999,15.0,2025-03-24 20:19:00,8.5,6.78,89.0,1014.22,0.0,0.0,SSW,202.0,0.0,0.0,0.0,weather_underground,,
IICHTE19,WeerstationBS,other,EasyWeatherV1.6.6,51.092,2.999,15.0,2025-03-24 20:24:00,8.33,6.78,90.0,1013.89,0.0,0.0,SSW,202.0,0.0,0.0,0.0,weather_underground,,
IICHTE19,WeerstationBS,other,EasyWeatherV1.6.6,51.092,2.999,15.0,2025-03-24 20:29:00,8.0,6.5,90.0,1014.22,0.0,0.0,SSW,202.0,0.0,0.0,0.0,weather_underground,,
IICHTE19,WeerstationBS,other,EasyWeatherV1.6.6,51.092,2.999,15.0,2025-03-24 20:34:00,7.83,6.44,91.0,1014.22,0.0,0.0,SSW,202.0,0.0,0.0,0.0,weather_underground,,
IICHTE19,WeerstationBS,other,EasyWeatherV1.6.6,51.092,2.999,15.0,2025-03-24 20:39:00,7.78,6.44,91.0,1014.22,0.0,0.0,SSW,202.0,0.0,0.0,0.0,weather_underground,,
IICHTE19,WeerstationBS,other,EasyWeatherV1.6.6,51.092,2.999,15.0,2025-03-24 20:44:00,7.94,6.67,91.0,1014.22,0.0,0.0,SSW,202.0,0.0,0.0,0.0,weather_underground,,
IICHTE19,WeerstationBS,other,EasyWeatherV1.6.6,51.092,2.999,15.0,2025-03-24 20:49:00,7.83,6.61,92.0,1014.22,0.0,0.0,SSW,202.0,0.0,0.0,0.0,weather_underground,,
IICHTE19,WeerstationBS,other,EasyWeatherV1.6.6,51.092,2.999,15.0,2025-03-24 20:54:00,7.72,6.5,92.0,1014.22,0.0,0.0,SSW,202.0,0.0,0.0,0.0,weather_underground,,
IICHTE19,WeerstationBS,other,EasyWeatherV1.6.6,51.092,2.999,15.0,2025-03-24 20:59:00,7.44,6.28,92.0,1014.22,0.0,0.0,SSW,202.0,0.0,0.0,0.0,weather_underground,,
IICHTE19,WeerstationBS,other,EasyWeatherV1.6.6,51.092,2.999,15.0,2025-03-24 21:04:00,7.39,6.22,92.0,1014.22,0.0,0.0,SSW,202.0,0.0,0.0,0.0,weather_underground,,
IICHTE19,WeerstationBS,other,EasyWeatherV1.6.6,51.092,2.999,15.0,2025-03-24 21:09:00,7.33,6.17,92.0,1013.89,0.0,0.0,SSW,202.0,0.0,0.0,0.0,weather_underground,,
IICHTE19,WeerstationBS,other,EasyWeatherV1.6.6,51.092,2.999,15.0,2025-03-24 21:14:00,7.17,5.94,92.0,1014.22,0.0,0.0,SSW,202.0,0.0,0.0,0.0,weather_underground,,
IICHTE19,WeerstationBS,other,EasyWeatherV1.6.6,51.092,2.999,15.0,2025-03-24 21:19:00,7.06,5.94,93.0,1013.89,0.0,0.0,SSW,202.0,0.0,0.0,0.0,weather_underground,,
IICHTE19,WeerstationBS,other,EasyWeatherV1.6.6,51.092,2.999,15.0,2025-03-24 21:24:00,7.0,5.89,93.0,1013.89,0.0,0.0,SSW,202.0,0.0,0.0,0.0,weather_underground,,
IICHTE19,WeerstationBS,other,EasyWeatherV1.6.6,51.092,2.999,15.0,2025-03-24 21:29:00,6.89,5.78,93.0,1013.89,0.0,0.0,SSW,202.0,0.0,0.0,0.0,weather_underground,,
IICHTE19,WeerstationBS,other,EasyWeatherV1.6.6,51.092,2.999,15.0,2025-03-24 21:34:00,6.89,5.83,93.0,1013.89,0.0,0.0,SSW,202.0,0.0,0.0,0.0,weather_underground,,
IICHTE19,WeerstationBS,other,EasyWeatherV1.6.6,51.092,2.999,15.0,2025-03-24 21:39:00,6.83,5.83,94.0,1014.22,0.0,0.0,SSW,202.0,0.0,0.0,0.0,weather_underground,,
IICHTE19,WeerstationBS,other,EasyWeatherV1.6.6,51.092,2.999,15.0,2025-03-24 21:44:00,7.0,6.0,94.0,1014.22,0.0,0.0,SSW,202.0,0.0,0.0,0.0,weather_underground,,
IICHTE19,WeerstationBS,other,EasyWeatherV1.6.6,51.092,2.999,15.0,2025-03-24 21:49:00,6.94,5.94,94.0,1013.89,0.0,0.0,SSW,202.0,0.0,0.0,0.0,weather_underground,,
IICHTE19,WeerstationBS,other,EasyWeatherV1.6.6,51.092,2.999,15.0,2025-03-24 21:54:00,6.83,5.83,94.0,1014.22,0.0,0.0,SSW,202.0,0.0,0.0,0.0,weather_underground,,
IICHTE19,WeerstationBS,other,EasyWeatherV1.6.6,51.092,2.999,15.0,2025-03-24 21:59:00,6.56,5.56,94.0,1014.22,0.0,0.0,SSW,202.0,0.0,0.0,0.0,weather_underground,,
IICHTE19,WeerstationBS,other,EasyWeatherV1.6.6,51.092,2.999,15.0,2025-03-24 22:04:00,6.44,5.44,94.0,1014.22,0.0,0.0,SSW,202.0,0.0,0.0,0.0,weather_underground,,
IICHTE19,WeerstationBS,other,EasyWeatherV1.6.6,51.092,2.999,15.0,2025-03-24 22:09:00,6.5,5.5,94.0,1013.89,0.0,0.0,SSW,202.0,0.0,0.0,0.0,weather_underground,,
IICHTE19,WeerstationBS,other,EasyWeatherV1.6.6,51.092,2.999,15.0,2025-03-24 22:14:00,6.56,5.56,94.0,1014.22,0.0,0.0,SSW,202.0,0.0,0.0,0.0,weather_underground,,
IICHTE19,WeerstationBS,other,EasyWeatherV1.6.6,51.092,2.999,15.0,2025-03-24 22:19:00,6.56,5.72,95.0,1013.89,0.0,0.0,SSW,202.0,0.0,0.0,0.0,weather_underground,,
IICHTE19,WeerstationBS,other,EasyWeatherV1.6.6,51.092,2.999,15.0,2025-03-24 22:24:00,6.78,5.94,95.0,1014.22,0.0,0.0,SSW,202.0,0.0,0.0,0.0,weather_underground,,
IICHTE19,WeerstationBS,other,EasyWeatherV1.6.6,51.092,2.999,15.0,2025-03-24 22:29:00,6.61,5.78,95.0,1014.22,0.0,0.0,SSW,202.0,0.0,0.0,0.0,weather_underground,,
IICHTE19,WeerstationBS,other,EasyWeatherV1.6.6,51.092,2.999,15.0,2025-03-24 22:34:00,6.56,5.78,95.0,1013.89,0.0,0.0,SSW,202.0,0.0,0.0,0.0,weather_underground,,
IICHTE19,WeerstationBS,other,EasyWeatherV1.6.6,51.092,2.999,15.0,2025-03-24 22:39:00,6.5,5.72,95.0,1014.22,0.0,0.0,SSW,202.0,0.0,0.0,0.0,weather_underground,,
IICHTE19,WeerstationBS,other,EasyWeatherV1.6.6,51.092,2.999,15.0,2025-03-24 22:44:00,6.56,5.72,95.0,1014.22,0.0,0.0,SSW,202.0,0.0,0.0,0.0,weather_underground,,
IICHTE19,WeerstationBS,other,EasyWeatherV1.6.6,51.092,2.999,15.0,2025-03-24 22:49:00,6.33,5.56,95.0,1014.22,0.0,0.0,SSW,202.0,0.0,0.0,0.0,weather_underground,,
IICHTE19,WeerstationBS,other,EasyWeatherV1.6.6,51.092,2.999,15.0,2025-03-24 22:54:00,6.44,5.67,95.0,1013.89,0.0,0.0,SSW,202.0,0.0,0.0,0.0,weather_underground,,
IICHTE19,WeerstationBS,other,EasyWeatherV1.6.6,51.092,2.999,15.0,2025-03-24 22:59:00,6.28,5.5,95.0,1013.89,0.0,0.0,SSW,202.0,0.0,0.0,0.0,weather_underground,,
IICHTE19,WeerstationBS,other,EasyWeatherV1.6.6,51.092,2.999,15.0,2025-03-24 23:04:00,6.11,5.28,95.0,1014.22,0.0,0.0,SSW,202.0,0.0,0.0,0.0,weather_underground,,
IICHTE19,WeerstationBS,other,EasyWeatherV1.6.6,51.092,2.999,15.0,2025-03-24 23:09:00,6.22,5.56,95.0,1014.22,0.0,0.0,SSW,202.0,0.0,0.0,0.0,weather_underground,,
IICHTE19,WeerstationBS,other,EasyWeatherV1.6.6,51.092,2.999,15.0,2025-03-24 23:14:00,6.22,5.44,95.0,1014.22,0.0,0.0,SSW,202.0,0.0,0.0,0.0,weather_underground,,
IICHTE19,WeerstationBS,other,EasyWeatherV1.6.6,51.092,2.999,15.0,2025-03-24 23:19:00,6.0,5.28,95.0,1013.89,0.0,0.0,SSW,202.0,0.0,0.0,0.0,weather_underground,,
IICHTE19,WeerstationBS,other,EasyWeatherV1.6.6,51.092,2.999,15.0,2025-03-24 23:24:00,6.06,5.28,95.0,1013.89,0.0,0.0,SSW,202.0,0.0,0.0,0.0,weather_underground,,
IICHTE19,WeerstationBS,other,EasyWeatherV1.6.6,51.092,2.999,15.0,2025-03-24 23:29:00,5.83,5.17,95.0,1013.89,0.0,0.0,SSW,202.0,0.0,0.0,0.0,weather_underground,,
IICHTE19,WeerstationBS,other,EasyWeatherV1.6.6,51.092,2.999,15.0,2025-03-24 23:34:00,6.0,5.44,96.0,1013.89,0.0,0.0,SSW,202.0,0.0,0.0,0.0,weather_underground,,
IICHTE19,WeerstationBS,other,EasyWeatherV1.6.6,51.092,2.999,15.0,2025-03-24 23:39:00,6.06,5.56,96.0,1013.89,0.0,0.0,SSW,202.0,0.0,0.0,0.0,weather_underground,,
IICHTE19,WeerstationBS,other,EasyWeatherV1.6.6,51.092,2.999,15.0,2025-03-24 23:44:00,6.06,5.39,96.0,1013.89,0.0,0.0,SSW,202.0,0.0,0.0,0.0,weather_underground,,
IICHTE19,WeerstationBS,other,EasyWeatherV1.6.6,51.092,2.999,15.0,2025-03-24 23:49:00,5.78,4.94,95.0,1014.22,0.0,0.0,SSW,202.0,0.0,0.0,0.0,weather_underground,,
IICHTE19,WeerstationBS,other,EasyWeatherV1.6.6,51.092,2.999,15.0,2025-03-24 23:54:00,5.56,4.72,95.0,1013.89,0.0,0.0,SSW,202.0,0.0,0.0,0.0,weather_underground,,
IICHTE19,WeerstationBS,other,EasyWeatherV1.6.6,51.092,2.999,15.0,2025-03-24 23:59:00,5.22,4.5,95.0,1013.89,0.0,0.0,SSW,202.0,0.0,0.0,0.0,weather_underground,,
IICHTE19,WeerstationBS,other,EasyWeatherV1.6.6,51.092,2.999,15.0,,,,,,,,,,,,,weather_underground,,
IICHTE19,WeerstationBS,other,EasyWeatherV1.6.6,51.092,2.999,15.0,2025-03-24 00:04:00,5.39,4.89,96.0,1013.89,0.0,0.0,SSW,202.0,0.0,0.0,0.0,weather_underground,,
IICHTE19,WeerstationBS,other,EasyWeatherV1.6.6,51.092,2.999,15.0,2025-03-24 00:09:00,5.67,5.17,96.0,1013.89,0.0,0.0,SSW,202.0,0.0,0.0,0.0,weather_underground,,
IICHTE19,WeerstationBS,other,EasyWeatherV1.6.6,51.092,2.999,15.0,2025-03-24 00:14:00,5.61,5.11,96.0,1013.89,0.0,0.0,SSW,202.0,0.0,0.0,0.0,weather_underground,,
IICHTE19,WeerstationBS,other,EasyWeatherV1.6.6,51.092,2.999,15.0,2025-03-24 00:19:00,5.78,5.28,96.0,1013.89,0.0,0.0,SSW,202.0,0.0,0.0,0.0,weather_underground,,
IICHTE19,WeerstationBS,other,EasyWeatherV1.6.6,51.092,2.999,15.0,2025-03-24 00:24:00,5.83,5.33,96.0,1013.89,0.0,0.0,SSW,202.0,0.0,0.0,0.0,weather_underground,,
IICHTE19,WeerstationBS,other,EasyWeatherV1.6.6,51.092,2.999,15.0,2025-03-24 00:29:00,5.78,5.28,96.0,1013.89,0.0,0.0,SSW,202.0,0.0,0.0,0.0,weather_underground,,
IICHTE19,WeerstationBS,other,EasyWeatherV1.6.6,51.092,2.999,15.0,2025-03-24 00:34:00,6.06,5.56,96.0,1013.89,0.0,0.0,SSW,202.0,0.0,0.0,0.0,weather_underground,,
IICHTE19,WeerstationBS,other,EasyWeatherV1.6.6,51.092,2.999,15.0,2025-03-24 00:39:00,6.28,5.78,96.0,1013.89,0.0,0.0,SSW,202.0,0.0,0.0,0.0,weather_underground,,
IICHTE19,WeerstationBS,other,EasyWeatherV1.6.6,51.092,2.999,15.0,2025-03-24 00:44:00,6.28,5.78,96.0,1013.89,0.0,0.0,SSW,202.0,0.0,0.0,0.0,weather_underground,,
IICHTE19,WeerstationBS,other,EasyWeatherV1.6.6,51.092,2.999,15.0,2025-03-24 00:49:00,6.5,6.0,96.0,1013.55,0.0,0.0,SSW,202.0,0.0,0.0,0.0,weather_underground,,
IICHTE19,WeerstationBS,other,EasyWeatherV1.6.6,51.092,2.999,15.0,2025-03-24 00:54:00,6.56,6.0,96.0,1013.89,0.0,0.0,SSW,202.0,0.0,0.0,0.0,weather_underground,,
IICHTE19,WeerstationBS,other,EasyWeatherV1.6.6,51.092,2.999,15.0,2025-03-24 00:59:00,6.39,5.89,96.0,1013.89,0.0,0.0,SSW,202.0,0.0,0.0,0.0,weather_underground,,
IICHTE19,WeerstationBS,other,EasyWeatherV1.6.6,51.092,2.999,15.0,2025-03-24 01:04:00,6.28,5.78,96.0,1013.55,0.0,0.0,SSW,202.0,0.0,0.0,0.0,weather_underground,,
IICHTE19,WeerstationBS,other,EasyWeatherV1.6.6,51.092,2.999,15.0,2025-03-24 01:09:00,6.17,5.67,96.0,1013.55,0.0,0.0,SSW,202.0,0.0,0.0,0.0,weather_underground,,
IICHTE19,WeerstationBS,other,EasyWeatherV1.6.6,51.092,2.999,15.0,2025-03-24 01:14:00,6.0,5.5,96.0,1013.55,0.0,0.0,SSW,202.0,0.0,0.0,0.0,weather_underground,,
IICHTE19,WeerstationBS,other,EasyWeatherV1.6.6,51.092,2.999,15.0,2025-03-24 01:19:00,5.89,5.39,96.0,1013.55,0.0,0.0,SSW,202.0,0.0,0.0,0.0,weather_underground,,
IICHTE19,WeerstationBS,other,EasyWeatherV1.6.6,51.092,2.999,15.0,2025-03-24 01:24:00,5.67,5.17,96.0,1013.55,0.0,0.0,SSW,202.0,0.0,0.0,0.0,weather_underground,,
IICHTE19,WeerstationBS,other,EasyWeatherV1.6.6,51.092,2.999,15.0,2025-03-24 01:29:00,5.5,5.0,96.0,1013.55,0.0,0.0,SSW,202.0,0.0,0.0,0.0,weather_underground,,
IICHTE19,WeerstationBS,other,EasyWeatherV1.6.6,51.092,2.999,15.0,2025-03-24 01:34:00,5.72,5.22,96.0,1013.55,0.0,0.0,SSW,202.0,0.0,0.0,0.0,weather_underground,,
IICHTE19,WeerstationBS,other,EasyWeatherV1.6.6,51.092,2.999,15.0,2025-03-24 01:39:00,5.89,5.44,97.0,1013.21,0.0,0.0,SSW,202.0,0.0,0.0,0.0,weather_underground,,
IICHTE19,WeerstationBS,other,EasyWeatherV1.6.6,51.092,2.999,15.0,2025-03-24 01:44:00,5.89,5.39,96.0,1013.21,0.0,0.0,SSW,202.0,0.0,0.0,0.0,weather_underground,,
IICHTE19,WeerstationBS,other,EasyWeatherV1.6.6,51.092,2.999,15.0,2025-03-24 01:49:00,5.61,5.11,96.0,1013.21,0.0,0.0,SSW,202.0,0.0,0.0,0.0,weather_underground,,
IICHTE19,WeerstationBS,other,EasyWeatherV1.6.6,51.092,2.999,15.0,2025-03-24 01:54:00,5.72,5.33,97.0,1013.21,0.0,0.0,SSW,202.0,0.0,0.0,0.0,weather_underground,,
IICHTE19,WeerstationBS,other,EasyWeatherV1.6.6,51.092,2.999,15.0,2025-03-24 01:59:00,5.89,5.39,96.0,1013.21,0.0,0.0,SSW,202.0,0.0,0.0,0.0,weather_underground,,
IICHTE19,WeerstationBS,other,EasyWeatherV1.6.6,51.092,2.999,15.0,2025-03-24 02:04:00,6.0,5.61,97.0,1013.21,0.0,0.0,SSW,202.0,0.0,0.0,0.0,weather_underground,,
IICHTE19,WeerstationBS,other,EasyWeatherV1.6.6,51.092,2.999,15.0,2025-03-24 02:09:00,6.28,5.83,97.0,1013.21,0.0,0.0,WSW,247.0,0.0,0.0,0.0,weather_underground,,
IICHTE19,WeerstationBS,other,EasyWeatherV1.6.6,51.092,2.999,15.0,2025-03-24 02:14:00,6.39,6.0,97.0,1013.21,0.0,0.0,WSW,247.0,0.0,0.0,0.0,weather_underground,,
IICHTE19,WeerstationBS,other,EasyWeatherV1.6.6,51.092,2.999,15.0,2025-03-24 02:19:00,6.67,6.28,97.0,1013.55,0.0,0.0,West,,0.0,0.0,0.0,weather_underground,,
IICHTE19,WeerstationBS,other,EasyWeatherV1.6.6,51.092,2.999,15.0,2025-03-24 02:24:00,6.83,6.44,97.0,1013.55,0.0,0.0,West,,0.0,0.0,0.0,weather_underground,,
IICHTE19,WeerstationBS,other,EasyWeatherV1.6.6,51.092,2.999,15.0,2025-03-24 02:29:00,7.17,6.72,97.0,1013.21,0.0,0.0,West,,0.0,0.0,0.0,weather_underground,,
IICHTE19,WeerstationBS,other,EasyWeatherV1.6.6,51.092,2.999,15.0,2025-03-24 02:34:00,7.22,6.78,97.0,1013.21,0.0,0.0,West,,0.0,0.0,0.0,weather_underground,,
IICHTE19,WeerstationBS,other,EasyWeatherV1.6.6,51.092,2.999,15.0,2025-03-24 02:39:00,7.39,7.0,97.0,1013.21,0.0,0.0,West,,0.0,0.0,0.0,weather_underground,,
IICHTE19,WeerstationBS,other,EasyWeatherV1.6.6,51.092,2.999,15.0,2025-03-24 02:44:00,7.5,7.06,97.0,1013.21,0.0,0.0,West,,0.0,0.0,0.0,weather_underground,,
IICHTE19,WeerstationBS,other,EasyWeatherV1.6.6,51.092,2.999,15.0,2025-03-24 02:49:00,7.39,6.89,96.0,1013.21,0.0,0.0,West,,0.0,0.0,0.0,weather_underground,,
IICHTE19,WeerstationBS,other,EasyWeatherV1.6.6,51.092,2.999,15.0,2025-03-24 02:54:00,7.44,7.0,97.0,1013.21,0.16,0.48,West,,0.0,0.0,0.0,weather_underground,,
IICHTE19,WeerstationBS,other,EasyWeatherV1.6.6,51.092,2.999,15.0,2025-03-24 02:59:00,7.61,7.11,96.0,1013.21,0.16,0.64,West,,0.0,0.0,0.0,weather_underground,,
IICHTE19,WeerstationBS,other,EasyWeatherV1.6.6,51.092,2.999,15.0,2025-03-24 03:04:00,7.56,7.06,96.0,1013.21,0.0,0.0,West,,0.0,0.0,0.0,weather_underground,,
IICHTE19,WeerstationBS,other,EasyWeatherV1.6.6,51.092,2.999,15.0,2025-03-24 03:09:00,7.61,7.11,96.0,1013.21,0.0,0.0,West,,0.0,0.0,0.0,weather_underground,,
IICHTE19,WeerstationBS,other,EasyWeatherV1.6.6,51.092,2.999,15.0,2025-03-24 03:14:00,7.5,6.83,95.0,1013.21,0.0,0.16,West,,0.0,0.0,0.0,weather_underground,,
IICHTE19,WeerstationBS,other,EasyWeatherV1.6.6,51.092,2.999,15.0,2025-03-24 03:19:00,7.33,6.56,95.0,1013.21,0.16,0.8,West,,0.0,0.0,0.0,weather_underground,,
IICHTE19,WeerstationBS,other,EasyWeatherV1.6.6,51.092,2.999,15.0,2025-03-24 03:24:00,7.44,6.67,95.0,1013.21,0.16,0.48,West,,0.0,0.0,0.0,weather_underground,,
IICHTE19,WeerstationBS,other,EasyWeatherV1.6.6,51.092,2.999,15.0,2025-03-24 03:29:00,7.5,6.72,95.0,1013.21,0.32,0.97,West,,0.0,0.0,0.0,weather_underground,,
IICHTE19,WeerstationBS,other,EasyWeatherV1.6.6,51.092,2.999,15.0,2025-03-24 03:34:00,7.61,6.78,95.0,1013.21,0.0,0.0,West,,0.0,0.0,0.0,weather_underground,,
IICHTE19,WeerstationBS,other,EasyWeatherV1.6.6,51.092,2.999,15.0,2025-03-24 03:39:00,7.61,6.78,95.0,1012.87,0.0,0.0,West,,0.0,0.0,0.0,weather_underground,,
IICHTE19,WeerstationBS,other,EasyWeatherV1.6.6,51.092,2.999,15.0,2025-03-24 03:44:00,7.5,6.56,94.0,1012.87,0.48,0.97,West,,0.0,0.0,0.0,weather_underground,,
IICHTE19,WeerstationBS,other,EasyWeatherV1.6.6,51.092,2.999,15.0,2025-03-24 03:49:00,7.44,6.44,94.0,1012.87,0.48,1.29,West,,0.0,0.0,0.0,weather_underground,,
IICHTE19,WeerstationBS,other,EasyWeatherV1.6.6,51.092,2.999,15.0,2025-03-24 03:54:00,7.56,6.56,94.0,1012.87,1.13,1.77,West,,0.0,0.0,0.0,weather_underground,,
IICHTE19,WeerstationBS,other,EasyWeatherV1.6.6,51.092,2.999,15.0,2025-03-24 03:59:00,7.72,6.72,94.0,1012.87,0.32,1.13,West,,0.0,0.0,0.0,weather_underground,,
IICHTE19,WeerstationBS,other,EasyWeatherV1.6.6,51.092,2.999,15.0,2025-03-24 04:04:00,7.72,6.72,94.0,1012.87,0.32,0.8,West,,0.0,0.0,0.0,weather_underground,,
IICHTE19,WeerstationBS,other,EasyWeatherV1.6.6,51.092,2.999,15.0,2025-03-24 04:09:00,7.78,6.72,94.0,1012.87,0.64,1.13,West,,0.0,0.0,0.0,weather_underground,,
IICHTE19,WeerstationBS,other,EasyWeatherV1.6.6,51.092,2.999,15.0,2025-03-24 04:14:00,7.83,6.78,93.0,1012.87,0.8,1.61,West,,0.0,0.0,0.0,weather_underground,,
IICHTE19,WeerstationBS,other,EasyWeatherV1.6.6,51.092,2.999,15.0,2025-03-24 04:19:00,7.83,6.72,93.0,1012.87,0.0,0.0,West,,0.0,0.0,0.0,weather_underground,,
IICHTE19,WeerstationBS,other,EasyWeatherV1.6.6,51.092,2.999,15.0,2025-03-24 04:24:00,7.78,6.67,93.0,1012.87,0.16,0.64,West,,0.0,0.0,0.0,weather_underground,,
IICHTE19,WeerstationBS,other,EasyWeatherV1.6.6,51.092,2.999,15.0,2025-03-24 04:29:00,7.61,6.5,93.0,1012.87,0.0,0.32,West,,0.0,0.0,0.0,weather_underground,,
IICHTE19,WeerstationBS,other,EasyWeatherV1.6.6,51.092,2.999,15.0,2025-03-24 04:34:00,7.56,6.44,93.0,1012.87,0.48,0.8,West,,0.0,0.0,0.0,weather_underground,,
IICHTE19,WeerstationBS,other,EasyWeatherV1.6.6,51.092,2.999,15.0,2025-03-24 04:39:00,7.61,6.5,93.0,1012.87,0.32,0.64,WSW,247.0,0.0,0.0,0.0,weather_underground,,
IICHTE19,WeerstationBS,other,EasyWeatherV1.6.6,51.092,2.999,15.0,2025-03-24 04:44:00,7.72,6.67,93.0,1012.87,0.8,1.61,West,,0.0,0.0,0.0,weather_underground,,
IICHTE19,WeerstationBS,other,EasyWeatherV1.6.6,51.092,2.999,15.0,2025-03-24 04:49:00,7.78,6.72,93.0,1012.87,0.64,1.29,West,,0.0,0.0,0.0,weather_underground,,
IICHTE19,WeerstationBS,other,EasyWeatherV1.6.6,51.092,2.999,15.0,2025-03-24 04:54:00,7.61,6.5,93.0,1012.87,0.8,1.45,West,,0.0,0.0,0.0,weather_underground,,
IICHTE19,WeerstationBS,other,EasyWeatherV1.6.6,51.092,2.999,15.0,2025-03-24 04:59:00,7.5,6.39,93.0,1012.87,1.13,1.77,West,,0.0,0.0,0.0,weather_underground,,
IICHTE19,WeerstationBS,other,EasyWeatherV1.6.6,51.092,2.999,15.0,2025-03-24 05:04:00,7.5,6.39,93.0,1012.87,1.13,1.77,West,,0.0,0.0,0.0,weather_underground,,
IICHTE19,WeerstationBS,other,EasyWeatherV1.6.6,51.092,2.999,15.0,2025-03-24 05:09:00,7.5,6.39,93.0,1012.87,0.8,1.45,West,,0.0,0.0,0.0,weather_underground,,
IICHTE19,WeerstationBS,other,EasyWeatherV1.6.6,51.092,2.999,15.0,2025-03-24 05:14:00,7.39,6.28,93.0,1012.87,0.32,0.97,West,,0.0,0.0,0.0,weather_underground,,
IICHTE19,WeerstationBS,other,EasyWeatherV1.6.6,51.092,2.999,15.0,2025-03-24 05:19:00,7.39,6.28,93.0,1012.87,0.64,1.29,West,,0.0,0.0,0.0,weather_underground,,
IICHTE19,WeerstationBS,other,EasyWeatherV1.6.6,51.092,2.999,15.0,2025-03-24 05:24:00,7.33,6.22,93.0,1012.53,0.97,1.77,West,,0.0,0.0,0.0,weather_underground,,
IICHTE19,WeerstationBS,other,EasyWeatherV1.6.6,51.092,2.999,15.0,2025-03-24 05:29:00,7.39,6.28,93.0,1012.53,1.13,1.93,WSW,247.0,0.0,0.0,0.0,weather_underground,,
IICHTE19,WeerstationBS,other,EasyWeatherV1.6.6,51.092,2.999,15.0,2025-03-24 05:34:00,7.39,6.28,93.0,1012.53,0.8,1.45,West,,0.0,0.0,0.0,weather_underground,,
IICHTE19,WeerstationBS,other,EasyWeatherV1.6.6,51.092,2.999,15.0,2025-03-24 05:39:00,7.28,6.22,93.0,1012.53,0.8,1.61,West,,0.0,0.0,0.0,weather_underground,,
IICHTE19,WeerstationBS,other,EasyWeatherV1.6.6,51.092,2.999,15.0,2025-03-24 05:44:00,7.28,6.22,93.0,1012.53,0.32,1.13,West,,0.0,0.0,0.0,weather_underground,,
IICHTE19,WeerstationBS,other,EasyWeatherV1.6.6,51.092,2.999,15.0,2025-03-24 05:49:00,7.17,6.06,93.0,1012.53,0.32,0.64,West,,0.0,0.0,0.0,weather_underground,,
IICHTE19,WeerstationBS,other,EasyWeatherV1.6.6,51.092,2.999,15.0,2025-03-24 05:54:00,7.17,6.17,94.0,1012.53,0.8,1.61,West,,0.0,0.0,0.0,weather_underground,,
IICHTE19,WeerstationBS,other,EasyWeatherV1.6.6,51.092,2.999,15.0,2025-03-24 05:59:00,7.06,6.06,94.0,1012.19,0.48,1.13,West,,0.0,0.0,0.0,weather_underground,,
IICHTE19,WeerstationBS,other,EasyWeatherV1.6.6,51.092,2.999,15.0,2025-03-24 06:04:00,7.11,6.11,94.0,1012.19,1.13,1.61,West,,0.0,0.0,0.0,weather_underground,,
IICHTE19,WeerstationBS,other,EasyWeatherV1.6.6,51.092,2.999,15.0,2025-03-24 06:09:00,7.22,6.22,94.0,1012.53,1.61,2.41,WSW,247.0,0.0,0.0,0.0,weather_underground,,
IICHTE19,WeerstationBS,other,EasyWeatherV1.6.6,51.092,2.999,15.0,2025-03-24 06:14:00,7.22,6.22,94.0,1012.53,1.45,2.25,West,,0.0,0.0,0.0,weather_underground,,
IICHTE19,WeerstationBS,other,EasyWeatherV1.6.6,51.092,2.999,15.0,2025-03-24 06:19:00,7.22,6.22,94.0,1012.53,1.13,1.77,West,,0.0,0.0,0.0,weather_underground,,
IICHTE19,WeerstationBS,other,EasyWeatherV1.6.6,51.092,2.999,15.0,2025-03-24 06:24:00,7.17,6.17,94.0,1012.53,1.45,2.09,WSW,247.0,0.0,0.0,0.0,weather_underground,,
IICHTE19,WeerstationBS,other,EasyWeatherV1.6.6,51.092,2.999,15.0,2025-03-24 06:29:00,7.22,6.22,94.0,1012.19,0.97,1.77,WSW,247.0,0.0,0.0,0.0,weather_underground,,
IICHTE19,WeerstationBS,other,EasyWeatherV1.6.6,51.092,2.999,15.0,2025-03-24 06:34:00,7.22,6.22,94.0,1012.53,1.29,2.09,West,,0.0,0.0,0.0,weather_underground,,
IICHTE19,WeerstationBS,other,EasyWeatherV1.6.6,51.092,2.999,15.0,2025-03-24 06:39:00,7.22,6.22,94.0,1012.53,1.61,2.41,WSW,247.0,0.0,0.0,0.0,weather_underground,,
IICHTE19,WeerstationBS,other,EasyWeatherV1.6.6,51.092,2.999,15.0,2025-03-24 06:44:00,7.22,6.22,94.0,1012.19,2.25,3.06,WSW,247.0,0.0,0.0,0.0,weather_underground,,
IICHTE19,WeerstationBS,other,EasyWeatherV1.6.6,51.092,2.999,15.0,2025-03-24 06:49:00,7.22,6.17,94.0,1012.19,1.77,2.74,WSW,247.0,0.0,0.0,0.0,weather_underground,,
IICHTE19,WeerstationBS,other,EasyWeatherV1.6.6,51.092,2.999,15.0,2025-03-24 06:54:00,7.22,6.17,93.0,1012.19,1.29,1.77,West,,0.0,0.0,0.0,weather_underground,,
IICHTE19,WeerstationBS,other,EasyWeatherV1.6.6,51.092,2.999,15.0,2025-03-24 06:59:00,7.06,6.0,93.0,1012.19,0.32,0.8,West,,0.0,0.0,0.0,weather_underground,,
IICHTE19,WeerstationBS,other,EasyWeatherV1.6.6,51.092,2.999,15.0,2025-03-24 07:04:00,6.94,5.83,93.0,1012.19,0.48,1.13,West,,0.0,0.0,0.0,weather_underground,,
IICHTE19,WeerstationBS,other,EasyWeatherV1.6.6,51.092,2.999,15.0,2025-03-24 07:09:00,6.83,5.78,94.0,1012.19,0.0,0.16,West,,0.0,0.0,0.0,weather_underground,,
IICHTE19,WeerstationBS,other,EasyWeatherV1.6.6,51.092,2.999,15.0,2025-03-24 07:14:00,6.83,5.83,94.0,1012.19,0.0,0.16,West,,0.0,0.0,0.0,weather_underground,,
IICHTE19,WeerstationBS,other,EasyWeatherV1.6.6,51.092,2.999,15.0,2025-03-24 07:19:00,6.67,5.67,94.0,1012.19,0.0,0.0,West,,0.0,0.0,0.0,weather_underground,,
IICHTE19,WeerstationBS,other,EasyWeatherV1.6.6,51.092,2.999,15.0,2025-03-24 07:24:00,6.44,5.44,94.0,1012.19,0.0,0.0,West,,0.0,0.0,0.0,weather_underground,,
IICHTE19,WeerstationBS,other,EasyWeatherV1.6.6,51.092,2.999,15.0,2025-03-24 07:29:00,6.33,5.33,94.0,1012.19,0.0,0.0,West,,0.0,0.1,0.0,weather_underground,,
IICHTE19,WeerstationBS,other,EasyWeatherV1.6.6,51.092,2.999,15.0,2025-03-24 07:34:00,6.28,5.28,94.0,1012.19,0.16,0.48,West,,0.0,0.2,0.0,weather_underground,,
IICHTE19,WeerstationBS,other,EasyWeatherV1.6.6,51.092,2.999,15.0,2025-03-24 07:39:00,6.39,5.61,95.0,1012.19,0.48,0.64,West,,0.0,0.4,0.0,weather_underground,,
IICHTE19,WeerstationBS,other,EasyWeatherV1.6.6,51.092,2.999,15.0,2025-03-24 07:44:00,6.56,5.56,94.0,1012.19,1.13,1.77,West,,0.0,0.9,0.0,weather_underground,,
IICHTE19,WeerstationBS,other,EasyWeatherV1.6.6,51.092,2.999,15.0,2025-03-24 07:49:00,6.39,5.39,94.0,1012.19,0.64,1.61,West,,0.0,1.6,0.0,weather_underground,,
IICHTE19,WeerstationBS,other,EasyWeatherV1.6.6,51.092,2.999,15.0,2025-03-24 07:54:00,6.28,5.33,94.0,1012.19,0.64,1.45,West,,0.0,2.8,0.0,weather_underground,,
IICHTE19,WeerstationBS,other,EasyWeatherV1.6.6,51.092,2.999,15.0,2025-03-24 07:59:00,6.28,5.44,95.0,1012.19,0.48,0.8,West,,0.0,4.3,0.0,weather_underground,,
IICHTE19,WeerstationBS,other,EasyWeatherV1.6.6,51.092,2.999,15.0,2025-03-24 08:04:00,6.39,5.61,95.0,1012.19,0.97,1.61,West,,0.0,6.2,0.0,weather_underground,,
IICHTE19,WeerstationBS,other,EasyWeatherV1.6.6,51.092,2.999,15.0,2025-03-24 08:09:00,6.28,5.5,95.0,1012.19,0.64,1.45,West,,0.0,8.2,0.0,weather_underground,,
IICHTE19,WeerstationBS,other,EasyWeatherV1.6.6,51.092,2.999,15.0,2025-03-24 08:14:00,6.39,5.61,95.0,1012.19,1.13,1.77,West,,1.78,10.4,0.0,weather_underground,,
IICHTE19,WeerstationBS,other,EasyWeatherV1.6.6,51.092,2.999,15.0,2025-03-24 08:19:00,6.61,5.78,95.0,1012.19,0.8,1.61,West,,1.78,12.8,0.0,weather_underground,,
IICHTE19,WeerstationBS,other,EasyWeatherV1.6.6,51.092,2.999,15.0,2025-03-24 08:24:00,6.83,5.94,95.0,1012.19,0.16,0.48,West,,1.78,15.4,0.0,weather_underground,,
IICHTE19,WeerstationBS,other,EasyWeatherV1.6.6,51.092,2.999,15.0,2025-03-24 08:29:00,7.17,6.28,95.0,1012.19,0.0,0.0,West,,0.0,17.8,0.0,weather_underground,,
IICHTE19,WeerstationBS,other,EasyWeatherV1.6.6,51.092,2.999,15.0,2025-03-24 08:34:00,7.5,6.44,94.0,1011.85,0.16,0.48,West,,0.0,20.0,0.0,weather_underground,,
IICHTE19,WeerstationBS,other,EasyWeatherV1.6.6,51.092,2.999,15.0,2025-03-24 08:39:00,7.5,6.39,93.0,1011.85,0.48,1.13,West,,0.0,22.6,0.0,weather_underground,,
IICHTE19,WeerstationBS,other,EasyWeatherV1.6.6,51.092,2.999,15.0,2025-03-24 08:44:00,7.67,6.56,92.0,1011.85,0.64,0.97,West,,0.0,26.1,0.0,weather_underground,,
IICHTE19,WeerstationBS,other,EasyWeatherV1.6.6,51.092,2.999,15.0,2025-03-24 08:49:00,7.78,6.56,91.0,1012.19,1.45,2.25,WSW,247.0,0.0,28.4,0.0,weather_underground,,
IICHTE19,WeerstationBS,other,EasyWeatherV1.6.6,51.092,2.999,15.0,2025-03-24 08:54:00,8.0,6.67,91.0,1011.85,1.93,3.22,WSW,247.0,0.0,32.7,0.0,weather_underground,,
IICHTE19,WeerstationBS,other,EasyWeatherV1.6.6,51.092,2.999,15.0,2025-03-24 08:59:00,8.17,6.67,90.0,1011.85,2.41,3.22,WSW,247.0,0.0,33.1,0.0,weather_underground,,
IICHTE19,WeerstationBS,other,EasyWeatherV1.6.6,51.092,2.999,15.0,2025-03-24 09:04:00,8.33,6.78,90.0,1012.19,2.09,2.9,West,,0.0,35.7,0.0,weather_underground,,
IICHTE19,WeerstationBS,other,EasyWeatherV1.6.6,51.092,2.999,15.0,2025-03-24 09:09:00,8.56,6.83,89.0,1012.19,2.25,3.22,West,,0.0,37.0,0.0,weather_underground,,
IICHTE19,WeerstationBS,other,EasyWeatherV1.6.6,51.092,2.999,15.0,2025-03-24 09:14:00,8.83,7.0,88.0,1012.19,1.77,2.57,West,,0.0,39.8,0.0,weather_underground,,
IICHTE19,WeerstationBS,other,EasyWeatherV1.6.6,51.092,2.999,15.0,2025-03-24 09:19:00,9.11,7.17,88.0,1011.85,2.25,3.06,WSW,247.0,0.0,39.8,0.0,weather_underground,,
IICHTE19,WeerstationBS,other,EasyWeatherV1.6.6,51.092,2.999,15.0,2025-03-24 09:24:00,9.39,7.28,87.0,1011.85,1.93,2.9,WSW,247.0,0.0,38.8,0.0,weather_underground,,
IICHTE19,WeerstationBS,other,EasyWeatherV1.6.6,51.092,2.999,15.0,2025-03-24 09:29:00,9.56,7.33,86.0,1012.19,2.57,3.38,West,,0.0,53.1,0.0,weather_underground,,
IICHTE19,WeerstationBS,other,EasyWeatherV1.6.6,51.092,2.999,15.0,2025-03-24 09:34:00,9.89,7.61,86.0,1012.19,2.09,3.22,WSW,247.0,0.0,61.4,0.0,weather_underground,,
IICHTE19,WeerstationBS,other,EasyWeatherV1.6.6,51.092,2.999,15.0,2025-03-24 09:39:00,10.28,7.83,85.0,1011.85,1.29,1.77,West,,0.0,52.2,0.0,weather_underground,,
IICHTE19,WeerstationBS,other,EasyWeatherV1.6.6,51.092,2.999,15.0,2025-03-24 09:44:00,10.5,7.83,84.0,1012.19,1.93,2.74,West,,0.0,78.9,0.0,weather_underground,,
IICHTE19,WeerstationBS,other,EasyWeatherV1.6.6,51.092,2.999,15.0,2025-03-24 09:49:00,10.61,7.78,83.0,1012.19,2.41,3.22,WSW,247.0,0.0,88.9,0.0,weather_underground,,
IICHTE19,WeerstationBS,other,EasyWeatherV1.6.6,51.092,2.999,15.0,2025-03-24 09:54:00,10.72,7.94,83.0,1011.85,2.9,4.18,WSW,247.0,0.0,98.8,0.0,weather_underground,,
IICHTE19,WeerstationBS,other,EasyWeatherV1.6.6,51.092,2.999,15.0,2025-03-24 09:59:00,10.67,7.94,84.0,1011.85,2.9,3.7,WSW,247.0,0.0,108.6,1.0,weather_underground,,
IICHTE19,WeerstationBS,other,EasyWeatherV1.6.6,51.092,2.999,15.0,2025-03-24 10:04:00,10.83,7.94,83.0,1011.85,2.41,3.7,WSW,247.0,0.0,117.9,1.0,weather_underground,,
IICHTE19,WeerstationBS,other,EasyWeatherV1.6.6,51.092,2.999,15.0,2025-03-24 10:09:00,11.06,8.22,83.0,1011.85,3.22,4.51,WSW,247.0,0.0,124.1,1.0,weather_underground,,
IICHTE19,WeerstationBS,other,EasyWeatherV1.6.6,51.092,2.999,15.0,2025-03-24 10:14:00,11.0,8.22,83.0,1011.85,3.54,4.51,WSW,247.0,0.0,128.5,1.0,weather_underground,,
IICHTE19,WeerstationBS,other,EasyWeatherV1.6.6,51.092,2.999,15.0,2025-03-24 10:19:00,11.11,8.22,83.0,1011.85,2.25,3.54,WSW,247.0,0.0,132.2,1.0,weather_underground,,
IICHTE19,WeerstationBS,other,EasyWeatherV1.6.6,51.092,2.999,15.0,2025-03-24 10:24:00,11.44,8.33,82.0,1011.85,2.41,3.38,WSW,247.0,0.0,135.7,1.0,weather_underground,,
IICHTE19,WeerstationBS,other,EasyWeatherV1.6.6,51.092,2.999,15.0,2025-03-24 10:29:00,11.67,8.67,82.0,1012.19,1.93,2.9,WSW,247.0,0.0,138.9,1.0,weather_underground,,
IICHTE19,WeerstationBS,other,EasyWeatherV1.6.6,51.092,2.999,15.0,2025-03-24 10:34:00,11.61,8.5,81.0,1011.85,2.74,4.35,WSW,247.0,0.0,143.1,1.0,weather_underground,,
IICHTE19,WeerstationBS,other,EasyWeatherV1.6.6,51.092,2.999,15.0,2025-03-24 10:39:00,11.67,8.5,81.0,1011.85,2.57,3.54,WSW,247.0,0.0,150.5,1.0,weather_underground,,
IICHTE19,WeerstationBS,other,EasyWeatherV1.6.6,51.092,2.999,15.0,2025-03-24 10:44:00,11.72,8.61,82.0,1012.19,2.74,3.86,WSW,247.0,0.0,159.3,1.0,weather_underground,,
IICHTE19,WeerstationBS,other,EasyWeatherV1.6.6,51.092,2.999,15.0,2025-03-24 10:49:00,11.67,8.67,82.0,1012.19,2.25,3.38,WSW,247.0,0.0,170.9,1.0,weather_underground,,
IICHTE19,WeerstationBS,other,EasyWeatherV1.6.6,51.092,2.999,15.0,2025-03-24 10:54:00,11.72,8.72,82.0,1012.19,2.41,3.38,WSW,247.0,0.0,182.5,1.0,weather_underground,,
IICHTE19,WeerstationBS,other,EasyWeatherV1.6.6,51.092,2.999,15.0,2025-03-24 10:59:00,11.94,9.11,83.0,1011.85,2.25,3.54,WSW,247.0,0.0,200.3,1.0,weather_underground,,
IICHTE19,WeerstationBS,other,EasyWeatherV1.6.6,51.092,2.999,15.0,2025-03-24 11:04:00,12.11,9.22,83.0,1012.19,1.61,2.74,WSW,247.0,0.0,220.0,2.0,weather_underground,,
IICHTE19,WeerstationBS,other,EasyWeatherV1.6.6,51.092,2.999,15.0,2025-03-24 11:09:00,12.33,9.17,81.0,1012.19,2.74,3.7,WSW,247.0,0.0,244.6,2.0,weather_underground,,
IICHTE19,WeerstationBS,other,EasyWeatherV1.6.6,51.092,2.999,15.0,2025-03-24 11:14:00,12.28,9.17,81.0,1012.19,2.09,3.22,WSW,247.0,0.0,264.7,2.0,weather_underground,,
IICHTE19,WeerstationBS,other,EasyWeatherV1.6.6,51.092,2.999,15.0,2025-03-24 11:19:00,12.56,9.28,81.0,1012.19,2.25,3.06,West,,0.0,276.0,2.0,weather_underground,,
IICHTE19,WeerstationBS,other,EasyWeatherV1.6.6,51.092,2.999,15.0,2025-03-24 11:24:00,12.44,9.17,81.0,1011.85,1.77,2.74,West,,0.0,282.6,2.0,weather_underground,,
IICHTE19,WeerstationBS,other,EasyWeatherV1.6.6,51.092,2.999,15.0,2025-03-24 11:29:00,12.78,9.44,80.0,1011.85,1.61,2.25,West,,0.0,297.4,2.0,weather_underground,,
IICHTE19,WeerstationBS,other,EasyWeatherV1.6.6,51.092,2.999,15.0,2025-03-24 11:34:00,12.89,9.5,80.0,1011.85,1.61,2.41,WSW,247.0,0.0,302.0,2.0,weather_underground,,
IICHTE19,WeerstationBS,other,EasyWeatherV1.6.6,51.092,2.999,15.0,2025-03-24 11:39:00,13.11,9.56,79.0,1011.85,3.38,4.51,WSW,247.0,0.0,306.6,2.0,weather_underground,,
IICHTE19,WeerstationBS,other,EasyWeatherV1.6.6,51.092,2.999,15.0,2025-03-24 11:44:00,12.72,9.28,80.0,1011.85,2.41,3.06,WSW,247.0,0.0,315.1,3.0,weather_underground,,
IICHTE19,WeerstationBS,other,EasyWeatherV1.6.6,51.092,2.999,15.0,2025-03-24 11:49:00,12.83,9.44,80.0,1011.51,3.06,4.02,WSW,247.0,0.0,324.6,3.0,weather_underground,,
IICHTE19,WeerstationBS,other,EasyWeatherV1.6.6,51.092,2.999,15.0,2025-03-24 11:54:00,12.89,9.61,80.0,1011.51,2.25,3.22,WSW,247.0,0.0,325.8,3.0,weather_underground,,
IICHTE19,WeerstationBS,other,EasyWeatherV1.6.6,51.092,2.999,15.0,2025-03-24 11:59:00,13.17,9.61,79.0,1011.51,3.06,4.51,WSW,247.0,0.0,335.0,3.0,weather_underground,,
IICHTE19,WeerstationBS,other,EasyWeatherV1.6.6,51.092,2.999,15.0,2025-03-24 12:04:00,13.33,9.72,79.0,1011.51,3.06,4.35,WSW,247.0,0.0,335.7,3.0,weather_underground,,
IICHTE19,WeerstationBS,other,EasyWeatherV1.6.6,51.092,2.999,15.0,2025-03-24 12:09:00,13.39,9.67,78.0,1011.18,3.86,5.47,WSW,247.0,0.0,341.1,3.0,weather_underground,,
IICHTE19,WeerstationBS,other,EasyWeatherV1.6.6,51.092,2.999,15.0,2025-03-24 12:14:00,13.56,9.67,77.0,1011.51,2.57,3.86,WSW,247.0,0.0,342.8,3.0,weather_underground,,
IICHTE19,WeerstationBS,other,EasyWeatherV1.6.6,51.092,2.999,15.0,2025-03-24 12:19:00,13.67,9.67,77.0,1011.18,4.18,5.79,WSW,247.0,0.0,348.5,3.0,weather_underground,,
IICHTE19,WeerstationBS,other,EasyWeatherV1.6.6,51.092,2.999,15.0,2025-03-24 12:24:00,13.67,9.61,77.0,1011.18,3.38,5.15,WSW,247.0,0.0,352.4,3.0,weather_underground,,
IICHTE19,WeerstationBS,other,EasyWeatherV1.6.6,51.092,2.999,15.0,2025-03-24 12:29:00,13.78,9.78,77.0,1011.18,3.7,5.15,WSW,247.0,0.0,353.0,3.0,weather_underground,,
IICHTE19,WeerstationBS,other,EasyWeatherV1.6.6,51.092,2.999,15.0,2025-03-24 12:34:00,14.0,9.89,76.0,1011.18,3.38,4.83,WSW,247.0,0.0,359.5,3.0,weather_underground,,
IICHTE19,WeerstationBS,other,EasyWeatherV1.6.6,51.092,2.999,15.0,2025-03-24 12:39:00,14.22,9.89,75.0,1011.18,3.38,4.99,WSW,247.0,0.0,361.7,3.0,weather_underground,,
IICHTE19,WeerstationBS,other,EasyWeatherV1.6.6,51.092,2.999,15.0,2025-03-24 12:44:00,14.44,9.94,74.0,1011.18,3.38,4.99,WSW,247.0,0.0,361.2,3.0,weather_underground,,
IICHTE19,WeerstationBS,other,EasyWeatherV1.6.6,51.092,2.999,15.0,2025-03-24 12:49:00,14.61,9.94,73.0,1011.18,3.06,4.35,WSW,247.0,0.0,366.9,3.0,weather_underground,,
IICHTE19,WeerstationBS,other,EasyWeatherV1.6.6,51.092,2.999,15.0,2025-03-24 12:54:00,14.94,10.11,73.0,1011.18,2.74,4.02,WSW,247.0,0.0,366.1,3.0,weather_underground,,
IICHTE19,WeerstationBS,other,EasyWeatherV1.6.6,51.092,2.999,15.0,2025-03-24 12:59:00,15.11,10.17,72.0,1010.84,2.09,2.74,WSW,247.0,0.0,369.4,3.0,weather_underground,,
IICHTE19,WeerstationBS,other,EasyWeatherV1.6.6,51.092,2.999,15.0,2025-03-24 13:04:00,15.44,10.28,71.0,1010.84,2.57,4.02,WSW,247.0,0.0,370.9,3.0,weather_underground,,
IICHTE19,WeerstationBS,other,EasyWeatherV1.6.6,51.092,2.999,15.0,2025-03-24 13:09:00,15.44,10.06,70.0,1010.5,2.74,4.18,WSW,247.0,0.0,369.9,3.0,weather_underground,,
IICHTE19,WeerstationBS,other,EasyWeatherV1.6.6,51.092,2.999,15.0,2025-03-24 13:14:00,15.5,10.11,70.0,1010.5,1.77,2.9,WSW,247.0,0.0,368.3,3.0,weather_underground,,
IICHTE19,WeerstationBS,other,EasyWeatherV1.6.6,51.092,2.999,15.0,2025-03-24 13:19:00,15.56,10.11,70.0,1010.5,3.06,4.83,WSW,247.0,0.0,367.8,3.0,weather_underground,,
IICHTE19,WeerstationBS,other,EasyWeatherV1.6.6,51.092,2.999,15.0,2025-03-24 13:24:00,15.61,10.0,69.0,1010.5,2.9,4.35,WSW,247.0,0.0,377.8,3.0,weather_underground,,
IICHTE19,WeerstationBS,other,EasyWeatherV1.6.6,51.092,2.999,15.0,2025-03-24 13:29:00,15.61,10.28,70.0,1010.5,3.38,4.99,WSW,247.0,0.0,363.3,3.0,weather_underground,,
IICHTE19,WeerstationBS,other,EasyWeatherV1.6.6,51.092,2.999,15.0,2025-03-24 13:34:00,15.78,10.17,69.0,1010.16,3.22,4.51,WSW,247.0,0.0,359.9,3.0,weather_underground,,
IICHTE19,WeerstationBS,other,EasyWeatherV1.6.6,51.092,2.999,15.0,2025-03-24 13:39:00,16.0,10.33,69.0,1010.16,2.09,2.9,WSW,247.0,0.0,371.8,3.0,weather_underground,,
IICHTE19,WeerstationBS,other,EasyWeatherV1.6.6,51.092,2.999,15.0,2025-03-24 13:44:00,15.89,10.39,70.0,1010.16,3.54,5.31,WSW,247.0,0.0,370.3,3.0,weather_underground,,
IICHTE19,WeerstationBS,other,EasyWeatherV1.6.6,51.092,2.999,15.0,2025-03-24 13:49:00,15.78,10.39,70.0,1009.82,4.67,6.44,SW,225.0,0.0,368.6,3.0,weather_underground,,
IICHTE19,WeerstationBS,other,EasyWeatherV1.6.6,51.092,2.999,15.0,2025-03-24 13:54:00,15.89,10.22,69.0,1009.48,3.7,5.15,WSW,247.0,0.0,387.5,3.0,weather_underground,,
IICHTE19,WeerstationBS,other,EasyWeatherV1.6.6,51.092,2.999,15.0,2025-03-24 13:59:00,16.17,10.28,68.0,1009.48,4.35,6.12,SW,225.0,0.0,383.0,3.0,weather_underground,,
IICHTE19,WeerstationBS,other,EasyWeatherV1.6.6,51.092,2.999,15.0,2025-03-24 14:04:00,15.72,10.22,70.0,1009.48,3.06,4.51,WSW,247.0,0.0,329.1,3.0,weather_underground,,
IICHTE19,WeerstationBS,other,EasyWeatherV1.6.6,51.092,2.999,15.0,2025-03-24 14:09:00,15.28,9.83,70.0,1009.48,3.06,4.35,WSW,247.0,0.0,373.5,3.0,weather_underground,,
IICHTE19,WeerstationBS,other,EasyWeatherV1.6.6,51.092,2.999,15.0,2025-03-24 14:14:00,15.44,9.72,69.0,1009.48,3.06,4.35,WSW,247.0,0.0,357.9,3.0,weather_underground,,
IICHTE19,WeerstationBS,other,EasyWeatherV1.6.6,51.092,2.999,15.0,2025-03-24 14:19:00,15.78,9.67,67.0,1009.48,3.54,4.99,WSW,247.0,0.0,380.2,3.0,weather_underground,,
IICHTE19,WeerstationBS,other,EasyWeatherV1.6.6,51.092,2.999,15.0,2025-03-24 14:24:00,16.17,9.89,66.0,1009.48,4.67,6.44,WSW,247.0,0.0,381.3,3.0,weather_underground,,
IICHTE19,WeerstationBS,other,EasyWeatherV1.6.6,51.092,2.999,15.0,2025-03-24 14:29:00,16.67,10.06,65.0,1009.14,2.74,3.86,WSW,247.0,0.0,375.5,3.0,weather_underground,,
IICHTE19,WeerstationBS,other,EasyWeatherV1.6.6,51.092,2.999,15.0,2025-03-24 14:34:00,17.0,10.0,63.0,1009.14,2.9,4.35,WSW,247.0,0.0,374.8,3.0,weather_underground,,
IICHTE19,WeerstationBS,other,EasyWeatherV1.6.6,51.092,2.999,15.0,2025-03-24 14:39:00,16.94,10.0,64.0,1009.14,4.18,6.6,WSW,247.0,0.0,358.4,3.0,weather_underground,,
IICHTE19,WeerstationBS,other,EasyWeatherV1.6.6,51.092,2.999,15.0,2025-03-24 14:44:00,16.56,9.83,64.0,1009.14,5.31,7.24,SW,225.0,0.0,355.1,3.0,weather_underground,,
IICHTE19,WeerstationBS,other,EasyWeatherV1.6.6,51.092,2.999,15.0,2025-03-24 14:49:00,16.94,9.83,63.0,1008.81,2.74,3.86,WSW,247.0,0.0,339.3,3.0,weather_underground,,
IICHTE19,WeerstationBS,other,EasyWeatherV1.6.6,51.092,2.999,15.0,2025-03-24 14:54:00,16.94,9.94,63.0,1008.81,4.51,5.95,SSW,202.0,0.0,359.6,3.0,weather_underground,,
IICHTE19,WeerstationBS,other,EasyWeatherV1.6.6,51.092,2.999,15.0,2025-03-24 14:59:00,16.61,9.83,64.0,1008.81,4.83,6.6,South,,0.0,351.5,3.0,weather_underground,,
IICHTE19,WeerstationBS,other,EasyWeatherV1.6.6,51.092,2.999,15.0,2025-03-24 15:04:00,16.83,9.61,63.0,1008.81,4.67,6.92,SSE,157.0,0.0,345.0,3.0,weather_underground,,
IICHTE19,WeerstationBS,other,EasyWeatherV1.6.6,51.092,2.999,15.0,2025-03-24 15:09:00,16.11,9.39,65.0,1008.81,4.51,6.28,South,,0.0,111.5,1.0,weather_underground,,
IICHTE19,WeerstationBS,other,EasyWeatherV1.6.6,51.092,2.999,15.0,2025-03-24 15:14:00,15.72,9.28,66.0,1008.47,4.51,6.28,SSE,157.0,0.0,320.9,3.0,weather_underground,,
IICHTE19,WeerstationBS,other,EasyWeatherV1.6.6,51.092,2.999,15.0,2025-03-24 15:19:00,15.78,9.22,65.0,1008.47,2.25,3.38,SSW,202.0,0.0,303.3,2.0,weather_underground,,
IICHTE19,WeerstationBS,other,EasyWeatherV1.6.6,51.092,2.999,15.0,2025-03-24 15:24:00,16.0,9.22,64.0,1008.47,3.7,5.63,SSE,157.0,0.0,327.7,3.0,weather_underground,,
IICHTE19,WeerstationBS,other,EasyWeatherV1.6.6,51.092,2.999,15.0,2025-03-24 15:29:00,16.33,9.28,63.0,1008.47,5.31,6.92,SSE,157.0,0.0,327.0,3.0,weather_underground,,
IICHTE19,WeerstationBS,other,EasyWeatherV1.6.6,51.092,2.999,15.0,2025-03-24 15:34:00,16.44,9.17,62.0,1008.47,5.31,7.4,SSE,157.0,0.0,313.6,3.0,weather_underground,,
IICHTE19,WeerstationBS,other,EasyWeatherV1.6.6,51.092,2.999,15.0,2025-03-24 15:39:00,16.83,9.33,61.0,1008.47,4.35,5.95,SSE,157.0,0.0,311.8,3.0,weather_underground,,
IICHTE19,WeerstationBS,other,EasyWeatherV1.6.6,51.092,2.999,15.0,2025-03-24 15:44:00,16.33,9.11,62.0,1008.47,5.63,7.4,SSE,157.0,0.0,270.4,2.0,weather_underground,,
IICHTE19,WeerstationBS,other,EasyWeatherV1.6.6,51.092,2.999,15.0,2025-03-24 15:49:00,16.33,9.22,63.0,1008.47,4.51,6.76,SSE,157.0,0.0,298.0,2.0,weather_underground,,
IICHTE19,WeerstationBS,other,EasyWeatherV1.6.6,51.092,2.999,15.0,2025-03-24 15:54:00,16.89,9.0,60.0,1008.13,4.51,6.44,South,,0.0,286.9,2.0,weather_underground,,
IICHTE19,WeerstationBS,other,EasyWeatherV1.6.6,51.092,2.999,15.0,2025-03-24 15:59:00,17.06,9.06,59.0,1008.13,4.18,6.6,SSE,157.0,0.0,265.4,2.0,weather_underground,,
IICHTE19,WeerstationBS,other,EasyWeatherV1.6.6,51.092,2.999,15.0,2025-03-24 16:04:00,17.06,9.22,60.0,1008.13,4.83,6.44,South,,0.0,255.2,2.0,weather_underground,,
IICHTE19,WeerstationBS,other,EasyWeatherV1.6.6,51.092,2.999,15.0,2025-03-24 16:09:00,16.33,9.17,62.0,1008.13,4.67,6.44,SSE,157.0,0.0,248.0,2.0,weather_underground,,
IICHTE19,WeerstationBS,other,EasyWeatherV1.6.6,51.092,2.999,15.0,2025-03-24 16:14:00,16.44,9.28,63.0,1008.13,3.7,4.83,SSE,157.0,0.0,258.0,2.0,weather_underground,,
IICHTE19,WeerstationBS,other,EasyWeatherV1.6.6,51.092,2.999,15.0,2025-03-24 16:19:00,16.28,9.5,64.0,1008.13,4.02,5.79,SE,135.0,0.0,225.3,2.0,weather_underground,,
IICHTE19,WeerstationBS,other,EasyWeatherV1.6.6,51.092,2.999,15.0,2025-03-24 16:24:00,16.67,9.67,63.0,1008.13,6.12,8.05,SSE,157.0,0.0,227.4,2.0,weather_underground,,
IICHTE19,WeerstationBS,other,EasyWeatherV1.6.6,51.092,2.999,15.0,2025-03-24 16:29:00,16.61,9.39,62.0,1007.79,5.15,6.6,SSE,157.0,0.0,222.6,2.0,weather_underground,,
IICHTE19,WeerstationBS,other,EasyWeatherV1.6.6,51.092,2.999,15.0,2025-03-24 16:34:00,16.67,9.33,62.0,1008.13,6.12,8.85,SE,135.0,0.0,224.8,2.0,weather_underground,,
IICHTE19,WeerstationBS,other,EasyWeatherV1.6.6,51.092,2.999,15.0,2025-03-24 16:39:00,16.56,9.44,63.0,1007.79,5.47,7.56,SSE,157.0,0.0,189.6,1.0,weather_underground,,
IICHTE19,WeerstationBS,other,EasyWeatherV1.6.6,51.092,2.999,15.0,2025-03-24 16:44:00,16.44,9.39,63.0,1007.79,4.83,6.76,SSE,157.0,0.0,168.4,1.0,weather_underground,,
IICHTE19,WeerstationBS,other,EasyWeatherV1.6.6,51.092,2.999,15.0,2025-03-24 16:49:00,16.5,9.33,62.0,1007.79,5.47,7.24,SSE,157.0,0.0,148.5,1.0,weather_underground,,
IICHTE19,WeerstationBS,other,EasyWeatherV1.6.6,51.092,2.999,15.0,2025-03-24 16:54:00,16.0,8.94,63.0,1007.79,5.31,7.56,SSE,157.0,0.0,130.1,1.0,weather_underground,,
IICHTE19,WeerstationBS,other,EasyWeatherV1.6.6,51.092,2.999,15.0,2025-03-24 16:59:00,15.28,8.89,65.0,1007.79,3.22,4.02,SSE,157.0,0.0,52.3,0.0,weather_underground,,
IICHTE19,WeerstationBS,other,EasyWeatherV1.6.6,51.092,2.999,15.0,2025-03-24 17:04:00,15.17,8.33,64.0,1007.79,3.7,5.15,South,,0.0,120.6,1.0,weather_underground,,
IICHTE19,WeerstationBS,other,EasyWeatherV1.6.6,51.092,2.999,15.0,2025-03-24 17:09:00,15.72,8.56,63.0,1007.79,3.7,5.15,South,,0.0,95.9,0.0,weather_underground,,
IICHTE19,WeerstationBS,other,EasyWeatherV1.6.6,51.092,2.999,15.0,2025-03-24 17:14:00,15.83,8.78,63.0,1007.79,3.38,4.67,South,,0.0,87.9,0.0,weather_underground,,
IICHTE19,WeerstationBS,other,EasyWeatherV1.6.6,51.092,2.999,15.0,2025-03-24 17:19:00,15.72,8.78,63.0,1007.79,4.18,5.79,SSE,157.0,0.0,82.3,0.0,weather_underground,,
IICHTE19,WeerstationBS,other,EasyWeatherV1.6.6,51.092,2.999,15.0,2025-03-24 17:24:00,15.89,9.0,63.0,1007.79,4.02,5.31,SSE,157.0,0.0,78.1,0.0,weather_underground,,
IICHTE19,WeerstationBS,other,EasyWeatherV1.6.6,51.092,2.999,15.0,2025-03-24 17:29:00,15.94,9.0,63.0,1007.45,4.51,6.12,SSE,157.0,0.0,67.6,0.0,weather_underground,,
IICHTE19,WeerstationBS,other,EasyWeatherV1.6.6,51.092,2.999,15.0,2025-03-24 17:34:00,15.89,8.61,62.0,1007.45,5.31,7.4,SSE,157.0,0.0,59.1,0.0,weather_underground,,
IICHTE19,WeerstationBS,other,EasyWeatherV1.6.6,51.092,2.999,15.0,2025-03-24 17:39:00,15.72,8.61,63.0,1007.45,4.35,6.44,SE,135.0,0.0,57.0,0.0,weather_underground,,
IICHTE19,WeerstationBS,other,EasyWeatherV1.6.6,51.092,2.999,15.0,2025-03-24 17:44:00,15.61,8.72,64.0,1007.45,5.63,7.56,SE,135.0,0.0,52.4,0.0,weather_underground,,
IICHTE19,WeerstationBS,other,EasyWeatherV1.6.6,51.092,2.999,15.0,2025-03-24 17:49:00,15.39,8.72,64.0,1007.45,3.38,4.83,SSE,157.0,0.0,49.2,0.0,weather_underground,,
IICHTE19,WeerstationBS,other,EasyWeatherV1.6.6,51.092,2.999,15.0,2025-03-24 17:54:00,15.39,8.78,65.0,1007.11,3.22,4.02,South,,0.0,47.6,0.0,weather_underground,,
IICHTE19,WeerstationBS,other,EasyWeatherV1.6.6,51.092,2.999,15.0,2025-03-24 17:59:00,15.33,8.61,64.0,1007.11,4.35,5.95,SSE,157.0,0.0,44.8,0.0,weather_underground,,
IICHTE19,WeerstationBS,other,EasyWeatherV1.6.6,51.092,2.999,15.0,2025-03-24 18:04:00,15.22,8.72,65.0,1007.11,3.7,5.31,SSE,157.0,0.0,44.1,0.0,weather_underground,,
IICHTE19,WeerstationBS,other,EasyWeatherV1.6.6,51.092,2.999,15.0,2025-03-24 18:09:00,15.11,8.61,65.0,1007.11,4.02,5.79,SSE,157.0,0.0,38.3,0.0,weather_underground,,
IICHTE19,WeerstationBS,other,EasyWeatherV1.6.6,51.092,2.999,15.0,2025-03-24 18:14:00,15.0,8.72,66.0,1007.11,2.74,3.86,South,,0.0,37.3,0.0,weather_underground,,
IICHTE19,WeerstationBS,other,EasyWeatherV1.6.6,51.092,2.999,15.0,2025-03-24 18:19:00,14.83,8.78,67.0,1007.11,3.06,3.86,SSE,157.0,0.0,37.3,0.0,weather_underground,,
IICHTE19,WeerstationBS,other,EasyWeatherV1.6.6,51.092,2.999,15.0,2025-03-24 18:24:00,14.61,8.72,68.0,1006.77,3.06,3.86,SSE,157.0,0.0,35.1,0.0,weather_underground,,
IICHTE19,WeerstationBS,other,EasyWeatherV1.6.6,51.092,2.999,15.0,2025-03-24 18:29:00,14.5,8.78,68.0,1006.77,3.06,3.86,SSE,157.0,0.0,30.2,0.0,weather_underground,,
IICHTE19,WeerstationBS,other,EasyWeatherV1.6.6,51.092,2.999,15.0,2025-03-24 18:34:00,14.33,8.78,69.0,1006.77,2.41,3.54,SSE,157.0,0.0,26.2,0.0,weather_underground,,
IICHTE19,WeerstationBS,other,EasyWeatherV1.6.6,51.092,2.999,15.0,2025-03-24 18:39:00,14.11,8.72,70.0,1006.77,2.74,3.86,SSE,157.0,0.0,23.0,0.0,weather_underground,,
IICHTE19,WeerstationBS,other,EasyWeatherV1.6.6,51.092,2.999,15.0,2025-03-24 18:44:00,13.83,8.67,71.0,1006.77,1.61,2.09,SSW,202.0,0.0,19.9,0.0,weather_underground,,
IICHTE19,WeerstationBS,other,EasyWeatherV1.6.6,51.092,2.999,15.0,2025-03-24 18:49:00,13.67,8.56,71.0,1006.44,2.25,3.38,South,,0.0,17.0,0.0,weather_underground,,
IICHTE19,WeerstationBS,other,EasyWeatherV1.6.6,51.092,2.999,15.0,2025-03-24 18:54:00,13.5,8.5,72.0,1006.44,2.9,4.18,SSE,157.0,0.0,14.5,0.0,weather_underground,,
IICHTE19,WeerstationBS,other,EasyWeatherV1.6.6,51.092,2.999,15.0,2025-03-24 18:59:00,13.28,8.33,72.0,1006.44,3.06,4.18,SSE,157.0,0.0,11.8,0.0,weather_underground,,
IICHTE19,WeerstationBS,other,EasyWeatherV1.6.6,51.092,2.999,15.0,2025-03-24 19:04:00,13.06,8.33,73.0,1006.44,2.9,3.86,SSE,157.0,0.0,9.2,0.0,weather_underground,,
IICHTE19,WeerstationBS,other,EasyWeatherV1.6.6,51.092,2.999,15.0,2025-03-24 19:09:00,12.78,8.28,74.0,1006.44,2.74,3.7,SSE,157.0,0.0,6.9,0.0,weather_underground,,
IICHTE19,WeerstationBS,other,EasyWeatherV1.6.6,51.092,2.999,15.0,2025-03-24 19:14:00,12.61,8.11,74.0,1006.1,2.57,3.7,SSE,157.0,0.0,4.8,0.0,weather_underground,,
IICHTE19,WeerstationBS,other,EasyWeatherV1.6.6,51.092,2.999,15.0,2025-03-24 19:19:00,12.39,7.94,74.0,1006.44,3.22,4.35,SSE,157.0,0.0,3.1,0.0,weather_underground,,
IICHTE19,WeerstationBS,other,EasyWeatherV1.6.6,51.092,2.999,15.0,2025-03-24 19:24:00,12.28,7.83,74.0,1006.44,2.9,4.02,SSE,157.0,0.0,1.9,0.0,weather_underground,,
IICHTE19,WeerstationBS,other,EasyWeatherV1.6.6,51.092,2.999,15.0,2025-03-24 19:29:00,12.22,7.83,75.0,1006.44,3.22,4.35,SSE,157.0,0.0,1.0,0.0,weather_underground,,
IICHTE19,WeerstationBS,other,EasyWeatherV1.6.6,51.092,2.999,15.0,2025-03-24 19:34:00,12.11,7.78,75.0,1006.1,2.9,4.35,South,,0.0,0.5,0.0,weather_underground,,
IICHTE19,WeerstationBS,other,EasyWeatherV1.6.6,51.092,2.999,15.0,2025-03-24 19:39:00,12.0,7.72,75.0,1006.44,2.74,3.38,SSE,157.0,0.0,0.2,0.0,weather_underground,,
IICHTE19,WeerstationBS,other,EasyWeatherV1.6.6,51.092,2.999,15.0,2025-03-24 19:44:00,11.83,7.72,76.0,1006.44,2.25,3.06,South,,0.0,0.1,0.0,weather_underground,,
IICHTE19,WeerstationBS,other,EasyWeatherV1.6.6,51.092,2.999,15.0,2025-03-24 19:49:00,11.78,7.67,76.0,1006.44,3.22,4.18,SSE,157.0,0.0,0.0,0.0,weather_underground,,
IICHTE19,WeerstationBS,other,EasyWeatherV1.6.6,51.092,2.999,15.0,2025-03-24 19:54:00,11.72,7.67,76.0,1006.44,1.93,2.74,South,,0.0,0.0,0.0,weather_underground,,
IICHTE19,WeerstationBS,other,EasyWeatherV1.6.6,51.092,2.999,15.0,2025-03-24 19:59:00,11.44,7.56,77.0,1006.44,2.41,3.38,South,,0.0,0.0,0.0,weather_underground,,
IICHTE19,WeerstationBS,other,EasyWeatherV1.6.6,51.092,2.999,15.0,2025-03-24 20:04:00,11.28,7.5,78.0,1006.1,2.25,2.9,SSW,202.0,0.0,0.0,0.0,weather_underground,,
IICHTE19,WeerstationBS,other,EasyWeatherV1.6.6,51.092,2.999,15.0,2025-03-24 20:09:00,11.22,7.39,77.0,1006.1,1.61,2.41,SSW,202.0,0.0,0.0,0.0,weather_underground,,
IICHTE19,WeerstationBS,other,EasyWeatherV1.6.6,51.092,2.999,15.0,2025-03-24 20:14:00,11.0,7.28,78.0,1006.1,0.8,1.93,SSW,202.0,0.0,0.0,0.0,weather_underground,,
IICHTE19,WeerstationBS,other,EasyWeatherV1.6.6,51.092,2.999,15.0,2025-03-24 20:19:00,10.72,7.28,79.0,1006.1,2.09,2.9,SSW,202.0,0.0,0.0,0.0,weather_underground,,
IICHTE19,WeerstationBS,other,EasyWeatherV1.6.6,51.092,2.999,15.0,2025-03-24 20:24:00,10.72,7.39,80.0,1006.1,2.09,3.06,South,,0.0,0.0,0.0,weather_underground,,
IICHTE19,WeerstationBS,other,EasyWeatherV1.6.6,51.092,2.999,15.0,2025-03-24 20:29:00,10.72,7.39,80.0,1006.1,1.93,2.57,SSW,202.0,0.0,0.0,0.0,weather_underground,,
IICHTE19,WeerstationBS,other,EasyWeatherV1.6.6,51.092,2.999,15.0,2025-03-24 20:34:00,10.72,7.22,79.0,1006.1,1.13,2.09,SSW,202.0,0.0,0.0,0.0,weather_underground,,
IICHTE19,WeerstationBS,other,EasyWeatherV1.6.6,51.092,2.999,15.0,2025-03-24 20:39:00,10.44,7.06,80.0,1006.1,0.48,1.13,SSW,202.0,0.0,0.0,0.0,weather_underground,,
IICHTE19,WeerstationBS,other,EasyWeatherV1.6.6,51.092,2.999,15.0,2025-03-24 20:44:00,10.17,6.94,80.0,1006.1,0.48,0.97,SSW,202.0,0.0,0.0,0.0,weather_underground,,
IICHTE19,WeerstationBS,other,EasyWeatherV1.6.6,51.092,2.999,15.0,2025-03-24 20:49:00,10.06,6.94,81.0,1006.1,0.32,0.64,SSW,202.0,0.0,0.0,0.0,weather_underground,,
IICHTE19,WeerstationBS,other,EasyWeatherV1.6.6,51.092,2.999,15.0,2025-03-24 20:54:00,9.89,6.94,82.0,1006.1,0.97,1.45,SSW,202.0,0.0,0.0,0.0,weather_underground,,
IICHTE19,WeerstationBS,other,EasyWeatherV1.6.6,51.092,2.999,15.0,2025-03-24 20:59:00,9.94,7.06,82.0,1006.1,1.77,2.57,SSW,202.0,0.0,0.0,0.0,weather_underground,,
IICHTE19,WeerstationBS,other,EasyWeatherV1.6.6,51.092,2.999,15.0,2025-03-24 21:04:00,9.94,6.89,81.0,1006.1,0.8,1.77,SSW,202.0,0.0,0.0,0.0,weather_underground,,
IICHTE19,WeerstationBS,other,EasyWeatherV1.6.6,51.092,2.999,15.0,2025-03-24 21:09:00,9.78,6.83,82.0,1006.1,0.97,1.77,SSW,202.0,0.0,0.0,0.0,weather_underground,,
IICHTE19,WeerstationBS,other,EasyWeatherV1.6.6,51.092,2.999,15.0,2025-03-24 21:14:00,9.78,6.89,82.0,1006.1,1.77,2.25,SSW,202.0,0.0,0.0,0.0,weather_underground,,
IICHTE19,WeerstationBS,other,EasyWeatherV1.6.6,51.092,2.999,15.0,2025-03-24 21:19:00,9.89,7.0,82.0,1006.1,2.41,3.22,South,,0.0,0.0,0.0,weather_underground,,
IICHTE19,WeerstationBS,other,EasyWeatherV1.6.6,51.092,2.999,15.0,2025-03-24 21:24:00,10.11,7.0,81.0,1005.76,2.25,2.9,SSW,202.0,0.0,0.0,0.0,weather_underground,,
IICHTE19,WeerstationBS,other,EasyWeatherV1.6.6,51.092,2.999,15.0,2025-03-24 21:29:00,10.17,6.94,81.0,1006.1,2.74,3.86,South,,0.0,0.0,0.0,weather_underground,,
IICHTE19,WeerstationBS,other,EasyWeatherV1.6.6,51.092,2.999,15.0,2025-03-24 21:34:00,10.0,6.78,80.0,1006.1,0.32,0.97,SW,225.0,0.0,0.0,0.0,weather_underground,,
IICHTE19,WeerstationBS,other,EasyWeatherV1.6.6,51.092,2.999,15.0,2025-03-24 21:39:00,9.72,6.67,81.0,1006.1,0.8,1.29,SSW,202.0,0.0,0.0,0.0,weather_underground,,
IICHTE19,WeerstationBS,other,EasyWeatherV1.6.6,51.092,2.999,15.0,2025-03-24 21:44:00,9.67,6.78,82.0,1006.1,1.93,2.74,SSW,202.0,0.0,0.0,0.0,weather_underground,,
IICHTE19,WeerstationBS,other,EasyWeatherV1.6.6,51.092,2.999,15.0,2025-03-24 21:49:00,9.72,6.78,82.0,1005.76,2.74,3.54,South,,0.0,0.0,0.0,weather_underground,,
IICHTE19,WeerstationBS,other,EasyWeatherV1.6.6,51.092,2.999,15.0,2025-03-24 21:54:00,9.72,6.83,82.0,1005.76,3.06,4.18,South,,0.0,0.0,0.0,weather_underground,,
IICHTE19,WeerstationBS,other,EasyWeatherV1.6.6,51.092,2.999,15.0,2025-03-24 21:59:00,9.78,6.78,81.0,1005.76,2.74,3.86,South,,0.0,0.0,0.0,weather_underground,,
IICHTE19,WeerstationBS,other,EasyWeatherV1.6.6,51.092,2.999,15.0,2025-03-24 22:04:00,9.78,6.78,81.0,1005.76,2.41,3.7,South,,0.0,0.0,0.0,weather_underground,,
IICHTE19,WeerstationBS,other,EasyWeatherV1.6.6,51.092,2.999,15.0,2025-03-24 22:09:00,9.78,6.78,81.0,1005.76,2.74,4.02,South,,0.0,0.0,0.0,weather_underground,,
IICHTE19,WeerstationBS,other,EasyWeatherV1.6.6,51.092,2.999,15.0,2025-03-24 22:14:00,9.78,6.78,81.0,1005.76,3.22,4.67,SSE,157.0,0.0,0.0,0.0,weather_underground,,
IICHTE19,WeerstationBS,other,EasyWeatherV1.6.6,51.092,2.999,15.0,2025-03-24 22:19:00,9.89,6.78,81.0,1005.42,3.06,4.51,South,,0.0,0.0,0.0,weather_underground,,
IICHTE19,WeerstationBS,other,EasyWeatherV1.6.6,51.092,2.999,15.0,2025-03-24 22:24:00,9.94,6.72,80.0,1005.42,3.7,5.15,South,,0.0,0.0,0.0,weather_underground,,
IICHTE19,WeerstationBS,other,EasyWeatherV1.6.6,51.092,2.999,15.0,2025-03-24 22:29:00,10.0,6.72,80.0,1005.42,3.06,4.83,South,,0.0,0.0,0.0,weather_underground,,
IICHTE19,WeerstationBS,other,EasyWeatherV1.6.6,51.092,2.999,15.0,2025-03-24 22:34:00,9.89,6.72,80.0,1005.42,2.74,4.35,South,,0.0,0.0,0.0,weather_underground,,
IICHTE19,WeerstationBS,other,EasyWeatherV1.6.6,51.092,2.999,15.0,2025-03-24 22:39:00,9.89,6.78,81.0,1005.42,3.06,4.35,South,,0.0,0.0,0.0,weather_underground,,
IICHTE19,WeerstationBS,other,EasyWeatherV1.6.6,51.092,2.999,15.0,2025-03-24 22:44:00,9.78,6.72,81.0,1005.08,2.9,4.35,South,,0.0,0.0,0.0,weather_underground,,
IICHTE19,WeerstationBS,other,EasyWeatherV1.6.6,51.092,2.999,15.0,2025-03-24 22:49:00,9.78,6.67,81.0,1005.42,2.9,4.67,South,,0.0,0.0,0.0,weather_underground,,
IICHTE19,WeerstationBS,other,EasyWeatherV1.6.6,51.092,2.999,15.0,2025-03-24 22:54:00,9.72,6.67,81.0,1005.08,3.38,4.83,South,,0.0,0.0,0.0,weather_underground,,
IICHTE19,WeerstationBS,other,EasyWeatherV1.6.6,51.092,2.999,15.0,2025-03-24 22:59:00,9.67,6.67,82.0,1005.08,3.22,4.67,South,,0.0,0.0,0.0,weather_underground,,
IICHTE19,WeerstationBS,other,EasyWeatherV1.6.6,51.092,2.999,15.0,2025-03-24 23:04:00,9.61,6.72,82.0,1005.08,2.9,4.18,SSW,202.0,0.0,0.0,0.0,weather_underground,,
IICHTE19,WeerstationBS,other,EasyWeatherV1.6.6,51.092,2.999,15.0,2025-03-24 23:09:00,9.5,6.61,82.0,1005.08,2.57,3.86,South,,0.0,0.0,0.0,weather_underground,,
IICHTE19,WeerstationBS,other,EasyWeatherV1.6.6,51.092,2.999,15.0,2025-03-24 23:14:00,9.39,6.56,82.0,1005.08,2.41,3.54,South,,0.0,0.0,0.0,weather_underground,,
IICHTE19,WeerstationBS,other,EasyWeatherV1.6.6,51.092,2.999,15.0,2025-03-24 23:19:00,9.28,6.5,83.0,1005.08,2.57,3.86,South,,0.0,0.0,0.0,weather_underground,,
IICHTE19,WeerstationBS,other,EasyWeatherV1.6.6,51.092,2.999,15.0,2025-03-24 23:24:00,9.22,6.39,83.0,1005.08,2.74,3.7,South,,0.0,0.0,0.0,weather_underground,,
IICHTE19,WeerstationBS,other,EasyWeatherV1.6.6,51.092,2.999,15.0,2025-03-24 23:29:00,9.11,6.44,84.0,1005.08,2.41,3.54,SSW,202.0,0.0,0.0,0.0,weather_underground,,
IICHTE19,WeerstationBS,other,EasyWeatherV1.6.6,51.092,2.999,15.0,2025-03-24 23:34:00,9.06,6.44,84.0,1005.08,2.25,3.38,South,,0.0,0.0,0.0,weather_underground,,
IICHTE19,WeerstationBS,other,EasyWeatherV1.6.6,51.092,2.999,15.0,2025-03-24 23:39:00,9.0,6.39,84.0,1005.08,2.25,3.38,South,,0.0,0.0,0.0,weather_underground,,
IICHTE19,WeerstationBS,other,EasyWeatherV1.6.6,51.092,2.999,15.0,2025-03-24 23:44:00,8.89,6.28,84.0,1005.08,2.57,3.54,SSW,202.0,0.0,0.0,0.0,weather_underground,,
IICHTE19,WeerstationBS,other,EasyWeatherV1.6.6,51.092,2.999,15.0,2025-03-24 23:49:00,8.89,6.28,84.0,1005.08,3.06,4.18,South,,0.0,0.0,0.0,weather_underground,,
IICHTE19,WeerstationBS,other,EasyWeatherV1.6.6,51.092,2.999,15.0,2025-03-24 23:54:00,8.78,6.33,85.0,1005.08,2.74,3.7,South,,0.0,0.0,0.0,weather_underground,,
IICHTE19,WeerstationBS,other,EasyWeatherV1.6.6,51.092,2.999,15.0,2025-03-24 23:59:00,8.72,6.28,85.0,1005.08,2.9,4.02,South,,0.0,0.0,0.0,weather_underground,,
IICHTE19,WeerstationBS,other,EasyWeatherV1.6.6,51.092,2.999,15.0,,,,,,,,,,,,,weather_underground,,
IICHTE19,WeerstationBS,other,EasyWeatherV1.6.6,51.092,2.999,15.0,2025-03-24 00:04:00,8.61,6.28,85.0,1005.08,2.41,3.7,South,,0.0,0.0,0.0,weather_underground,,
IICHTE19,WeerstationBS,other,EasyWeatherV1.6.6,51.092,2.999,15.0,2025-03-24 00:09:00,8.5,6.28,86.0,1004.74,3.54,4.99,South,,0.0,0.0,0.0,weather_underground,,
IICHTE19,WeerstationBS,other,EasyWeatherV1.6.6,51.092,2.999,15.0,2025-03-24 00:14:00,8.5,6.28,86.0,1004.74,3.06,4.18,South,,0.0,0.0,0.0,weather_underground,,
IICHTE19,WeerstationBS,other,EasyWeatherV1.6.6,51.092,2.999,15.0,2025-03-24 00:19:00,8.44,6.28,86.0,1004.74,2.41,3.7,South,,0.0,0.0,0.0,weather_underground,,
IICHTE19,WeerstationBS,other,EasyWeatherV1.6.6,51.092,2.999,15.0,2025-03-24 00:24:00,8.44,6.28,86.0,1004.74,2.9,4.18,South,,0.0,0.0,0.0,weather_underground,,
IICHTE19,WeerstationBS,other,EasyWeatherV1.6.6,51.092,2.999,15.0,2025-03-24 00:29:00,8.39,6.39,87.0,1004.4,3.7,4.99,SSE,157.0,0.0,0.0,0.0,weather_underground,,
IICHTE19,WeerstationBS,other,EasyWeatherV1.6.6,51.092,2.999,15.0,2025-03-24 00:34:00,8.39,6.39,87.0,1004.4,3.38,4.83,SSE,157.0,0.0,0.0,0.0,weather_underground,,
IICHTE19,WeerstationBS,other,EasyWeatherV1.6.6,51.092,2.999,15.0,2025-03-24 00:39:00,8.39,6.39,87.0,1004.4,3.38,4.99,South,,0.0,0.0,0.0,weather_underground,,
IICHTE19,WeerstationBS,other,EasyWeatherV1.6.6,51.092,2.999,15.0,2025-03-24 00:44:00,8.33,6.33,87.0,1004.4,3.54,4.99,South,,0.0,0.0,0.0,weather_underground,,
IICHTE19,WeerstationBS,other,EasyWeatherV1.6.6,51.092,2.999,15.0,2025-03-24 00:49:00,8.28,6.28,87.0,1004.4,3.38,5.15,South,,0.0,0.0,0.0,weather_underground,,
IICHTE19,WeerstationBS,other,EasyWeatherV1.6.6,51.092,2.999,15.0,2025-03-24 00:54:00,8.28,6.28,87.0,1004.06,3.38,4.83,SSE,157.0,0.0,0.0,0.0,weather_underground,,
IICHTE19,WeerstationBS,other,EasyWeatherV1.6.6,51.092,2.999,15.0,2025-03-24 00:59:00,8.22,6.22,87.0,1004.06,2.9,4.18,South,,0.0,0.0,0.0,weather_underground,,
IICHTE19,WeerstationBS,other,EasyWeatherV1.6.6,51.092,2.999,15.0,2025-03-24 01:04:00,8.22,6.22,87.0,1004.06,3.54,4.99,South,,0.0,0.0,0.0,weather_underground,,
IICHTE19,WeerstationBS,other,EasyWeatherV1.6.6,51.092,2.999,15.0,2025-03-24 01:09:00,8.22,6.22,87.0,1004.06,2.9,4.18,South,,0.0,0.0,0.0,weather_underground,,
IICHTE19,WeerstationBS,other,EasyWeatherV1.6.6,51.092,2.999,15.0,2025-03-24 01:14:00,8.28,6.28,87.0,1004.06,3.22,4.51,South,,0.0,0.0,0.0,weather_underground,,
IICHTE19,WeerstationBS,other,EasyWeatherV1.6.6,51.092,2.999,15.0,2025-03-24 01:19:00,8.22,6.22,87.0,1004.06,1.93,3.22,South,,0.0,0.0,0.0,weather_underground,,
IICHTE19,WeerstationBS,other,EasyWeatherV1.6.6,51.092,2.999,15.0,2025-03-24 01:24:00,8.11,6.11,87.0,1004.06,2.41,3.7,SSW,202.0,0.0,0.0,0.0,weather_underground,,
IICHTE19,WeerstationBS,other,EasyWeatherV1.6.6,51.092,2.999,15.0,2025-03-24 01:29:00,8.11,6.11,87.0,1004.06,3.06,3.86,South,,0.0,0.0,0.0,weather_underground,,
IICHTE19,WeerstationBS,other,EasyWeatherV1.6.6,51.092,2.999,15.0,2025-03-24 01:34:00,8.11,6.11,87.0,1003.73,2.09,3.22,SSW,202.0,0.0,0.0,0.0,weather_underground,,
IICHTE19,WeerstationBS,other,EasyWeatherV1.6.6,51.092,2.999,15.0,2025-03-24 01:39:00,8.0,6.11,88.0,1003.73,2.25,3.54,South,,0.0,0.0,0.0,weather_underground,,
IICHTE19,WeerstationBS,other,EasyWeatherV1.6.6,51.092,2.999,15.0,2025-03-24 01:44:00,8.0,6.11,88.0,1003.73,2.74,4.02,South,,0.0,0.0,0.0,weather_underground,,
IICHTE19,WeerstationBS,other,EasyWeatherV1.6.6,51.092,2.999,15.0,2025-03-24 01:49:00,7.94,6.06,88.0,1003.73,2.41,3.54,South,,0.0,0.0,0.0,weather_underground,,
IICHTE19,WeerstationBS,other,EasyWeatherV1.6.6,51.092,2.999,15.0,2025-03-24 01:54:00,7.89,6.0,88.0,1003.73,2.41,3.54,SSW,202.0,0.0,0.0,0.0,weather_underground,,
IICHTE19,WeerstationBS,other,EasyWeatherV1.6.6,51.092,2.999,15.0,2025-03-24 01:59:00,8.0,6.11,88.0,1003.73,2.9,4.51,South,,0.0,0.0,0.0,weather_underground,,
IICHTE19,WeerstationBS,other,EasyWeatherV1.6.6,51.092,2.999,15.0,2025-03-24 02:04:00,8.06,6.11,87.0,1003.73,3.54,5.15,South,,0.0,0.0,0.0,weather_underground,,
IICHTE19,WeerstationBS,other,EasyWeatherV1.6.6,51.092,2.999,15.0,2025-03-24 02:09:00,8.11,6.11,87.0,1003.39,4.02,5.79,SSE,157.0,0.0,0.0,0.0,weather_underground,,
IICHTE19,WeerstationBS,other,EasyWeatherV1.6.6,51.092,2.999,15.0,2025-03-24 02:14:00,8.17,6.17,87.0,1003.39,4.02,5.47,SSE,157.0,0.0,0.0,0.0,weather_underground,,
IICHTE19,WeerstationBS,other,EasyWeatherV1.6.6,51.092,2.999,15.0,2025-03-24 02:19:00,8.22,6.22,87.0,1003.39,4.99,6.76,SSE,157.0,0.0,0.0,0.0,weather_underground,,
IICHTE19,WeerstationBS,other,EasyWeatherV1.6.6,51.092,2.999,15.0,2025-03-24 02:24:00,8.22,6.22,87.0,1003.39,4.67,6.76,SSE,157.0,0.0,0.0,0.0,weather_underground,,
IICHTE19,WeerstationBS,other,EasyWeatherV1.6.6,51.092,2.999,15.0,2025-03-24 02:29:00,8.22,6.22,87.0,1003.05,4.18,5.95,South,,0.0,0.0,0.0,weather_underground,,
IICHTE19,WeerstationBS,other,EasyWeatherV1.6.6,51.092,2.999,15.0,2025-03-24 02:34:00,8.22,6.22,87.0,1003.05,4.18,6.12,SSE,157.0,0.0,0.0,0.0,weather_underground,,
IICHTE19,WeerstationBS,other,EasyWeatherV1.6.6,51.092,2.999,15.0,2025-03-24 02:39:00,8.28,6.17,87.0,1003.05,4.35,6.12,SSE,157.0,0.0,0.0,0.0,weather_underground,,
IICHTE19,WeerstationBS,other,EasyWeatherV1.6.6,51.092,2.999,15.0,2025-03-24 02:44:00,8.39,6.22,86.0,1003.05,4.99,7.56,SSE,157.0,0.0,0.0,0.0,weather_underground,,
IICHTE19,WeerstationBS,other,EasyWeatherV1.6.6,51.092,2.999,15.0,2025-03-24 02:49:00,8.5,6.17,85.0,1003.05,4.99,6.92,SSE,157.0,0.0,0.0,0.0,weather_underground,,
IICHTE19,WeerstationBS,other,EasyWeatherV1.6.6,51.092,2.999,15.0,2025-03-24 02:54:00,8.39,6.11,86.0,1002.71,3.38,4.83,South,,0.0,0.0,0.0,weather_underground,,
IICHTE19,WeerstationBS,other,EasyWeatherV1.6.6,51.092,2.999,15.0,2025-03-24 02:59:00,8.22,6.0,86.0,1003.05,4.02,5.79,South,,0.0,0.0,0.0,weather_underground,,
IICHTE19,WeerstationBS,other,EasyWeatherV1.6.6,51.092,2.999,15.0,2025-03-24 03:04:00,8.11,6.0,86.0,1003.05,3.86,5.47,South,,0.0,0.0,0.0,weather_underground,,
IICHTE19,WeerstationBS,other,EasyWeatherV1.6.6,51.092,2.999,15.0,2025-03-24 03:09:00,8.0,6.0,87.0,1002.71,3.22,4.51,South,,0.0,0.0,0.0,weather_underground,,
IICHTE19,WeerstationBS,other,EasyWeatherV1.6.6,51.092,2.999,15.0,2025-03-24 03:14:00,8.0,6.0,87.0,1002.37,3.86,5.15,South,,0.0,0.0,0.0,weather_underground,,
IICHTE19,WeerstationBS,other,EasyWeatherV1.6.6,51.092,2.999,15.0,2025-03-24 03:19:00,7.94,6.0,87.0,1002.37,4.02,5.47,SSE,157.0,0.0,0.0,0.0,weather_underground,,
IICHTE19,WeerstationBS,other,EasyWeatherV1.6.6,51.092,2.999,15.0,2025-03-24 03:24:00,8.06,6.06,87.0,1002.37,4.02,5.95,South,,0.0,0.0,0.0,weather_underground,,
IICHTE19,WeerstationBS,other,EasyWeatherV1.6.6,51.092,2.999,15.0,2025-03-24 03:29:00,8.17,6.11,87.0,1002.03,5.31,7.24,SSE,157.0,0.0,0.0,0.0,weather_underground,,
IICHTE19,WeerstationBS,other,EasyWeatherV1.6.6,51.092,2.999,15.0,2025-03-24 03:34:00,8.22,6.0,86.0,1002.03,5.79,7.89,SSE,157.0,0.0,0.0,0.0,weather_underground,,
IICHTE19,WeerstationBS,other,EasyWeatherV1.6.6,51.092,2.999,15.0,2025-03-24 03:39:00,8.28,6.11,86.0,1002.03,5.47,8.53,SSE,157.0,0.0,0.0,0.0,weather_underground,,
IICHTE19,WeerstationBS,other,EasyWeatherV1.6.6,51.092,2.999,15.0,2025-03-24 03:44:00,8.22,6.0,86.0,1002.03,4.83,6.12,SSE,157.0,0.0,0.0,0.0,weather_underground,,
IICHTE19,WeerstationBS,other,EasyWeatherV1.6.6,51.092,2.999,15.0,2025-03-24 03:49:00,8.17,5.94,86.0,1002.03,5.63,8.37,SE,135.0,0.0,0.0,0.0,weather_underground,,
IICHTE19,WeerstationBS,other,EasyWeatherV1.6.6,51.092,2.999,15.0,2025-03-24 03:54:00,8.11,5.94,86.0,1001.69,5.79,8.53,SE,135.0,0.0,0.0,0.0,weather_underground,,
IICHTE19,WeerstationBS,other,EasyWeatherV1.6.6,51.092,2.999,15.0,2025-03-24 03:59:00,8.22,6.0,86.0,1001.69,5.63,7.72,SSE,157.0,0.0,0.0,0.0,weather_underground,,
IICHTE19,WeerstationBS,other,EasyWeatherV1.6.6,51.092,2.999,15.0,2025-03-24 04:04:00,8.17,6.0,86.0,1001.69,5.31,7.56,SSE,157.0,0.0,0.0,0.0,weather_underground,,
IICHTE19,WeerstationBS,other,EasyWeatherV1.6.6,51.092,2.999,15.0,2025-03-24 04:09:00,8.06,6.06,87.0,1001.36,5.31,8.05,SSE,157.0,0.0,0.0,0.0,weather_underground,,
IICHTE19,WeerstationBS,other,EasyWeatherV1.6.6,51.092,2.999,15.0,2025-03-24 04:14:00,8.0,6.0,87.0,1001.36,5.47,7.72,SSE,157.0,0.0,0.0,0.0,weather_underground,,
IICHTE19,WeerstationBS,other,EasyWeatherV1.6.6,51.092,2.999,15.0,2025-03-24 04:19:00,8.11,6.11,87.0,1001.36,4.51,6.44,SSE,157.0,0.0,0.0,0.0,weather_underground,,
IICHTE19,WeerstationBS,other,EasyWeatherV1.6.6,51.092,2.999,15.0,2025-03-24 04:24:00,8.11,6.11,87.0,1001.36,5.79,8.05,SSE,157.0,0.0,0.0,0.0,weather_underground,,
IICHTE19,WeerstationBS,other,EasyWeatherV1.6.6,51.092,2.999,15.0,2025-03-24 04:29:00,8.17,6.06,86.0,1001.02,4.99,7.24,SSE,157.0,0.0,0.0,0.0,weather_underground,,
IICHTE19,WeerstationBS,other,EasyWeatherV1.6.6,51.092,2.999,15.0,2025-03-24 04:34:00,8.06,6.06,87.0,1001.02,4.99,7.24,SSE,157.0,0.0,0.0,0.0,weather_underground,,
IICHTE19,WeerstationBS,other,EasyWeatherV1.6.6,51.092,2.999,15.0,2025-03-24 04:39:00,8.0,6.0,87.0,1001.02,3.38,4.67,South,,0.0,0.0,0.0,weather_underground,,
IICHTE19,WeerstationBS,other,EasyWeatherV1.6.6,51.092,2.999,15.0,2025-03-24 04:44:00,8.0,6.0,87.0,1001.02,3.7,5.31,South,,0.0,0.0,0.0,weather_underground,,
IICHTE19,WeerstationBS,other,EasyWeatherV1.6.6,51.092,2.999,15.0,2025-03-24 04:49:00,8.11,6.11,87.0,1001.36,4.18,6.28,SSE,157.0,0.0,0.0,0.0,weather_underground,,
IICHTE19,WeerstationBS,other,EasyWeatherV1.6.6,51.092,2.999,15.0,2025-03-24 04:54:00,8.11,6.11,87.0,1001.02,3.7,5.31,South,,0.0,0.0,0.0,weather_underground,,
IICHTE19,WeerstationBS,other,EasyWeatherV1.6.6,51.092,2.999,15.0,2025-03-24 04:59:00,8.11,6.11,87.0,1001.02,4.35,5.95,South,,0.0,0.0,0.0,weather_underground,,
IICHTE19,WeerstationBS,other,EasyWeatherV1.6.6,51.092,2.999,15.0,2025-03-24 05:04:00,8.22,6.22,87.0,1001.02,4.99,6.92,SSE,157.0,0.0,0.0,0.0,weather_underground,,
IICHTE19,WeerstationBS,other,EasyWeatherV1.6.6,51.092,2.999,15.0,2025-03-24 05:09:00,8.22,6.22,87.0,1001.02,3.86,5.15,South,,0.0,0.0,0.0,weather_underground,,
IICHTE19,WeerstationBS,other,EasyWeatherV1.6.6,51.092,2.999,15.0,2025-03-24 05:14:00,8.11,6.17,87.0,1000.68,5.15,7.24,SSE,157.0,0.0,0.0,0.0,weather_underground,,
IICHTE19,WeerstationBS,other,EasyWeatherV1.6.6,51.092,2.999,15.0,2025-03-24 05:19:00,8.0,6.11,88.0,1000.68,5.63,7.89,SSE,157.0,0.0,0.0,0.0,weather_underground,,
IICHTE19,WeerstationBS,other,EasyWeatherV1.6.6,51.092,2.999,15.0,2025-03-24 05:24:00,7.94,6.06,88.0,1001.02,5.31,7.08,South,,0.0,0.0,0.0,weather_underground,,
IICHTE19,WeerstationBS,other,EasyWeatherV1.6.6,51.092,2.999,15.0,2025-03-24 05:29:00,7.89,6.0,88.0,1000.68,5.47,7.89,SSE,157.0,0.0,0.0,0.0,weather_underground,,
IICHTE19,WeerstationBS,other,EasyWeatherV1.6.6,51.092,2.999,15.0,2025-03-24 05:34:00,7.78,5.89,88.0,1000.68,5.79,7.89,SSE,157.0,0.0,0.0,0.0,weather_underground,,
IICHTE19,WeerstationBS,other,EasyWeatherV1.6.6,51.092,2.999,15.0,2025-03-24 05:39:00,7.78,6.06,89.0,1000.68,4.67,6.76,SSE,157.0,0.0,0.0,0.0,weather_underground,,
IICHTE19,WeerstationBS,other,EasyWeatherV1.6.6,51.092,2.999,15.0,2025-03-24 05:44:00,7.78,6.11,89.0,1000.68,6.28,9.17,SSE,157.0,0.0,0.0,0.0,weather_underground,,
IICHTE19,WeerstationBS,other,EasyWeatherV1.6.6,51.092,2.999,15.0,2025-03-24 05:49:00,7.78,6.11,89.0,1000.34,6.6,8.69,SSE,157.0,0.0,0.0,0.0,weather_underground,,
IICHTE19,WeerstationBS,other,EasyWeatherV1.6.6,51.092,2.999,15.0,2025-03-24 05:54:00,7.78,6.11,89.0,1000.68,6.12,9.5,SSE,157.0,0.0,0.0,0.0,weather_underground,,
IICHTE19,WeerstationBS,other,EasyWeatherV1.6.6,51.092,2.999,15.0,2025-03-24 05:59:00,7.83,6.17,89.0,1000.34,5.63,8.37,SSE,157.0,0.0,0.0,0.0,weather_underground,,
IICHTE19,WeerstationBS,other,EasyWeatherV1.6.6,51.092,2.999,15.0,2025-03-24 06:04:00,7.89,6.22,89.0,1000.34,5.31,7.89,South,,0.0,0.0,0.0,weather_underground,,
IICHTE19,WeerstationBS,other,EasyWeatherV1.6.6,51.092,2.999,15.0,2025-03-24 06:09:00,7.83,6.17,89.0,1000.34,5.47,7.89,SSE,157.0,0.0,0.0,0.0,weather_underground,,
IICHTE19,WeerstationBS,other,EasyWeatherV1.6.6,51.092,2.999,15.0,2025-03-24 06:14:00,7.78,6.11,89.0,1000.0,5.63,7.89,SSE,157.0,0.0,0.0,0.0,weather_underground,,
IICHTE19,WeerstationBS,other,EasyWeatherV1.6.6,51.092,2.999,15.0,2025-03-24 06:19:00,7.89,6.22,89.0,1000.0,6.6,9.66,SSE,157.0,0.0,0.0,0.0,weather_underground,,
IICHTE19,WeerstationBS,other,EasyWeatherV1.6.6,51.092,2.999,15.0,2025-03-24 06:24:00,7.94,6.22,89.0,1000.0,5.79,8.05,SSE,157.0,0.0,0.0,0.0,weather_underground,,
IICHTE19,WeerstationBS,other,EasyWeatherV1.6.6,51.092,2.999,15.0,2025-03-24 06:29:00,7.89,6.22,89.0,1000.0,5.63,8.21,SSE,157.0,0.0,0.0,0.0,weather_underground,,
IICHTE19,WeerstationBS,other,EasyWeatherV1.6.6,51.092,2.999,15.0,2025-03-24 06:34:00,7.83,6.17,89.0,1000.0,5.31,7.08,SSE,157.0,0.0,0.0,0.0,weather_underground,,
IICHTE19,WeerstationBS,other,EasyWeatherV1.6.6,51.092,2.999,15.0,2025-03-24 06:39:00,7.78,6.11,89.0,1000.0,7.72,10.62,SSE,157.0,0.0,0.0,0.0,weather_underground,,
IICHTE19,WeerstationBS,other,EasyWeatherV1.6.6,51.092,2.999,15.0,2025-03-24 06:44:00,7.83,6.17,89.0,1000.0,6.6,8.69,SSE,157.0,0.0,0.0,0.0,weather_underground,,
IICHTE19,WeerstationBS,other,EasyWeatherV1.6.6,51.092,2.999,15.0,2025-03-24 06:49:00,7.83,6.17,89.0,1000.0,6.44,8.85,SSE,157.0,0.0,0.0,0.0,weather_underground,,
IICHTE19,WeerstationBS,other,EasyWeatherV1.6.6,51.092,2.999,15.0,2025-03-24 06:54:00,7.78,6.11,89.0,1000.0,5.47,7.89,SSE,157.0,0.0,0.0,0.0,weather_underground,,
IICHTE19,WeerstationBS,other,EasyWeatherV1.6.6,51.092,2.999,15.0,2025-03-24 06:59:00,7.78,6.11,89.0,1000.0,5.15,7.24,SSE,157.0,0.0,0.0,0.0,weather_underground,,
IICHTE19,WeerstationBS,other,EasyWeatherV1.6.6,51.092,2.999,15.0,2025-03-24 07:04:00,7.78,6.11,89.0,1000.0,5.63,7.72,SSE,157.0,0.0,0.0,0.0,weather_underground,,
IICHTE19,WeerstationBS,other,EasyWeatherV1.6.6,51.092,2.999,15.0,2025-03-24 07:09:00,7.89,6.22,89.0,1000.0,7.4,10.3,SSE,157.0,0.0,0.0,0.0,weather_underground,,
IICHTE19,WeerstationBS,other,EasyWeatherV1.6.6,51.092,2.999,15.0,2025-03-24 07:14:00,7.89,6.22,89.0,1000.0,5.47,7.4,SSE,157.0,0.0,0.0,0.0,weather_underground,,
IICHTE19,WeerstationBS,other,EasyWeatherV1.6.6,51.092,2.999,15.0,2025-03-24 07:19:00,7.89,6.22,89.0,1000.0,4.67,6.44,SSE,157.0,0.0,0.0,0.0,weather_underground,,
IICHTE19,WeerstationBS,other,EasyWeatherV1.6.6,51.092,2.999,15.0,2025-03-24 07:24:00,7.78,6.17,89.0,1000.0,4.35,6.44,SSE,157.0,0.0,0.0,0.0,weather_underground,,
IICHTE19,WeerstationBS,other,EasyWeatherV1.6.6,51.092,2.999,15.0,2025-03-24 07:29:00,7.78,6.28,90.0,1000.0,4.99,6.6,SE,135.0,0.0,0.0,0.0,weather_underground,,
IICHTE19,WeerstationBS,other,EasyWeatherV1.6.6,51.092,2.999,15.0,2025-03-24 07:34:00,7.83,6.33,90.0,1000.0,5.31,7.4,SSE,157.0,0.0,0.1,0.0,weather_underground,,
IICHTE19,WeerstationBS,other,EasyWeatherV1.6.6,51.092,2.999,15.0,2025-03-24 07:39:00,7.89,6.28,89.0,1000.0,5.79,7.56,SSE,157.0,0.0,0.2,0.0,weather_underground,,
IICHTE19,WeerstationBS,other,EasyWeatherV1.6.6,51.092,2.999,15.0,2025-03-24 07:44:00,7.89,6.22,89.0,1000.0,5.47,7.89,SSE,157.0,0.0,0.4,0.0,weather_underground,,
IICHTE19,WeerstationBS,other,EasyWeatherV1.6.6,51.092,2.999,15.0,2025-03-24 07:49:00,7.94,6.28,89.0,999.66,5.79,8.37,SSE,157.0,0.0,0.8,0.0,weather_underground,,
IICHTE19,WeerstationBS,other,EasyWeatherV1.6.6,51.092,2.999,15.0,2025-03-24 07:54:00,8.0,6.28,89.0,1000.0,5.95,8.37,SSE,157.0,0.0,1.1,0.0,weather_underground,,
IICHTE19,WeerstationBS,other,EasyWeatherV1.6.6,51.092,2.999,15.0,2025-03-24 07:59:00,8.0,6.28,89.0,1000.0,5.47,7.56,SSE,157.0,0.0,1.7,0.0,weather_underground,,
IICHTE19,WeerstationBS,other,EasyWeatherV1.6.6,51.092,2.999,15.0,2025-03-24 08:04:00,8.0,6.28,89.0,999.66,5.79,7.89,SSE,157.0,0.0,2.2,0.0,weather_underground,,
IICHTE19,WeerstationBS,other,EasyWeatherV1.6.6,51.092,2.999,15.0,2025-03-24 08:09:00,8.0,6.28,89.0,999.66,6.76,10.3,SE,135.0,0.0,2.9,0.0,weather_underground,,
IICHTE19,WeerstationBS,other,EasyWeatherV1.6.6,51.092,2.999,15.0,2025-03-24 08:14:00,8.06,6.33,89.0,999.66,7.08,9.82,SE,135.0,0.0,3.4,0.0,weather_underground,,
IICHTE19,WeerstationBS,other,EasyWeatherV1.6.6,51.092,2.999,15.0,2025-03-24 08:19:00,8.11,6.39,89.0,999.66,6.28,8.53,SSE,157.0,0.0,3.6,0.0,weather_underground,,
IICHTE19,WeerstationBS,other,EasyWeatherV1.6.6,51.092,2.999,15.0,2025-03-24 08:24:00,8.17,6.44,89.0,999.32,6.44,8.69,SE,135.0,0.0,5.3,0.0,weather_underground,,
IICHTE19,WeerstationBS,other,EasyWeatherV1.6.6,51.092,2.999,15.0,2025-03-24 08:29:00,8.22,6.5,89.0,999.66,6.12,9.17,SSE,157.0,0.0,8.5,0.0,weather_underground,,
IICHTE19,WeerstationBS,other,EasyWeatherV1.6.6,51.092,2.999,15.0,2025-03-24 08:34:00,8.28,6.56,89.0,999.66,6.12,8.69,SSE,157.0,0.0,12.1,0.0,weather_underground,,
IICHTE19,WeerstationBS,other,EasyWeatherV1.6.6,51.092,2.999,15.0,2025-03-24 08:39:00,8.28,6.61,89.0,999.66,6.28,8.53,SSE,157.0,0.0,14.8,0.0,weather_underground,,
IICHTE19,WeerstationBS,other,EasyWeatherV1.6.6,51.092,2.999,15.0,2025-03-24 08:44:00,8.28,6.61,89.0,999.66,4.67,6.28,SSE,157.0,0.0,15.1,0.0,weather_underground,,
IICHTE19,WeerstationBS,other,EasyWeatherV1.6.6,51.092,2.999,15.0,2025-03-24 08:49:00,8.28,6.61,89.0,999.32,6.12,8.53,SE,135.0,0.0,15.9,0.0,weather_underground,,
IICHTE19,WeerstationBS,other,EasyWeatherV1.6.6,51.092,2.999,15.0,2025-03-24 08:54:00,8.39,6.72,89.0,999.32,6.12,8.53,SE,135.0,0.0,15.9,0.0,weather_underground,,
IICHTE19,WeerstationBS,other,EasyWeatherV1.6.6,51.092,2.999,15.0,2025-03-24 08:59:00,8.39,6.61,88.0,999.32,5.31,8.05,SSE,157.0,0.0,19.3,0.0,weather_underground,,
IICHTE19,WeerstationBS,other,EasyWeatherV1.6.6,51.092,2.999,15.0,2025-03-24 09:04:00,8.5,6.61,88.0,999.32,6.6,9.17,SE,135.0,0.0,28.2,0.0,weather_underground,,
IICHTE19,WeerstationBS,other,EasyWeatherV1.6.6,51.092,2.999,15.0,2025-03-24 09:09:00,8.56,6.67,88.0,999.32,7.89,10.94,SE,135.0,0.0,35.4,0.0,weather_underground,,
IICHTE19,WeerstationBS,other,EasyWeatherV1.6.6,51.092,2.999,15.0,2025-03-24 09:14:00,8.67,6.72,88.0,998.99,6.12,9.17,SSE,157.0,0.0,42.3,0.0,weather_underground,,
IICHTE19,WeerstationBS,other,EasyWeatherV1.6.6,51.092,2.999,15.0,2025-03-24 09:19:00,8.72,6.78,88.0,999.32,4.67,7.08,South,,0.0,48.1,0.0,weather_underground,,
IICHTE19,WeerstationBS,other,EasyWeatherV1.6.6,51.092,2.999,15.0,2025-03-24 09:24:00,8.78,6.89,88.0,999.32,5.95,8.69,SSE,157.0,0.0,56.3,0.0,weather_underground,,
IICHTE19,WeerstationBS,other,EasyWeatherV1.6.6,51.092,2.999,15.0,2025-03-24 09:29:00,8.89,7.0,88.0,998.99,5.31,7.56,SSE,157.0,0.0,65.4,0.0,weather_underground,,
IICHTE19,WeerstationBS,other,EasyWeatherV1.6.6,51.092,2.999,15.0,2025-03-24 09:34:00,9.0,7.0,87.0,999.32,5.63,7.72,SSE,157.0,0.0,78.2,0.0,weather_underground,,
IICHTE19,WeerstationBS,other,EasyWeatherV1.6.6,51.092,2.999,15.0,2025-03-24 09:39:00,9.11,7.0,87.0,998.99,7.08,9.5,SE,135.0,0.0,81.3,0.0,weather_underground,,
IICHTE19,WeerstationBS,other,EasyWeatherV1.6.6,51.092,2.999,15.0,2025-03-24 09:44:00,9.22,7.11,87.0,998.99,6.76,9.82,SSE,157.0,0.0,81.0,0.0,weather_underground,,
IICHTE19,WeerstationBS,other,EasyWeatherV1.6.6,51.092,2.999,15.0,2025-03-24 09:49:00,9.28,7.17,86.0,998.99,5.79,7.72,SSE,157.0,0.0,80.2,0.0,weather_underground,,
IICHTE19,WeerstationBS,other,EasyWeatherV1.6.6,51.092,2.999,15.0,2025-03-24 09:54:00,9.33,7.17,86.0,998.99,5.79,8.37,SSE,157.0,0.0,82.4,0.0,weather_underground,,
IICHTE19,WeerstationBS,other,EasyWeatherV1.6.6,51.092,2.999,15.0,2025-03-24 09:59:00,9.39,7.22,86.0,998.99,5.79,7.4,SE,135.0,0.0,83.0,0.0,weather_underground,,
IICHTE19,WeerstationBS,other,EasyWeatherV1.6.6,51.092,2.999,15.0,2025-03-24 10:04:00,9.5,7.28,86.0,998.99,7.08,9.33,SE,135.0,0.0,93.4,0.0,weather_underground,,
IICHTE19,WeerstationBS,other,EasyWeatherV1.6.6,51.092,2.999,15.0,2025-03-24 10:09:00,9.56,7.28,86.0,998.65,7.89,10.46,SE,135.0,0.0,130.2,1.0,weather_underground,,
IICHTE19,WeerstationBS,other,EasyWeatherV1.6.6,51.092,2.999,15.0,2025-03-24 10:14:00,9.72,7.33,85.0,998.65,6.76,9.33,SSE,157.0,0.0,213.7,2.0,weather_underground,,
IICHTE19,WeerstationBS,other,EasyWeatherV1.6.6,51.092,2.999,15.0,2025-03-24 10:19:00,10.22,7.67,84.0,998.65,5.63,8.05,SSE,157.0,0.0,241.2,2.0,weather_underground,,
IICHTE19,WeerstationBS,other,EasyWeatherV1.6.6,51.092,2.999,15.0,2025-03-24 10:24:00,10.78,7.94,83.0,998.65,6.44,8.85,SSE,157.0,0.0,279.5,2.0,weather_underground,,
IICHTE19,WeerstationBS,other,EasyWeatherV1.6.6,51.092,2.999,15.0,2025-03-24 10:29:00,11.11,8.11,81.0,998.31,6.76,9.33,SE,135.0,0.0,308.0,3.0,weather_underground,,
IICHTE19,WeerstationBS,other,EasyWeatherV1.6.6,51.092,2.999,15.0,2025-03-24 10:34:00,11.33,8.11,80.0,998.31,8.53,12.39,SE,135.0,0.0,290.4,2.0,weather_underground,,
IICHTE19,WeerstationBS,other,EasyWeatherV1.6.6,51.092,2.999,15.0,2025-03-24 10:39:00,11.44,8.11,80.0,998.31,8.85,12.07,SE,135.0,0.0,313.5,3.0,weather_underground,,
IICHTE19,WeerstationBS,other,EasyWeatherV1.6.6,51.092,2.999,15.0,2025-03-24 10:44:00,11.22,8.06,81.0,998.31,8.37,11.75,SSE,157.0,0.0,135.2,1.0,weather_underground,,
IICHTE19,WeerstationBS,other,EasyWeatherV1.6.6,51.092,2.999,15.0,2025-03-24 10:49:00,11.06,7.94,81.0,997.97,6.12,9.17,SSE,157.0,0.0,156.5,1.0,weather_underground,,
IICHTE19,WeerstationBS,other,EasyWeatherV1.6.6,51.092,2.999,15.0,2025-03-24 10:54:00,11.06,8.06,82.0,997.97,7.08,10.46,SSE,157.0,0.0,182.3,1.0,weather_underground,,
IICHTE19,WeerstationBS,other,EasyWeatherV1.6.6,51.092,2.999,15.0,2025-03-24 10:59:00,11.17,8.06,81.0,997.97,9.66,12.71,SE,135.0,0.0,208.4,2.0,weather_underground,,
IICHTE19,WeerstationBS,other,EasyWeatherV1.6.6,51.092,2.999,15.0,2025-03-24 11:04:00,11.17,8.06,81.0,997.97,7.4,10.3,SE,135.0,0.0,139.4,1.0,weather_underground,,
IICHTE19,WeerstationBS,other,EasyWeatherV1.6.6,51.092,2.999,15.0,2025-03-24 11:09:00,11.11,8.06,81.0,997.97,7.08,9.66,SSE,157.0,0.0,135.9,1.0,weather_underground,,
IICHTE19,WeerstationBS,other,EasyWeatherV1.6.6,51.092,2.999,15.0,2025-03-24 11:14:00,11.22,8.11,81.0,997.63,7.72,10.78,SSE,157.0,0.0,157.4,1.0,weather_underground,,
IICHTE19,WeerstationBS,other,EasyWeatherV1.6.6,51.092,2.999,15.0,2025-03-24 11:19:00,11.39,8.17,81.0,997.63,9.01,11.91,SE,135.0,0.0,303.5,2.0,weather_underground,,
IICHTE19,WeerstationBS,other,EasyWeatherV1.6.6,51.092,2.999,15.0,2025-03-24 11:24:00,11.89,8.39,79.0,997.63,8.53,11.59,SSE,157.0,0.0,317.4,3.0,weather_underground,,
IICHTE19,WeerstationBS,other,EasyWeatherV1.6.6,51.092,2.999,15.0,2025-03-24 11:29:00,12.22,8.56,78.0,997.63,7.72,10.78,SE,135.0,0.0,259.1,2.0,weather_underground,,
IICHTE19,WeerstationBS,other,EasyWeatherV1.6.6,51.092,2.999,15.0,2025-03-24 11:34:00,12.28,8.67,78.0,997.63,7.72,11.43,SSE,157.0,0.0,357.7,3.0,weather_underground,,
IICHTE19,WeerstationBS,other,EasyWeatherV1.6.6,51.092,2.999,15.0,2025-03-24 11:39:00,12.83,9.0,77.0,997.29,7.4,10.94,SSE,157.0,0.0,424.4,4.0,weather_underground,,
IICHTE19,WeerstationBS,other,EasyWeatherV1.6.6,51.092,2.999,15.0,2025-03-24 11:44:00,12.89,9.0,77.0,997.29,8.05,11.27,SSE,157.0,0.0,403.6,3.0,weather_underground,,
IICHTE19,WeerstationBS,other,EasyWeatherV1.6.6,51.092,2.999,15.0,2025-03-24 11:49:00,13.06,9.0,76.0,997.29,7.4,10.62,SE,135.0,0.0,433.2,4.0,weather_underground,,
IICHTE19,WeerstationBS,other,EasyWeatherV1.6.6,51.092,2.999,15.0,2025-03-24 11:54:00,13.56,9.28,75.0,997.29,6.6,9.33,South,,0.0,412.0,4.0,weather_underground,,
IICHTE19,WeerstationBS,other,EasyWeatherV1.6.6,51.092,2.999,15.0,2025-03-24 11:59:00,13.56,9.11,74.0,997.29,7.72,12.39,SSE,157.0,0.0,375.8,3.0,weather_underground,,
IICHTE19,WeerstationBS,other,EasyWeatherV1.6.6,51.092,2.999,15.0,2025-03-24 12:04:00,13.78,9.0,73.0,996.95,8.85,12.87,South,,0.0,347.5,3.0,weather_underground,,
IICHTE19,WeerstationBS,other,EasyWeatherV1.6.6,51.092,2.999,15.0,2025-03-24 12:09:00,13.72,8.94,73.0,996.95,9.33,13.52,SSE,157.0,0.0,353.0,3.0,weather_underground,,
IICHTE19,WeerstationBS,other,EasyWeatherV1.6.6,51.092,2.999,15.0,2025-03-24 12:14:00,13.78,9.0,73.0,996.61,8.53,11.75,SSE,157.0,0.0,370.1,3.0,weather_underground,,
IICHTE19,WeerstationBS,other,EasyWeatherV1.6.6,51.092,2.999,15.0,2025-03-24 12:19:00,13.94,9.17,73.0,996.61,8.85,12.39,SSE,157.0,0.0,358.3,3.0,weather_underground,,
IICHTE19,WeerstationBS,other,EasyWeatherV1.6.6,51.092,2.999,15.0,2025-03-24 12:24:00,13.94,9.0,72.0,996.95,9.82,13.52,SSE,157.0,0.0,359.3,3.0,weather_underground,,
IICHTE19,WeerstationBS,other,EasyWeatherV1.6.6,51.092,2.999,15.0,2025-03-24 12:29:00,13.94,9.17,73.0,996.61,9.17,13.68,SSE,157.0,0.0,363.1,3.0,weather_underground,,
IICHTE19,WeerstationBS,other,EasyWeatherV1.6.6,51.092,2.999,15.0,2025-03-24 12:34:00,14.06,9.11,72.0,996.61,10.78,15.29,SSE,157.0,0.0,362.6,3.0,weather_underground,,
IICHTE19,WeerstationBS,other,EasyWeatherV1.6.6,51.092,2.999,15.0,2025-03-24 12:39:00,14.06,9.22,73.0,996.61,9.17,13.04,SSE,157.0,0.0,365.1,3.0,weather_underground,,
IICHTE19,WeerstationBS,other,EasyWeatherV1.6.6,51.092,2.999,15.0,2025-03-24 12:44:00,14.5,9.56,72.0,996.28,7.24,10.62,SSE,157.0,0.0,370.7,3.0,weather_underground,,
IICHTE19,WeerstationBS,other,EasyWeatherV1.6.6,51.092,2.999,15.0,2025-03-24 12:49:00,14.61,9.44,71.0,996.28,8.69,12.55,SSE,157.0,0.0,374.0,3.0,weather_underground,,
IICHTE19,WeerstationBS,other,EasyWeatherV1.6.6,51.092,2.999,15.0,2025-03-24 12:54:00,14.78,9.39,70.0,996.28,8.85,13.68,South,,0.0,376.8,3.0,weather_underground,,
IICHTE19,WeerstationBS,other,EasyWeatherV1.6.6,51.092,2.999,15.0,2025-03-24 12:59:00,14.83,9.39,70.0,996.28,8.69,12.23,South,,0.0,373.5,3.0,weather_underground,,
IICHTE19,WeerstationBS,other,EasyWeatherV1.6.6,51.092,2.999,15.0,2025-03-24 13:04:00,14.94,9.56,70.0,996.28,7.56,10.46,South,,0.0,372.6,3.0,weather_underground,,
IICHTE19,WeerstationBS,other,EasyWeatherV1.6.6,51.092,2.999,15.0,2025-03-24 13:09:00,15.06,9.72,70.0,996.28,6.92,10.78,South,,0.0,368.2,3.0,weather_underground,,
IICHTE19,WeerstationBS,other,EasyWeatherV1.6.6,51.092,2.999,15.0,2025-03-24 13:14:00,15.06,9.72,70.0,996.28,9.01,12.39,SSE,157.0,0.0,370.0,3.0,weather_underground,,
IICHTE19,WeerstationBS,other,EasyWeatherV1.6.6,51.092,2.999,15.0,2025-03-24 13:19:00,14.94,9.67,71.0,995.94,9.33,13.04,SSE,157.0,0.0,370.0,3.0,weather_underground,,
IICHTE19,WeerstationBS,other,EasyWeatherV1.6.6,51.092,2.999,15.0,2025-03-24 13:24:00,15.06,9.61,70.0,995.6,9.5,14.16,SSE,157.0,0.0,370.4,3.0,weather_underground,,
IICHTE19,WeerstationBS,other,EasyWeatherV1.6.6,51.092,2.999,15.0,2025-03-24 13:29:00,15.11,9.78,70.0,995.6,7.89,11.75,South,,0.0,369.0,3.0,weather_underground,,
IICHTE19,WeerstationBS,other,EasyWeatherV1.6.6,51.092,2.999,15.0,2025-03-24 13:34:00,15.28,9.72,69.0,995.6,9.33,14.0,South,,0.0,367.7,3.0,weather_underground,,
IICHTE19,WeerstationBS,other,EasyWeatherV1.6.6,51.092,2.999,15.0,2025-03-24 13:39:00,15.61,9.78,68.0,995.26,7.08,10.78,South,,0.0,366.0,3.0,weather_underground,,
IICHTE19,WeerstationBS,other,EasyWeatherV1.6.6,51.092,2.999,15.0,2025-03-24 13:44:00,15.78,9.78,68.0,995.26,8.05,11.91,South,,0.0,364.3,3.0,weather_underground,,
IICHTE19,WeerstationBS,other,EasyWeatherV1.6.6,51.092,2.999,15.0,2025-03-24 13:49:00,15.78,9.78,68.0,994.92,8.05,11.43,South,,0.0,362.9,3.0,weather_underground,,
IICHTE19,WeerstationBS,other,EasyWeatherV1.6.6,51.092,2.999,15.0,2025-03-24 13:54:00,15.83,9.83,68.0,994.92,8.85,13.2,SSE,157.0,0.0,360.8,3.0,weather_underground,,
IICHTE19,WeerstationBS,other,EasyWeatherV1.6.6,51.092,2.999,15.0,2025-03-24 13:59:00,15.78,9.78,68.0,994.92,8.85,12.87,SSE,157.0,0.0,357.1,3.0,weather_underground,,
IICHTE19,WeerstationBS,other,EasyWeatherV1.6.6,51.092,2.999,15.0,2025-03-24 14:04:00,15.94,9.89,67.0,994.92,6.76,10.78,SSW,202.0,0.0,355.0,3.0,weather_underground,,
IICHTE19,WeerstationBS,other,EasyWeatherV1.6.6,51.092,2.999,15.0,2025-03-24 14:09:00,16.28,10.06,67.0,994.58,7.89,11.27,South,,0.0,351.8,3.0,weather_underground,,
IICHTE19,WeerstationBS,other,EasyWeatherV1.6.6,51.092,2.999,15.0,2025-03-24 14:14:00,16.39,10.06,66.0,994.58,6.6,9.17,SSW,202.0,0.0,349.8,3.0,weather_underground,,
IICHTE19,WeerstationBS,other,EasyWeatherV1.6.6,51.092,2.999,15.0,2025-03-24 14:19:00,16.5,10.11,66.0,994.58,9.01,13.04,South,,0.0,346.6,3.0,weather_underground,,
IICHTE19,WeerstationBS,other,EasyWeatherV1.6.6,51.092,2.999,15.0,2025-03-24 14:24:00,16.22,10.06,67.0,994.58,9.33,13.04,SSE,157.0,0.0,344.4,3.0,weather_underground,,
IICHTE19,WeerstationBS,other,EasyWeatherV1.6.6,51.092,2.999,15.0,2025-03-24 14:29:00,16.22,10.17,67.0,994.58,9.17,13.68,SSE,157.0,0.0,339.2,3.0,weather_underground,,
IICHTE19,WeerstationBS,other,EasyWeatherV1.6.6,51.092,2.999,15.0,2025-03-24 14:34:00,16.56,10.22,66.0,994.58,7.56,11.1,SSE,157.0,0.0,336.3,3.0,weather_underground,,
IICHTE19,WeerstationBS,other,EasyWeatherV1.6.6,51.092,2.999,15.0,2025-03-24 14:39:00,16.72,10.22,66.0,994.58,8.69,12.71,South,,0.0,363.1,3.0,weather_underground,,
IICHTE19,WeerstationBS,other,EasyWeatherV1.6.6,51.092,2.999,15.0,2025-03-24 14:44:00,16.67,10.39,67.0,994.24,7.24,10.14,South,,0.0,365.2,3.0,weather_underground,,
IICHTE19,WeerstationBS,other,EasyWeatherV1.6.6,51.092,2.999,15.0,2025-03-24 14:49:00,16.72,10.22,65.0,994.58,9.82,14.97,SSE,157.0,0.0,325.2,3.0,weather_underground,,
IICHTE19,WeerstationBS,other,EasyWeatherV1.6.6,51.092,2.999,15.0,2025-03-24 14:54:00,17.11,10.5,65.0,994.58,7.08,10.3,South,,0.0,319.1,3.0,weather_underground,,
IICHTE19,WeerstationBS,other,EasyWeatherV1.6.6,51.092,2.999,15.0,2025-03-24 14:59:00,17.33,10.5,64.0,994.24,6.28,9.33,SSW,202.0,0.0,315.0,3.0,weather_underground,,
IICHTE19,WeerstationBS,other,EasyWeatherV1.6.6,51.092,2.999,15.0,2025-03-24 15:04:00,17.67,10.61,63.0,994.24,5.31,7.89,SSW,202.0,0.0,308.2,3.0,weather_underground,,
IICHTE19,WeerstationBS,other,EasyWeatherV1.6.6,51.092,2.999,15.0,2025-03-24 15:09:00,17.67,10.72,64.0,994.58,6.92,9.98,South,,0.0,302.7,2.0,weather_underground,,
IICHTE19,WeerstationBS,other,EasyWeatherV1.6.6,51.092,2.999,15.0,2025-03-24 15:14:00,17.67,10.61,63.0,994.58,6.44,9.33,SW,225.0,0.0,301.0,2.0,weather_underground,,
IICHTE19,WeerstationBS,other,EasyWeatherV1.6.6,51.092,2.999,15.0,2025-03-24 15:19:00,17.44,10.5,64.0,994.24,9.98,14.16,SSE,157.0,0.0,308.1,3.0,weather_underground,,
IICHTE19,WeerstationBS,other,EasyWeatherV1.6.6,51.092,2.999,15.0,2025-03-24 15:24:00,16.78,10.28,65.0,994.24,7.08,10.3,South,,0.0,322.2,3.0,weather_underground,,
IICHTE19,WeerstationBS,other,EasyWeatherV1.6.6,51.092,2.999,15.0,2025-03-24 15:29:00,17.28,10.5,64.0,994.24,6.12,9.01,SW,225.0,0.0,353.5,3.0,weather_underground,,
IICHTE19,WeerstationBS,other,EasyWeatherV1.6.6,51.092,2.999,15.0,2025-03-24 15:34:00,17.28,10.28,64.0,994.24,6.92,10.62,SW,225.0,0.0,306.9,2.0,weather_underground,,
IICHTE19,WeerstationBS,other,EasyWeatherV1.6.6,51.092,2.999,15.0,2025-03-24 15:39:00,16.61,10.28,66.0,993.91,4.51,7.08,WSW,247.0,0.0,161.7,1.0,weather_underground,,
IICHTE19,WeerstationBS,other,EasyWeatherV1.6.6,51.092,2.999,15.0,2025-03-24 15:44:00,16.56,10.28,67.0,993.91,4.67,7.08,SW,225.0,0.0,186.9,1.0,weather_underground,,
IICHTE19,WeerstationBS,other,EasyWeatherV1.6.6,51.092,2.999,15.0,2025-03-24 15:49:00,16.61,10.28,66.0,993.91,6.76,9.66,South,,0.0,264.7,2.0,weather_underground,,
IICHTE19,WeerstationBS,other,EasyWeatherV1.6.6,51.092,2.999,15.0,2025-03-24 15:54:00,16.89,10.33,65.0,993.57,6.6,9.98,South,,0.0,304.1,2.0,weather_underground,,
IICHTE19,WeerstationBS,other,EasyWeatherV1.6.6,51.092,2.999,15.0,2025-03-24 15:59:00,17.33,10.33,63.0,993.91,9.66,14.16,SSE,157.0,0.0,263.1,2.0,weather_underground,,
IICHTE19,WeerstationBS,other,EasyWeatherV1.6.6,51.092,2.999,15.0,2025-03-24 16:04:00,17.11,10.11,64.0,993.91,7.72,11.27,South,,0.0,257.8,2.0,weather_underground,,
IICHTE19,WeerstationBS,other,EasyWeatherV1.6.6,51.092,2.999,15.0,2025-03-24 16:09:00,17.28,10.33,64.0,993.91,5.31,8.05,South,,0.0,271.9,2.0,weather_underground,,
IICHTE19,WeerstationBS,other,EasyWeatherV1.6.6,51.092,2.999,15.0,2025-03-24 16:14:00,17.11,10.39,65.0,993.91,9.01,13.36,SSE,157.0,0.0,160.2,1.0,weather_underground,,
IICHTE19,WeerstationBS,other,EasyWeatherV1.6.6,51.092,2.999,15.0,2025-03-24 16:19:00,16.28,10.17,67.0,993.91,5.15,7.72,South,,0.0,131.4,1.0,weather_underground,,
IICHTE19,WeerstationBS,other,EasyWeatherV1.6.6,51.092,2.999,15.0,2025-03-24 16:24:00,16.17,10.33,68.0,993.91,4.83,7.08,SSW,202.0,0.0,109.7,1.0,weather_underground,,
IICHTE19,WeerstationBS,other,EasyWeatherV1.6.6,51.092,2.999,15.0,2025-03-24 16:29:00,16.06,10.39,69.0,993.91,5.47,8.21,WSW,247.0,0.0,104.9,1.0,weather_underground,,
IICHTE19,WeerstationBS,other,EasyWeatherV1.6.6,51.092,2.999,15.0,2025-03-24 16:34:00,15.89,10.56,70.0,993.91,6.76,9.01,WSW,247.0,0.0,96.2,0.0,weather_underground,,
IICHTE19,WeerstationBS,other,EasyWeatherV1.6.6,51.092,2.999,15.0,2025-03-24 16:39:00,15.78,10.61,71.0,993.91,4.67,7.4,WSW,247.0,0.0,95.9,0.0,weather_underground,,
IICHTE19,WeerstationBS,other,EasyWeatherV1.6.6,51.092,2.999,15.0,2025-03-24 16:44:00,15.72,10.67,72.0,993.91,7.4,10.3,SW,225.0,0.0,87.8,0.0,weather_underground,,
IICHTE19,WeerstationBS,other,EasyWeatherV1.6.6,51.092,2.999,15.0,2025-03-24 16:49:00,15.56,10.72,73.0,993.91,6.28,8.53,WSW,247.0,0.0,73.2,0.0,weather_underground,,
IICHTE19,WeerstationBS,other,EasyWeatherV1.6.6,51.092,2.999,15.0,2025-03-24 16:54:00,15.44,10.72,74.0,993.91,5.79,8.85,SW,225.0,0.0,71.5,0.0,weather_underground,,
IICHTE19,WeerstationBS,other,EasyWeatherV1.6.6,51.092,2.999,15.0,2025-03-24 16:59:00,15.33,10.72,74.0,993.91,5.15,7.89,SW,225.0,0.0,54.2,0.0,weather_underground,,
IICHTE19,WeerstationBS,other,EasyWeatherV1.6.6,51.092,2.999,15.0,2025-03-24 17:04:00,15.22,10.61,74.0,994.24,4.83,7.4,SW,225.0,0.0,53.6,0.0,weather_underground,,
IICHTE19,WeerstationBS,other,EasyWeatherV1.6.6,51.092,2.999,15.0,2025-03-24 17:09:00,15.11,10.56,74.0,993.91,5.47,8.53,SSW,202.0,0.0,58.8,0.0,weather_underground,,
IICHTE19,WeerstationBS,other,EasyWeatherV1.6.6,51.092,2.999,15.0,2025-03-24 17:14:00,15.17,10.67,75.0,993.91,4.83,7.56,SSW,202.0,0.0,54.2,0.0,weather_underground,,
IICHTE19,WeerstationBS,other,EasyWeatherV1.6.6,51.092,2.999,15.0,2025-03-24 17:19:00,15.11,10.78,76.0,993.91,3.06,4.83,SW,225.0,0.0,50.6,0.0,weather_underground,,
IICHTE19,WeerstationBS,other,EasyWeatherV1.6.6,51.092,2.999,15.0,2025-03-24 17:24:00,15.06,10.83,76.0,993.91,4.83,6.6,WSW,247.0,0.0,50.3,0.0,weather_underground,,
IICHTE19,WeerstationBS,other,EasyWeatherV1.6.6,51.092,2.999,15.0,2025-03-24 17:29:00,14.89,10.72,76.0,993.91,4.35,5.95,WSW,247.0,0.0,27.7,0.0,weather_underground,,
IICHTE19,WeerstationBS,other,EasyWeatherV1.6.6,51.092,2.999,15.0,2025-03-24 17:34:00,14.83,10.72,77.0,993.91,4.18,6.28,SW,225.0,0.0,36.0,0.0,weather_underground,,
IICHTE19,WeerstationBS,other,EasyWeatherV1.6.6,51.092,2.999,15.0,2025-03-24 17:39:00,14.78,10.61,76.0,993.91,4.99,7.56,WSW,247.0,0.0,50.8,0.0,weather_underground,,
IICHTE19,WeerstationBS,other,EasyWeatherV1.6.6,51.092,2.999,15.0,2025-03-24 17:44:00,14.67,10.78,78.0,993.91,5.79,7.89,WSW,247.0,0.0,51.9,0.0,weather_underground,,
IICHTE19,WeerstationBS,other,EasyWeatherV1.6.6,51.092,2.999,15.0,2025-03-24 17:49:00,14.28,10.72,79.0,993.91,4.99,7.89,South,,0.0,22.2,0.0,weather_underground,,
IICHTE19,WeerstationBS,other,EasyWeatherV1.6.6,51.092,2.999,15.0,2025-03-24 17:54:00,14.22,10.61,79.0,993.91,6.6,9.66,SSW,202.0,0.0,25.8,0.0,weather_underground,,
IICHTE19,WeerstationBS,other,EasyWeatherV1.6.6,51.092,2.999,15.0,2025-03-24 17:59:00,14.22,10.72,80.0,993.91,6.44,8.85,SW,225.0,0.0,18.8,0.0,weather_underground,,
IICHTE19,WeerstationBS,other,EasyWeatherV1.6.6,51.092,2.999,15.0,2025-03-24 18:04:00,14.06,10.94,82.0,993.91,4.02,5.79,SW,225.0,0.0,17.3,0.0,weather_underground,,
IICHTE19,WeerstationBS,other,EasyWeatherV1.6.6,51.092,2.999,15.0,2025-03-24 18:09:00,13.83,10.94,83.0,993.91,4.83,7.4,SSW,202.0,0.0,15.7,0.0,weather_underground,,
IICHTE19,WeerstationBS,other,EasyWeatherV1.6.6,51.092,2.999,15.0,2025-03-24 18:14:00,13.78,11.0,83.0,993.91,3.54,5.15,SSW,202.0,0.0,15.0,0.0,weather_underground,,
IICHTE19,WeerstationBS,other,EasyWeatherV1.6.6,51.092,2.999,15.0,2025-03-24 18:19:00,13.67,10.94,84.0,993.91,5.31,8.69,South,,0.0,17.3,0.0,weather_underground,,
IICHTE19,WeerstationBS,other,EasyWeatherV1.6.6,51.092,2.999,15.0,2025-03-24 18:24:00,13.61,11.0,85.0,993.57,3.7,5.63,SSW,202.0,0.0,23.3,0.0,weather_underground,,
IICHTE19,WeerstationBS,other,EasyWeatherV1.6.6,51.092,2.999,15.0,2025-03-24 18:29:00,13.56,11.06,85.0,993.57,5.79,8.85,South,,0.0,19.9,0.0,weather_underground,,
IICHTE19,WeerstationBS,other,EasyWeatherV1.6.6,51.092,2.999,15.0,2025-03-24 18:34:00,13.5,11.0,85.0,993.57,4.51,7.08,SSW,202.0,0.0,8.9,0.0,weather_underground,,
IICHTE19,WeerstationBS,other,EasyWeatherV1.6.6,51.092,2.999,15.0,2025-03-24 18:39:00,13.5,11.0,85.0,993.57,4.67,7.08,South,,0.0,8.4,0.0,weather_underground,,
IICHTE19,WeerstationBS,other,EasyWeatherV1.6.6,51.092,2.999,15.0,2025-03-24 18:44:00,13.5,11.0,85.0,993.57,4.18,6.28,SW,225.0,0.0,4.8,0.0,weather_underground,,
IICHTE19,WeerstationBS,other,EasyWeatherV1.6.6,51.092,2.999,15.0,2025-03-24 18:49:00,13.44,10.94,85.0,993.57,5.15,7.4,SSW,202.0,0.0,4.7,0.0,weather_underground,,
IICHTE19,WeerstationBS,other,EasyWeatherV1.6.6,51.092,2.999,15.0,2025-03-24 18:54:00,13.39,11.06,86.0,993.57,5.95,9.98,SSW,202.0,0.0,4.5,0.0,weather_underground,,
IICHTE19,WeerstationBS,other,EasyWeatherV1.6.6,51.092,2.999,15.0,2025-03-24 18:59:00,13.28,11.06,86.0,993.57,4.35,6.92,SSW,202.0,0.0,3.2,0.0,weather_underground,,
IICHTE19,WeerstationBS,other,EasyWeatherV1.6.6,51.092,2.999,15.0,2025-03-24 19:04:00,13.22,11.11,87.0,993.57,4.35,7.4,SSW,202.0,0.0,2.8,0.0,weather_underground,,
IICHTE19,WeerstationBS,other,EasyWeatherV1.6.6,51.092,2.999,15.0,2025-03-24 19:09:00,13.22,11.17,88.0,993.57,4.51,6.44,SSW,202.0,0.0,2.5,0.0,weather_underground,,
IICHTE19,WeerstationBS,other,EasyWeatherV1.6.6,51.092,2.999,15.0,2025-03-24 19:14:00,13.11,11.11,88.0,993.57,3.06,4.83,SSW,202.0,0.0,1.9,0.0,weather_underground,,
IICHTE19,WeerstationBS,other,EasyWeatherV1.6.6,51.092,2.999,15.0,2025-03-24 19:19:00,13.11,11.28,89.0,993.57,2.74,3.86,SW,225.0,0.0,1.0,0.0,weather_underground,,
IICHTE19,WeerstationBS,other,EasyWeatherV1.6.6,51.092,2.999,15.0,2025-03-24 19:24:00,13.0,11.33,90.0,993.57,3.86,6.28,SSW,202.0,0.0,0.4,0.0,weather_underground,,
IICHTE19,WeerstationBS,other,EasyWeatherV1.6.6,51.092,2.999,15.0,2025-03-24 19:29:00,12.89,11.39,91.0,993.23,3.54,5.47,South,,0.0,0.3,0.0,weather_underground,,
IICHTE19,WeerstationBS,other,EasyWeatherV1.6.6,51.092,2.999,15.0,2025-03-24 19:34:00,12.83,11.5,91.0,993.23,3.7,5.31,SSW,202.0,0.0,0.1,0.0,weather_underground,,
IICHTE19,WeerstationBS,other,EasyWeatherV1.6.6,51.092,2.999,15.0,2025-03-24 19:39:00,12.78,11.61,92.0,993.23,4.83,7.72,South,,0.0,0.0,0.0,weather_underground,,
IICHTE19,WeerstationBS,other,EasyWeatherV1.6.6,51.092,2.999,15.0,2025-03-24 19:44:00,12.72,11.5,92.0,993.23,4.35,6.76,SSW,202.0,0.0,0.0,0.0,weather_underground,,
IICHTE19,WeerstationBS,other,EasyWeatherV1.6.6,51.092,2.999,15.0,2025-03-24 19:49:00,12.72,11.61,93.0,993.23,4.02,5.15,South,,0.0,0.0,0.0,weather_underground,,
IICHTE19,WeerstationBS,other,EasyWeatherV1.6.6,51.092,2.999,15.0,2025-03-24 19:54:00,12.72,11.61,93.0,993.23,2.57,4.02,SSW,202.0,0.0,0.0,0.0,weather_underground,,
IICHTE19,WeerstationBS,other,EasyWeatherV1.6.6,51.092,2.999,15.0,2025-03-24 19:59:00,12.72,11.61,93.0,993.57,4.02,5.79,SSW,202.0,0.0,0.0,0.0,weather_underground,,
IICHTE19,WeerstationBS,other,EasyWeatherV1.6.6,51.092,2.999,15.0,2025-03-24 20:04:00,12.72,11.72,94.0,993.23,3.06,4.35,SSW,202.0,0.0,0.0,0.0,weather_underground,,
IICHTE19,WeerstationBS,other,EasyWeatherV1.6.6,51.092,2.999,15.0,2025-03-24 20:09:00,12.72,11.72,94.0,993.23,3.22,5.15,SSW,202.0,0.0,0.0,0.0,weather_underground,,
IICHTE19,WeerstationBS,other,EasyWeatherV1.6.6,51.092,2.999,15.0,2025-03-24 20:14:00,12.72,11.72,94.0,993.23,3.7,5.95,South,,0.0,0.0,0.0,weather_underground,,
IICHTE19,WeerstationBS,other,EasyWeatherV1.6.6,51.092,2.999,15.0,2025-03-24 20:19:00,12.72,11.72,94.0,993.23,3.7,5.47,SSW,202.0,0.0,0.0,0.0,weather_underground,,
IICHTE19,WeerstationBS,other,EasyWeatherV1.6.6,51.092,2.999,15.0,2025-03-24 20:24:00,12.72,11.72,94.0,993.23,4.02,6.6,SSW,202.0,0.0,0.0,0.0,weather_underground,,
IICHTE19,WeerstationBS,other,EasyWeatherV1.6.6,51.092,2.999,15.0,2025-03-24 20:29:00,12.78,11.83,94.0,992.89,3.7,5.31,SW,225.0,0.0,0.0,0.0,weather_underground,,
IICHTE19,WeerstationBS,other,EasyWeatherV1.6.6,51.092,2.999,15.0,2025-03-24 20:34:00,12.78,12.0,95.0,992.89,4.02,5.79,SW,225.0,0.0,0.0,0.0,weather_underground,,
IICHTE19,WeerstationBS,other,EasyWeatherV1.6.6,51.092,2.999,15.0,2025-03-24 20:39:00,12.78,12.0,95.0,992.89,4.67,7.4,South,,0.0,0.0,0.0,weather_underground,,
IICHTE19,WeerstationBS,other,EasyWeatherV1.6.6,51.092,2.999,15.0,2025-03-24 20:44:00,12.89,12.11,95.0,992.89,2.74,4.02,SW,225.0,0.0,0.0,0.0,weather_underground,,
IICHTE19,WeerstationBS,other,EasyWeatherV1.6.6,51.092,2.999,15.0,2025-03-24 20:49:00,12.89,12.11,95.0,992.89,3.7,4.99,SSW,202.0,0.0,0.0,0.0,weather_underground,,
IICHTE19,WeerstationBS,other,EasyWeatherV1.6.6,51.092,2.999,15.0,2025-03-24 20:54:00,12.89,12.11,95.0,992.89,4.35,6.92,South,,0.0,0.0,0.0,weather_underground,,
IICHTE19,WeerstationBS,other,EasyWeatherV1.6.6,51.092,2.999,15.0,2025-03-24 20:59:00,13.0,12.22,95.0,992.89,3.54,5.47,SSW,202.0,0.0,0.0,0.0,weather_underground,,
IICHTE19,WeerstationBS,other,EasyWeatherV1.6.6,51.092,2.999,15.0,2025-03-24 21:04:00,13.0,12.22,95.0,992.89,3.38,4.99,SW,225.0,0.0,0.0,0.0,weather_underground,,
IICHTE19,WeerstationBS,other,EasyWeatherV1.6.6,51.092,2.999,15.0,2025-03-24 21:09:00,13.06,12.22,95.0,992.89,3.22,4.51,WSW,247.0,0.0,0.0,0.0,weather_underground,,
IICHTE19,WeerstationBS,other,EasyWeatherV1.6.6,51.092,2.999,15.0,2025-03-24 21:14:00,13.11,12.28,95.0,992.89,4.02,6.12,SW,225.0,0.0,0.0,0.0,weather_underground,,
IICHTE19,WeerstationBS,other,EasyWeatherV1.6.6,51.092,2.999,15.0,2025-03-24 21:19:00,13.17,12.33,95.0,992.89,4.67,7.24,SSW,202.0,0.0,0.0,0.0,weather_underground,,
IICHTE19,WeerstationBS,other,EasyWeatherV1.6.6,51.092,2.999,15.0,2025-03-24 21:24:00,13.22,12.39,95.0,992.89,4.99,6.92,SSW,202.0,0.0,0.0,0.0,weather_underground,,
IICHTE19,WeerstationBS,other,EasyWeatherV1.6.6,51.092,2.999,15.0,2025-03-24 21:29:00,13.22,12.39,95.0,992.89,4.18,6.6,South,,0.0,0.0,0.0,weather_underground,,
IICHTE19,WeerstationBS,other,EasyWeatherV1.6.6,51.092,2.999,15.0,2025-03-24 21:34:00,13.22,12.44,95.0,992.55,4.35,6.44,South,,0.0,0.0,0.0,weather_underground,,
IICHTE19,WeerstationBS,other,EasyWeatherV1.6.6,51.092,2.999,15.0,2025-03-24 21:39:00,13.28,12.5,95.0,992.55,3.86,5.79,SSW,202.0,0.0,0.0,0.0,weather_underground,,
IICHTE19,WeerstationBS,other,EasyWeatherV1.6.6,51.092,2.999,15.0,2025-03-24 21:44:00,13.28,12.5,95.0,992.55,2.9,4.35,SW,225.0,0.0,0.0,0.0,weather_underground,,
IICHTE19,WeerstationBS,other,EasyWeatherV1.6.6,51.092,2.999,15.0,2025-03-24 21:49:00,13.33,12.56,95.0,992.55,4.18,6.6,SSW,202.0,0.0,0.0,0.0,weather_underground,,
IICHTE19,WeerstationBS,other,EasyWeatherV1.6.6,51.092,2.999,15.0,2025-03-24 21:54:00,13.39,12.61,95.0,992.55,2.9,4.35,SW,225.0,0.0,0.0,0.0,weather_underground,,
IICHTE19,WeerstationBS,other,EasyWeatherV1.6.6,51.092,2.999,15.0,2025-03-24 21:59:00,13.39,12.61,95.0,992.55,3.22,5.15,SW,225.0,0.0,0.0,0.0,weather_underground,,
IICHTE19,WeerstationBS,other,EasyWeatherV1.6.6,51.092,2.999,15.0,2025-03-24 22:04:00,13.39,12.61,95.0,992.21,4.35,6.28,South,,0.0,0.0,0.0,weather_underground,,
IICHTE19,WeerstationBS,other,EasyWeatherV1.6.6,51.092,2.999,15.0,2025-03-24 22:09:00,13.5,12.72,95.0,992.21,4.02,6.12,SSW,202.0,0.0,0.0,0.0,weather_underground,,
IICHTE19,WeerstationBS,other,EasyWeatherV1.6.6,51.092,2.999,15.0,2025-03-24 22:14:00,13.5,12.72,95.0,992.55,3.38,4.99,WSW,247.0,0.0,0.0,0.0,weather_underground,,
IICHTE19,WeerstationBS,other,EasyWeatherV1.6.6,51.092,2.999,15.0,2025-03-24 22:19:00,13.5,12.72,95.0,992.55,4.02,5.79,WSW,247.0,0.0,0.0,0.0,weather_underground,,
IICHTE19,WeerstationBS,other,EasyWeatherV1.6.6,51.092,2.999,15.0,2025-03-24 22:24:00,13.61,12.78,95.0,992.55,3.06,4.51,SW,225.0,0.0,0.0,0.0,weather_underground,,
IICHTE19,WeerstationBS,other,EasyWeatherV1.6.6,51.092,2.999,15.0,2025-03-24 22:29:00,13.61,12.78,95.0,992.21,3.54,5.31,WSW,247.0,0.0,0.0,0.0,weather_underground,,
IICHTE19,WeerstationBS,other,EasyWeatherV1.6.6,51.092,2.999,15.0,2025-03-24 22:34:00,13.72,12.89,95.0,992.21,4.18,5.63,WSW,247.0,0.0,0.0,0.0,weather_underground,,
IICHTE19,WeerstationBS,other,EasyWeatherV1.6.6,51.092,2.999,15.0,2025-03-24 22:39:00,13.78,12.94,95.0,992.21,3.7,5.15,WSW,247.0,0.0,0.0,0.0,weather_underground,,
IICHTE19,WeerstationBS,other,EasyWeatherV1.6.6,51.092,2.999,15.0,2025-03-24 22:44:00,13.83,13.06,95.0,992.21,3.38,5.15,SW,225.0,3.05,0.0,0.0,weather_underground,,
IICHTE19,WeerstationBS,other,EasyWeatherV1.6.6,51.092,2.999,15.0,2025-03-24 22:49:00,13.89,13.11,95.0,992.21,5.15,7.72,South,,6.1,0.0,0.0,weather_underground,,
IICHTE19,WeerstationBS,other,EasyWeatherV1.6.6,51.092,2.999,15.0,2025-03-24 22:54:00,13.78,13.11,95.0,992.21,3.38,5.31,SSW,202.0,6.1,0.0,0.0,weather_underground,,
IICHTE19,WeerstationBS,other,EasyWeatherV1.6.6,51.092,2.999,15.0,2025-03-24 22:59:00,13.89,13.28,96.0,992.21,2.09,3.06,WSW,247.0,8.89,0.0,0.0,weather_underground,,
IICHTE19,WeerstationBS,other,EasyWeatherV1.6.6,51.092,2.999,15.0,2025-03-24 23:04:00,13.89,13.28,96.0,991.87,3.06,4.67,SSW,202.0,7.87,0.0,0.0,weather_underground,,
IICHTE19,WeerstationBS,other,EasyWeatherV1.6.6,51.092,2.999,15.0,2025-03-24 23:09:00,13.89,13.28,96.0,991.87,2.25,3.7,SSW,202.0,4.83,0.0,0.0,weather_underground,,
IICHTE19,WeerstationBS,other,EasyWeatherV1.6.6,51.092,2.999,15.0,2025-03-24 23:14:00,13.89,13.28,96.0,991.87,2.74,4.02,SSW,202.0,0.0,0.0,0.0,weather_underground,,
IICHTE19,WeerstationBS,other,EasyWeatherV1.6.6,51.092,2.999,15.0,2025-03-24 23:19:00,13.89,13.28,96.0,991.87,3.38,4.83,SSW,202.0,0.0,0.0,0.0,weather_underground,,
IICHTE19,WeerstationBS,other,EasyWeatherV1.6.6,51.092,2.999,15.0,2025-03-24 23:24:00,13.94,13.33,96.0,991.87,3.22,4.83,SSW,202.0,0.0,0.0,0.0,weather_underground,,
IICHTE19,WeerstationBS,other,EasyWeatherV1.6.6,51.092,2.999,15.0,2025-03-24 23:29:00,14.0,13.39,96.0,991.87,2.9,4.51,SW,225.0,0.0,0.0,0.0,weather_underground,,
IICHTE19,WeerstationBS,other,EasyWeatherV1.6.6,51.092,2.999,15.0,2025-03-24 23:34:00,14.06,13.44,96.0,991.87,3.86,5.47,SW,225.0,0.0,0.0,0.0,weather_underground,,
IICHTE19,WeerstationBS,other,EasyWeatherV1.6.6,51.092,2.999,15.0,2025-03-24 23:39:00,14.17,13.56,96.0,991.53,2.9,4.67,SW,225.0,0.0,0.0,0.0,weather_underground,,
IICHTE19,WeerstationBS,other,EasyWeatherV1.6.6,51.092,2.999,15.0,2025-03-24 23:44:00,14.22,13.61,96.0,991.2,3.54,5.15,SW,225.0,0.0,0.0,0.0,weather_underground,,
IICHTE19,WeerstationBS,other,EasyWeatherV1.6.6,51.092,2.999,15.0,2025-03-24 23:49:00,14.22,13.61,96.0,991.2,2.9,4.35,SW,225.0,0.0,0.0,0.0,weather_underground,,
IICHTE19,WeerstationBS,other,EasyWeatherV1.6.6,51.092,2.999,15.0,2025-03-24 23:54:00,14.22,13.61,96.0,991.53,3.86,6.12,SSW,202.0,0.0,0.0,0.0,weather_underground,,
IICHTE19,WeerstationBS,other,EasyWeatherV1.6.6,51.092,2.999,15.0,2025-03-24 23:59:00,14.28,13.72,96.0,991.53,3.22,5.15,SSW,202.0,0.0,0.0,0.0,weather_underground,,
IICHTE19,WeerstationBS,other,EasyWeatherV1.6.6,51.092,2.999,15.0,,,,,,,,,,,,,weather_underground,,
IICHTE19,WeerstationBS,other,EasyWeatherV1.6.6,51.092,2.999,15.0,2025-03-24 00:04:00,14.28,13.72,96.0,991.2,3.86,5.63,SW,225.0,0.0,0.0,0.0,weather_underground,,
IICHTE19,WeerstationBS,other,EasyWeatherV1.6.6,51.092,2.999,15.0,2025-03-24 00:09:00,14.28,13.72,96.0,991.53,3.22,4.67,SW,225.0,0.0,0.0,0.0,weather_underground,,
IICHTE19,WeerstationBS,other,EasyWeatherV1.6.6,51.092,2.999,15.0,2025-03-24 00:14:00,14.33,13.78,96.0,991.53,4.02,5.31,WSW,247.0,0.0,0.0,0.0,weather_underground,,
IICHTE19,WeerstationBS,other,EasyWeatherV1.6.6,51.092,2.999,15.0,2025-03-24 00:19:00,14.44,13.83,96.0,991.53,4.83,6.44,WSW,247.0,0.0,0.0,0.0,weather_underground,,
IICHTE19,WeerstationBS,other,EasyWeatherV1.6.6,51.092,2.999,15.0,2025-03-24 00:24:00,14.56,14.0,96.0,991.53,5.15,7.08,WSW,247.0,0.0,0.0,0.0,weather_underground,,
IICHTE19,WeerstationBS,other,EasyWeatherV1.6.6,51.092,2.999,15.0,2025-03-24 00:29:00,14.67,14.17,97.0,991.53,4.99,6.92,SW,225.0,0.0,0.0,0.0,weather_underground,,
IICHTE19,WeerstationBS,other,EasyWeatherV1.6.6,51.092,2.999,15.0,2025-03-24 00:34:00,14.78,14.22,96.0,991.2,4.99,6.6,WSW,247.0,0.0,0.0,0.0,weather_underground,,
IICHTE19,WeerstationBS,other,EasyWeatherV1.6.6,51.092,2.999,15.0,2025-03-24 00:39:00,14.78,14.22,96.0,991.2,4.02,5.47,WSW,247.0,0.0,0.0,0.0,weather_underground,,
IICHTE19,WeerstationBS,other,EasyWeatherV1.6.6,51.092,2.999,15.0,2025-03-24 00:44:00,14.78,14.22,96.0,991.2,4.35,5.95,WSW,247.0,0.0,0.0,0.0,weather_underground,,
IICHTE19,WeerstationBS,other,EasyWeatherV1.6.6,51.092,2.999,15.0,2025-03-24 00:49:00,14.89,14.28,96.0,991.2,6.76,8.85,WSW,247.0,0.0,0.0,0.0,weather_underground,,
IICHTE19,WeerstationBS,other,EasyWeatherV1.6.6,51.092,2.999,15.0,2025-03-24 00:54:00,14.89,14.28,96.0,991.2,5.31,7.08,SW,225.0,0.0,0.0,0.0,weather_underground,,
IICHTE19,WeerstationBS,other,EasyWeatherV1.6.6,51.092,2.999,15.0,2025-03-24 00:59:00,14.89,14.28,96.0,991.2,5.95,7.89,SW,225.0,0.0,0.0,0.0,weather_underground,,
IICHTE19,WeerstationBS,other,EasyWeatherV1.6.6,51.092,2.999,15.0,2025-03-24 01:04:00,15.0,14.39,96.0,991.2,9.01,11.91,WSW,247.0,0.0,0.0,0.0,weather_underground,,
IICHTE19,WeerstationBS,other,EasyWeatherV1.6.6,51.092,2.999,15.0,2025-03-24 01:09:00,15.0,14.39,96.0,991.2,8.37,10.46,WSW,247.0,0.0,0.0,0.0,weather_underground,,
IICHTE19,WeerstationBS,other,EasyWeatherV1.6.6,51.092,2.999,15.0,2025-03-24 01:14:00,14.94,14.33,96.0,991.2,7.24,9.98,WSW,247.0,0.0,0.0,0.0,weather_underground,,
IICHTE19,WeerstationBS,other,EasyWeatherV1.6.6,51.092,2.999,15.0,2025-03-24 01:19:00,14.89,14.28,96.0,991.2,8.05,10.46,WSW,247.0,0.0,0.0,0.0,weather_underground,,
IICHTE19,WeerstationBS,other,EasyWeatherV1.6.6,51.092,2.999,15.0,2025-03-24 01:24:00,15.0,14.39,96.0,991.2,6.76,8.53,WSW,247.0,0.0,0.0,0.0,weather_underground,,
IICHTE19,WeerstationBS,other,EasyWeatherV1.6.6,51.092,2.999,15.0,2025-03-24 01:29:00,15.0,14.39,96.0,991.2,5.47,7.4,WSW,247.0,0.0,0.0,0.0,weather_underground,,
IICHTE19,WeerstationBS,other,EasyWeatherV1.6.6,51.092,2.999,15.0,2025-03-24 01:34:00,15.06,14.44,96.0,991.2,5.31,7.24,WSW,247.0,0.0,0.0,0.0,weather_underground,,
IICHTE19,WeerstationBS,other,EasyWeatherV1.6.6,51.092,2.999,15.0,2025-03-24 01:39:00,14.94,14.33,96.0,991.2,5.79,7.56,WSW,247.0,0.0,0.0,0.0,weather_underground,,
IICHTE19,WeerstationBS,other,EasyWeatherV1.6.6,51.092,2.999,15.0,2025-03-24 01:44:00,14.78,14.22,96.0,991.2,5.63,6.92,WSW,247.0,0.0,0.0,0.0,weather_underground,,
IICHTE19,WeerstationBS,other,EasyWeatherV1.6.6,51.092,2.999,15.0,2025-03-24 01:49:00,14.78,14.17,96.0,991.2,6.76,8.85,WSW,247.0,0.0,0.0,0.0,weather_underground,,
IICHTE19,WeerstationBS,other,EasyWeatherV1.6.6,51.092,2.999,15.0,2025-03-24 01:54:00,14.78,14.22,96.0,991.2,6.76,9.01,WSW,247.0,0.0,0.0,0.0,weather_underground,,
IICHTE19,WeerstationBS,other,EasyWeatherV1.6.6,51.092,2.999,15.0,2025-03-24 01:59:00,14.78,14.22,96.0,991.53,6.92,8.53,WSW,247.0,0.0,0.0,0.0,weather_underground,,
IICHTE19,WeerstationBS,other,EasyWeatherV1.6.6,51.092,2.999,15.0,2025-03-24 02:04:00,14.83,14.28,96.0,991.53,5.31,6.92,SW,225.0,0.0,0.0,0.0,weather_underground,,
IICHTE19,WeerstationBS,other,EasyWeatherV1.6.6,51.092,2.999,15.0,2025-03-24 02:09:00,14.78,14.22,96.0,991.53,5.63,7.4,WSW,247.0,0.0,0.0,0.0,weather_underground,,
IICHTE19,WeerstationBS,other,EasyWeatherV1.6.6,51.092,2.999,15.0,2025-03-24 02:14:00,14.78,14.17,96.0,991.53,6.28,7.72,WSW,247.0,0.0,0.0,0.0,weather_underground,,
IICHTE19,WeerstationBS,other,EasyWeatherV1.6.6,51.092,2.999,15.0,2025-03-24 02:19:00,14.72,14.11,96.0,991.53,6.6,8.37,WSW,247.0,0.0,0.0,0.0,weather_underground,,
IICHTE19,WeerstationBS,other,EasyWeatherV1.6.6,51.092,2.999,15.0,2025-03-24 02:24:00,14.78,14.17,96.0,991.53,7.08,9.17,WSW,247.0,0.0,0.0,0.0,weather_underground,,
IICHTE19,WeerstationBS,other,EasyWeatherV1.6.6,51.092,2.999,15.0,2025-03-24 02:29:00,14.78,14.0,95.0,991.53,7.4,9.66,WSW,247.0,0.0,0.0,0.0,weather_underground,,
IICHTE19,WeerstationBS,other,EasyWeatherV1.6.6,51.092,2.999,15.0,2025-03-24 02:34:00,14.78,14.0,95.0,991.53,8.85,10.94,WSW,247.0,0.0,0.0,0.0,weather_underground,,
IICHTE19,WeerstationBS,other,EasyWeatherV1.6.6,51.092,2.999,15.0,2025-03-24 02:39:00,14.78,14.0,95.0,991.87,10.46,13.68,WSW,247.0,0.0,0.0,0.0,weather_underground,,
IICHTE19,WeerstationBS,other,EasyWeatherV1.6.6,51.092,2.999,15.0,2025-03-24 02:44:00,14.78,13.83,94.0,991.87,8.21,10.3,WSW,247.0,0.0,0.0,0.0,weather_underground,,
IICHTE19,WeerstationBS,other,EasyWeatherV1.6.6,51.092,2.999,15.0,2025-03-24 02:49:00,14.78,13.78,94.0,991.53,8.21,10.62,WSW,247.0,0.0,0.0,0.0,weather_underground,,
IICHTE19,WeerstationBS,other,EasyWeatherV1.6.6,51.092,2.999,15.0,2025-03-24 02:54:00,14.89,13.83,93.0,991.87,8.37,10.62,WSW,247.0,0.0,0.0,0.0,weather_underground,,
IICHTE19,WeerstationBS,other,EasyWeatherV1.6.6,51.092,2.999,15.0,2025-03-24 02:59:00,14.89,13.78,93.0,991.87,7.72,9.82,WSW,247.0,0.0,0.0,0.0,weather_underground,,
IICHTE19,WeerstationBS,other,EasyWeatherV1.6.6,51.092,2.999,15.0,2025-03-24 03:04:00,14.83,13.78,93.0,991.87,8.05,10.14,WSW,247.0,0.0,0.0,0.0,weather_underground,,
IICHTE19,WeerstationBS,other,EasyWeatherV1.6.6,51.092,2.999,15.0,2025-03-24 03:09:00,14.78,13.72,93.0,991.87,8.21,11.27,WSW,247.0,0.0,0.0,0.0,weather_underground,,
IICHTE19,WeerstationBS,other,EasyWeatherV1.6.6,51.092,2.999,15.0,2025-03-24 03:14:00,14.67,13.56,93.0,991.53,6.76,8.53,WSW,247.0,0.0,0.0,0.0,weather_underground,,
IICHTE19,WeerstationBS,other,EasyWeatherV1.6.6,51.092,2.999,15.0,2025-03-24 03:19:00,14.56,13.44,93.0,991.87,7.08,8.85,WSW,247.0,0.0,0.0,0.0,weather_underground,,
IICHTE19,WeerstationBS,other,EasyWeatherV1.6.6,51.092,2.999,15.0,2025-03-24 03:24:00,14.33,13.28,93.0,991.87,6.76,8.37,WSW,247.0,0.0,0.0,0.0,weather_underground,,
IICHTE19,WeerstationBS,other,EasyWeatherV1.6.6,51.092,2.999,15.0,2025-03-24 03:29:00,14.28,13.28,94.0,991.87,6.6,8.85,SW,225.0,0.0,0.0,0.0,weather_underground,,
IICHTE19,WeerstationBS,other,EasyWeatherV1.6.6,51.092,2.999,15.0,2025-03-24 03:34:00,14.17,13.17,94.0,991.87,6.12,7.72,WSW,247.0,0.0,0.0,0.0,weather_underground,,
IICHTE19,WeerstationBS,other,EasyWeatherV1.6.6,51.092,2.999,15.0,2025-03-24 03:39:00,14.06,13.06,94.0,991.87,5.47,6.92,WSW,247.0,0.0,0.0,0.0,weather_underground,,
IICHTE19,WeerstationBS,other,EasyWeatherV1.6.6,51.092,2.999,15.0,2025-03-24 03:44:00,13.89,12.89,94.0,992.21,6.28,7.72,WSW,247.0,0.0,0.0,0.0,weather_underground,,
IICHTE19,WeerstationBS,other,EasyWeatherV1.6.6,51.092,2.999,15.0,2025-03-24 03:49:00,13.83,12.83,94.0,992.21,6.28,7.89,WSW,247.0,0.0,0.0,0.0,weather_underground,,
IICHTE19,WeerstationBS,other,EasyWeatherV1.6.6,51.092,2.999,15.0,2025-03-24 03:54:00,13.78,12.78,94.0,992.21,4.51,5.95,WSW,247.0,0.0,0.0,0.0,weather_underground,,
IICHTE19,WeerstationBS,other,EasyWeatherV1.6.6,51.092,2.999,15.0,2025-03-24 03:59:00,13.72,12.72,94.0,992.21,5.95,7.4,WSW,247.0,0.0,0.0,0.0,weather_underground,,
IICHTE19,WeerstationBS,other,EasyWeatherV1.6.6,51.092,2.999,15.0,2025-03-24 04:04:00,13.61,12.61,94.0,992.55,5.95,7.72,WSW,247.0,0.0,0.0,0.0,weather_underground,,
IICHTE19,WeerstationBS,other,EasyWeatherV1.6.6,51.092,2.999,15.0,2025-03-24 04:09:00,13.5,12.5,94.0,992.21,5.95,7.56,WSW,247.0,0.0,0.0,0.0,weather_underground,,
IICHTE19,WeerstationBS,other,EasyWeatherV1.6.6,51.092,2.999,15.0,2025-03-24 04:14:00,13.5,12.5,94.0,992.55,6.6,9.33,WSW,247.0,0.0,0.0,0.0,weather_underground,,
IICHTE19,WeerstationBS,other,EasyWeatherV1.6.6,51.092,2.999,15.0,2025-03-24 04:19:00,13.5,12.5,94.0,992.55,6.44,8.37,WSW,247.0,0.0,0.0,0.0,weather_underground,,
IICHTE19,WeerstationBS,other,EasyWeatherV1.6.6,51.092,2.999,15.0,2025-03-24 04:24:00,13.44,12.44,94.0,992.55,5.79,7.24,WSW,247.0,0.0,0.0,0.0,weather_underground,,
IICHTE19,WeerstationBS,other,EasyWeatherV1.6.6,51.092,2.999,15.0,2025-03-24 04:29:00,13.33,12.33,94.0,992.55,5.47,7.89,WSW,247.0,0.0,0.0,0.0,weather_underground,,
IICHTE19,WeerstationBS,other,EasyWeatherV1.6.6,51.092,2.999,15.0,2025-03-24 04:34:00,13.28,12.28,94.0,992.55,5.31,6.92,WSW,247.0,0.0,0.0,0.0,weather_underground,,
IICHTE19,WeerstationBS,other,EasyWeatherV1.6.6,51.092,2.999,15.0,2025-03-24 04:39:00,13.17,12.17,94.0,992.89,5.63,7.4,WSW,247.0,0.0,0.0,0.0,weather_underground,,
IICHTE19,WeerstationBS,other,EasyWeatherV1.6.6,51.092,2.999,15.0,2025-03-24 04:44:00,13.11,12.11,94.0,992.89,6.28,8.37,SW,225.0,0.0,0.0,0.0,weather_underground,,
IICHTE19,WeerstationBS,other,EasyWeatherV1.6.6,51.092,2.999,15.0,2025-03-24 04:49:00,13.06,12.06,94.0,992.89,7.08,9.33,WSW,247.0,0.0,0.0,0.0,weather_underground,,
IICHTE19,WeerstationBS,other,EasyWeatherV1.6.6,51.092,2.999,15.0,2025-03-24 04:54:00,13.0,12.0,94.0,992.89,8.05,10.46,WSW,247.0,0.0,0.0,0.0,weather_underground,,
IICHTE19,WeerstationBS,other,EasyWeatherV1.6.6,51.092,2.999,15.0,2025-03-24 04:59:00,12.89,11.89,94.0,992.55,7.24,9.5,SW,225.0,0.0,0.0,0.0,weather_underground,,
IICHTE19,WeerstationBS,other,EasyWeatherV1.6.6,51.092,2.999,15.0,2025-03-24 05:04:00,12.89,11.89,94.0,992.55,8.37,10.78,SW,225.0,0.0,0.0,0.0,weather_underground,,
IICHTE19,WeerstationBS,other,EasyWeatherV1.6.6,51.092,2.999,15.0,2025-03-24 05:09:00,12.89,11.89,94.0,992.89,7.4,9.33,WSW,247.0,0.0,0.0,0.0,weather_underground,,
IICHTE19,WeerstationBS,other,EasyWeatherV1.6.6,51.092,2.999,15.0,2025-03-24 05:14:00,12.78,11.78,94.0,992.89,6.12,7.56,WSW,247.0,0.0,0.0,0.0,weather_underground,,
IICHTE19,WeerstationBS,other,EasyWeatherV1.6.6,51.092,2.999,15.0,2025-03-24 05:19:00,12.78,11.72,93.0,992.89,6.12,8.05,WSW,247.0,0.0,0.0,0.0,weather_underground,,
IICHTE19,WeerstationBS,other,EasyWeatherV1.6.6,51.092,2.999,15.0,2025-03-24 05:24:00,12.72,11.72,94.0,992.55,4.99,5.95,WSW,247.0,0.0,0.0,0.0,weather_underground,,
IICHTE19,WeerstationBS,other,EasyWeatherV1.6.6,51.092,2.999,15.0,2025-03-24 05:29:00,12.61,11.61,94.0,992.55,4.51,5.15,WSW,247.0,0.0,0.0,0.0,weather_underground,,
IICHTE19,WeerstationBS,other,EasyWeatherV1.6.6,51.092,2.999,15.0,2025-03-24 05:34:00,12.5,11.5,94.0,992.55,4.99,6.6,WSW,247.0,0.0,0.0,0.0,weather_underground,,
IICHTE19,WeerstationBS,other,EasyWeatherV1.6.6,51.092,2.999,15.0,2025-03-24 05:39:00,12.44,11.44,94.0,992.89,4.18,5.47,WSW,247.0,0.0,0.0,0.0,weather_underground,,
IICHTE19,WeerstationBS,other,EasyWeatherV1.6.6,51.092,2.999,15.0,2025-03-24 05:44:00,12.39,11.39,94.0,992.89,4.35,5.63,West,,0.0,0.0,0.0,weather_underground,,
IICHTE19,WeerstationBS,other,EasyWeatherV1.6.6,51.092,2.999,15.0,2025-03-24 05:49:00,12.28,11.28,94.0,992.89,5.47,7.24,WSW,247.0,0.0,0.0,0.0,weather_underground,,
IICHTE19,WeerstationBS,other,EasyWeatherV1.6.6,51.092,2.999,15.0,2025-03-24 05:54:00,12.33,11.33,94.0,992.89,4.99,6.76,WSW,247.0,0.0,0.0,0.0,weather_underground,,
IICHTE19,WeerstationBS,other,EasyWeatherV1.6.6,51.092,2.999,15.0,2025-03-24 05:59:00,12.28,11.28,94.0,992.89,4.99,6.6,WSW,247.0,0.0,0.0,0.0,weather_underground,,
IICHTE19,WeerstationBS,other,EasyWeatherV1.6.6,51.092,2.999,15.0,2025-03-24 06:04:00,12.33,11.39,94.0,993.23,4.99,6.28,WSW,247.0,0.0,0.0,0.0,weather_underground,,
IICHTE19,WeerstationBS,other,EasyWeatherV1.6.6,51.092,2.999,15.0,2025-03-24 06:09:00,12.44,11.61,95.0,993.23,5.95,7.56,WSW,247.0,0.0,0.0,0.0,weather_underground,,
IICHTE19,WeerstationBS,other,EasyWeatherV1.6.6,51.092,2.999,15.0,2025-03-24 06:14:00,12.5,11.72,95.0,993.23,5.63,7.4,WSW,247.0,0.0,0.0,0.0,weather_underground,,
IICHTE19,WeerstationBS,other,EasyWeatherV1.6.6,51.092,2.999,15.0,2025-03-24 06:19:00,12.5,11.72,95.0,993.23,4.83,6.12,WSW,247.0,0.0,0.0,0.0,weather_underground,,
IICHTE19,WeerstationBS,other,EasyWeatherV1.6.6,51.092,2.999,15.0,2025-03-24 06:24:00,12.5,11.72,95.0,993.23,5.47,6.92,WSW,247.0,0.0,0.0,0.0,weather_underground,,
IICHTE19,WeerstationBS,other,EasyWeatherV1.6.6,51.092,2.999,15.0,2025-03-24 06:29:00,12.5,11.72,95.0,993.23,5.95,7.56,WSW,247.0,0.0,0.0,0.0,weather_underground,,
IICHTE19,WeerstationBS,other,EasyWeatherV1.6.6,51.092,2.999,15.0,2025-03-24 06:34:00,12.5,11.72,95.0,993.57,6.12,7.4,WSW,247.0,0.0,0.0,0.0,weather_underground,,
IICHTE19,WeerstationBS,other,EasyWeatherV1.6.6,51.092,2.999,15.0,2025-03-24 06:39:00,12.5,11.72,95.0,993.23,5.63,7.24,WSW,247.0,0.0,0.0,0.0,weather_underground,,
IICHTE19,WeerstationBS,other,EasyWeatherV1.6.6,51.092,2.999,15.0,2025-03-24 06:44:00,12.5,11.72,95.0,993.57,6.92,9.01,WSW,247.0,0.0,0.0,0.0,weather_underground,,
IICHTE19,WeerstationBS,other,EasyWeatherV1.6.6,51.092,2.999,15.0,2025-03-24 06:49:00,12.56,11.78,95.0,993.57,6.28,7.89,WSW,247.0,0.0,0.0,0.0,weather_underground,,
IICHTE19,WeerstationBS,other,EasyWeatherV1.6.6,51.092,2.999,15.0,2025-03-24 06:54:00,12.67,11.83,95.0,993.57,6.12,8.05,WSW,247.0,0.0,0.0,0.0,weather_underground,,
IICHTE19,WeerstationBS,other,EasyWeatherV1.6.6,51.092,2.999,15.0,2025-03-24 06:59:00,12.72,11.89,95.0,993.57,6.28,7.56,WSW,247.0,0.0,0.0,0.0,weather_underground,,
IICHTE19,WeerstationBS,other,EasyWeatherV1.6.6,51.092,2.999,15.0,2025-03-24 07:04:00,12.72,11.89,95.0,993.57,7.24,9.98,WSW,247.0,0.0,0.0,0.0,weather_underground,,
IICHTE19,WeerstationBS,other,EasyWeatherV1.6.6,51.092,2.999,15.0,2025-03-24 07:09:00,12.67,11.83,95.0,993.57,7.4,9.17,WSW,247.0,0.0,0.0,0.0,weather_underground,,
IICHTE19,WeerstationBS,other,EasyWeatherV1.6.6,51.092,2.999,15.0,2025-03-24 07:14:00,12.56,11.72,95.0,993.57,6.76,8.85,WSW,247.0,0.0,0.0,0.0,weather_underground,,
IICHTE19,WeerstationBS,other,EasyWeatherV1.6.6,51.092,2.999,15.0,2025-03-24 07:19:00,12.39,11.61,95.0,993.57,6.76,9.17,WSW,247.0,0.0,0.0,0.0,weather_underground,,
IICHTE19,WeerstationBS,other,EasyWeatherV1.6.6,51.092,2.999,15.0,2025-03-24 07:24:00,12.39,11.61,95.0,993.57,6.44,8.05,WSW,247.0,0.0,0.0,0.0,weather_underground,,
IICHTE19,WeerstationBS,other,EasyWeatherV1.6.6,51.092,2.999,15.0,2025-03-24 07:29:00,12.28,11.5,95.0,993.91,6.12,7.72,WSW,247.0,0.0,0.0,0.0,weather_underground,,
IICHTE19,WeerstationBS,other,EasyWeatherV1.6.6,51.092,2.999,15.0,2025-03-24 07:34:00,12.22,11.39,95.0,993.91,6.28,8.37,WSW,247.0,0.0,0.1,0.0,weather_underground,,
IICHTE19,WeerstationBS,other,EasyWeatherV1.6.6,51.092,2.999,15.0,2025-03-24 07:39:00,12.22,11.39,95.0,993.57,6.6,8.37,WSW,247.0,0.0,0.2,0.0,weather_underground,,
IICHTE19,WeerstationBS,other,EasyWeatherV1.6.6,51.092,2.999,15.0,2025-03-24 07:44:00,12.17,11.33,95.0,993.91,5.95,7.89,WSW,247.0,0.0,0.5,0.0,weather_underground,,
IICHTE19,WeerstationBS,other,EasyWeatherV1.6.6,51.092,2.999,15.0,2025-03-24 07:49:00,12.06,11.22,95.0,993.91,6.12,7.72,WSW,247.0,0.0,1.0,0.0,weather_underground,,
IICHTE19,WeerstationBS,other,EasyWeatherV1.6.6,51.092,2.999,15.0,2025-03-24 07:54:00,12.0,11.22,95.0,993.91,5.31,6.76,WSW,247.0,0.0,1.7,0.0,weather_underground,,
IICHTE19,WeerstationBS,other,EasyWeatherV1.6.6,51.092,2.999,15.0,2025-03-24 07:59:00,11.94,11.17,95.0,993.91,4.83,6.12,WSW,247.0,0.0,3.0,0.0,weather_underground,,
IICHTE19,WeerstationBS,other,EasyWeatherV1.6.6,51.092,2.999,15.0,2025-03-24 08:04:00,11.89,11.11,95.0,993.91,5.15,6.28,WSW,247.0,0.0,4.6,0.0,weather_underground,,
IICHTE19,WeerstationBS,other,EasyWeatherV1.6.6,51.092,2.999,15.0,2025-03-24 08:09:00,11.89,11.11,95.0,993.91,5.79,7.08,WSW,247.0,1.27,6.6,0.0,weather_underground,,
IICHTE19,WeerstationBS,other,EasyWeatherV1.6.6,51.092,2.999,15.0,2025-03-24 08:14:00,11.89,11.11,95.0,993.91,5.15,6.76,WSW,247.0,1.27,9.1,0.0,weather_underground,,
IICHTE19,WeerstationBS,other,EasyWeatherV1.6.6,51.092,2.999,15.0,2025-03-24 08:19:00,11.89,11.11,95.0,993.91,4.35,6.12,WSW,247.0,1.27,11.5,0.0,weather_underground,,
IICHTE19,WeerstationBS,other,EasyWeatherV1.6.6,51.092,2.999,15.0,2025-03-24 08:24:00,11.89,11.11,95.0,993.91,4.67,5.79,WSW,247.0,0.0,13.8,0.0,weather_underground,,
IICHTE19,WeerstationBS,other,EasyWeatherV1.6.6,51.092,2.999,15.0,2025-03-24 08:29:00,11.89,11.11,95.0,993.91,3.86,5.31,WSW,247.0,0.0,16.1,0.0,weather_underground,,
IICHTE19,WeerstationBS,other,EasyWeatherV1.6.6,51.092,2.999,15.0,2025-03-24 08:34:00,11.89,11.06,95.0,993.91,5.15,7.56,WSW,247.0,0.0,18.8,0.0,weather_underground,,
IICHTE19,WeerstationBS,other,EasyWeatherV1.6.6,51.092,2.999,15.0,2025-03-24 08:39:00,12.0,11.0,94.0,993.91,4.67,5.79,WSW,247.0,0.0,21.2,0.0,weather_underground,,
IICHTE19,WeerstationBS,other,EasyWeatherV1.6.6,51.092,2.999,15.0,2025-03-24 08:44:00,12.0,11.0,94.0,993.91,3.7,4.83,WSW,247.0,0.0,23.7,0.0,weather_underground,,
IICHTE19,WeerstationBS,other,EasyWeatherV1.6.6,51.092,2.999,15.0,2025-03-24 08:49:00,12.11,11.11,94.0,993.91,2.74,3.7,West,,0.0,26.2,0.0,weather_underground,,
IICHTE19,WeerstationBS,other,EasyWeatherV1.6.6,51.092,2.999,15.0,2025-03-24 08:54:00,12.17,11.17,94.0,993.91,4.02,4.99,WSW,247.0,0.0,28.7,0.0,weather_underground,,
IICHTE19,WeerstationBS,other,EasyWeatherV1.6.6,51.092,2.999,15.0,2025-03-24 08:59:00,12.22,11.17,93.0,993.91,4.02,4.99,West,,0.0,31.1,0.0,weather_underground,,
IICHTE19,WeerstationBS,other,EasyWeatherV1.6.6,51.092,2.999,15.0,2025-03-24 09:04:00,12.28,11.22,93.0,993.91,3.38,4.51,WSW,247.0,0.0,32.7,0.0,weather_underground,,
IICHTE19,WeerstationBS,other,EasyWeatherV1.6.6,51.092,2.999,15.0,2025-03-24 09:09:00,12.39,11.28,93.0,993.91,4.18,5.31,WSW,247.0,0.0,36.2,0.0,weather_underground,,
IICHTE19,WeerstationBS,other,EasyWeatherV1.6.6,51.092,2.999,15.0,2025-03-24 09:14:00,12.5,11.39,93.0,993.91,4.51,5.95,WSW,247.0,0.0,38.5,0.0,weather_underground,,
IICHTE19,WeerstationBS,other,EasyWeatherV1.6.6,51.092,2.999,15.0,2025-03-24 09:19:00,12.61,11.44,92.0,994.24,3.86,4.83,WSW,247.0,0.0,40.6,0.0,weather_underground,,
IICHTE19,WeerstationBS,other,EasyWeatherV1.6.6,51.092,2.999,15.0,2025-03-24 09:24:00,12.78,11.56,92.0,993.91,3.86,4.83,WSW,247.0,0.0,41.4,0.0,weather_underground,,
IICHTE19,WeerstationBS,other,EasyWeatherV1.6.6,51.092,2.999,15.0,2025-03-24 09:29:00,12.94,11.72,92.0,994.24,4.83,6.6,WSW,247.0,0.0,49.4,0.0,weather_underground,,
IICHTE19,WeerstationBS,other,EasyWeatherV1.6.6,51.092,2.999,15.0,2025-03-24 09:34:00,13.11,11.72,91.0,994.24,5.47,6.92,WSW,247.0,0.0,54.7,0.0,weather_underground,,
IICHTE19,WeerstationBS,other,EasyWeatherV1.6.6,51.092,2.999,15.0,2025-03-24 09:39:00,13.28,11.83,91.0,994.24,6.28,8.37,WSW,247.0,0.0,61.7,0.0,weather_underground,,
IICHTE19,WeerstationBS,other,EasyWeatherV1.6.6,51.092,2.999,15.0,2025-03-24 09:44:00,13.33,11.89,91.0,994.24,8.05,10.46,WSW,247.0,0.0,70.0,0.0,weather_underground,,
IICHTE19,WeerstationBS,other,EasyWeatherV1.6.6,51.092,2.999,15.0,2025-03-24 09:49:00,13.44,11.83,90.0,994.58,8.37,10.94,WSW,247.0,0.0,82.1,0.0,weather_underground,,
IICHTE19,WeerstationBS,other,EasyWeatherV1.6.6,51.092,2.999,15.0,2025-03-24 09:54:00,13.5,11.89,90.0,994.58,9.66,12.23,WSW,247.0,0.0,98.0,0.0,weather_underground,,
IICHTE19,WeerstationBS,other,EasyWeatherV1.6.6,51.092,2.999,15.0,2025-03-24 09:59:00,13.72,12.11,90.0,994.58,7.4,9.82,WSW,247.0,0.0,107.3,1.0,weather_underground,,
IICHTE19,WeerstationBS,other,EasyWeatherV1.6.6,51.092,2.999,15.0,2025-03-24 10:04:00,13.83,12.17,90.0,994.58,6.92,8.53,WSW,247.0,0.0,110.6,1.0,weather_underground,,
IICHTE19,WeerstationBS,other,EasyWeatherV1.6.6,51.092,2.999,15.0,2025-03-24 10:09:00,13.89,12.11,89.0,994.58,8.05,9.98,WSW,247.0,0.0,116.2,1.0,weather_underground,,
IICHTE19,WeerstationBS,other,EasyWeatherV1.6.6,51.092,2.999,15.0,2025-03-24 10:14:00,14.06,12.28,89.0,994.92,8.53,11.1,WSW,247.0,0.0,120.0,1.0,weather_underground,,
IICHTE19,WeerstationBS,other,EasyWeatherV1.6.6,51.092,2.999,15.0,2025-03-24 10:19:00,14.17,12.28,89.0,994.58,7.89,10.62,WSW,247.0,0.0,123.8,1.0,weather_underground,,
IICHTE19,WeerstationBS,other,EasyWeatherV1.6.6,51.092,2.999,15.0,2025-03-24 10:24:00,14.28,12.39,89.0,994.92,7.24,9.17,WSW,247.0,0.0,125.8,1.0,weather_underground,,
IICHTE19,WeerstationBS,other,EasyWeatherV1.6.6,51.092,2.999,15.0,2025-03-24 10:29:00,14.33,12.39,88.0,994.92,7.89,10.94,WSW,247.0,0.0,137.2,1.0,weather_underground,,
IICHTE19,WeerstationBS,other,EasyWeatherV1.6.6,51.092,2.999,15.0,2025-03-24 10:34:00,14.5,12.5,88.0,994.92,8.69,11.59,WSW,247.0,0.0,144.1,1.0,weather_underground,,
IICHTE19,WeerstationBS,other,EasyWeatherV1.6.6,51.092,2.999,15.0,2025-03-24 10:39:00,14.61,12.61,88.0,994.92,7.72,10.46,WSW,247.0,0.0,154.7,1.0,weather_underground,,
IICHTE19,WeerstationBS,other,EasyWeatherV1.6.6,51.092,2.999,15.0,2025-03-24 10:44:00,14.61,12.61,88.0,994.92,9.66,12.23,WSW,247.0,0.0,164.3,1.0,weather_underground,,
IICHTE19,WeerstationBS,other,EasyWeatherV1.6.6,51.092,2.999,15.0,2025-03-24 10:49:00,14.5,12.5,88.0,995.26,9.82,12.71,WSW,247.0,0.0,206.6,2.0,weather_underground,,
IICHTE19,WeerstationBS,other,EasyWeatherV1.6.6,51.092,2.999,15.0,2025-03-24 10:54:00,14.56,12.61,88.0,995.26,9.33,12.55,WSW,247.0,0.0,231.6,2.0,weather_underground,,
IICHTE19,WeerstationBS,other,EasyWeatherV1.6.6,51.092,2.999,15.0,2025-03-24 10:59:00,14.78,12.78,88.0,995.6,8.21,10.14,WSW,247.0,0.0,226.6,2.0,weather_underground,,
IICHTE19,WeerstationBS,other,EasyWeatherV1.6.6,51.092,2.999,15.0,2025-03-24 11:04:00,14.78,12.72,87.0,995.26,10.14,13.68,WSW,247.0,0.0,245.4,2.0,weather_underground,,
IICHTE19,WeerstationBS,other,EasyWeatherV1.6.6,51.092,2.999,15.0,2025-03-24 11:09:00,14.67,12.61,87.0,995.6,9.98,13.04,WSW,247.0,0.0,276.5,2.0,weather_underground,,
IICHTE19,WeerstationBS,other,EasyWeatherV1.6.6,51.092,2.999,15.0,2025-03-24 11:14:00,14.89,12.78,87.0,995.6,8.85,12.23,WSW,247.0,0.0,282.8,2.0,weather_underground,,
IICHTE19,WeerstationBS,other,EasyWeatherV1.6.6,51.092,2.999,15.0,2025-03-24 11:19:00,15.17,12.94,86.0,995.6,9.33,12.07,WSW,247.0,0.0,281.9,2.0,weather_underground,,
IICHTE19,WeerstationBS,other,EasyWeatherV1.6.6,51.092,2.999,15.0,2025-03-24 11:24:00,15.11,12.72,86.0,995.6,10.3,14.0,WSW,247.0,0.0,287.6,2.0,weather_underground,,
IICHTE19,WeerstationBS,other,EasyWeatherV1.6.6,51.092,2.999,15.0,2025-03-24 11:29:00,15.22,12.72,85.0,995.26,9.98,12.23,WSW,247.0,0.0,295.7,2.0,weather_underground,,
IICHTE19,WeerstationBS,other,EasyWeatherV1.6.6,51.092,2.999,15.0,2025-03-24 11:34:00,15.28,12.89,85.0,995.26,8.21,10.62,WSW,247.0,0.0,310.0,3.0,weather_underground,,
IICHTE19,WeerstationBS,other,EasyWeatherV1.6.6,51.092,2.999,15.0,2025-03-24 11:39:00,15.83,13.33,85.0,995.26,5.31,6.6,WSW,247.0,0.0,306.6,2.0,weather_underground,,
IICHTE19,WeerstationBS,other,EasyWeatherV1.6.6,51.092,2.999,15.0,2025-03-24 11:44:00,15.78,13.06,84.0,994.92,5.47,6.76,WSW,247.0,0.0,337.4,3.0,weather_underground,,
IICHTE19,WeerstationBS,other,EasyWeatherV1.6.6,51.092,2.999,15.0,2025-03-24 11:49:00,15.83,13.0,84.0,994.92,6.12,8.21,WSW,247.0,0.0,292.2,2.0,weather_underground,,
IICHTE19,WeerstationBS,other,EasyWeatherV1.6.6,51.092,2.999,15.0,2025-03-24 11:54:00,15.78,13.06,84.0,994.58,6.6,8.21,WSW,247.0,0.0,259.1,2.0,weather_underground,,
IICHTE19,WeerstationBS,other,EasyWeatherV1.6.6,51.092,2.999,15.0,2025-03-24 11:59:00,15.78,13.06,84.0,994.58,5.47,6.92,WSW,247.0,0.0,241.1,2.0,weather_underground,,
IICHTE19,WeerstationBS,other,EasyWeatherV1.6.6,51.092,2.999,15.0,2025-03-24 12:04:00,15.72,13.0,84.0,994.92,5.95,7.4,WSW,247.0,0.0,327.2,3.0,weather_underground,,
IICHTE19,WeerstationBS,other,EasyWeatherV1.6.6,51.092,2.999,15.0,2025-03-24 12:09:00,15.94,13.28,84.0,994.92,6.28,7.72,WSW,247.0,0.0,374.5,3.0,weather_underground,,
IICHTE19,WeerstationBS,other,EasyWeatherV1.6.6,51.092,2.999,15.0,2025-03-24 12:14:00,16.06,13.22,83.0,995.26,7.72,9.33,WSW,247.0,0.0,283.0,2.0,weather_underground,,
IICHTE19,WeerstationBS,other,EasyWeatherV1.6.6,51.092,2.999,15.0,2025-03-24 12:19:00,16.0,13.28,84.0,994.92,6.6,8.37,WSW,247.0,0.0,281.8,2.0,weather_underground,,
IICHTE19,WeerstationBS,other,EasyWeatherV1.6.6,51.092,2.999,15.0,2025-03-24 12:24:00,16.11,13.33,84.0,994.92,7.56,9.82,WSW,247.0,0.0,280.1,2.0,weather_underground,,
IICHTE19,WeerstationBS,other,EasyWeatherV1.6.6,51.092,2.999,15.0,2025-03-24 12:29:00,16.17,13.33,83.0,994.92,7.08,8.85,WSW,247.0,0.0,249.2,2.0,weather_underground,,
IICHTE19,WeerstationBS,other,EasyWeatherV1.6.6,51.092,2.999,15.0,2025-03-24 12:34:00,16.06,13.22,83.0,995.26,7.4,9.5,WSW,247.0,0.0,314.7,3.0,weather_underground,,
IICHTE19,WeerstationBS,other,EasyWeatherV1.6.6,51.092,2.999,15.0,2025-03-24 12:39:00,16.28,13.33,83.0,994.92,9.17,11.59,WSW,247.0,0.0,350.4,3.0,weather_underground,,
IICHTE19,WeerstationBS,other,EasyWeatherV1.6.6,51.092,2.999,15.0,2025-03-24 12:44:00,16.44,13.39,82.0,995.26,7.56,9.66,WSW,247.0,0.0,376.3,3.0,weather_underground,,
IICHTE19,WeerstationBS,other,EasyWeatherV1.6.6,51.092,2.999,15.0,2025-03-24 12:49:00,16.78,13.67,82.0,995.26,6.44,8.21,WSW,247.0,0.0,349.6,3.0,weather_underground,,
IICHTE19,WeerstationBS,other,EasyWeatherV1.6.6,51.092,2.999,15.0,2025-03-24 12:54:00,17.0,13.67,81.0,994.92,4.99,6.76,WSW,247.0,0.0,345.7,3.0,weather_underground,,
IICHTE19,WeerstationBS,other,EasyWeatherV1.6.6,51.092,2.999,15.0,2025-03-24 12:59:00,17.11,13.61,80.0,994.92,6.76,9.33,WSW,247.0,0.0,314.8,3.0,weather_underground,,
IICHTE19,WeerstationBS,other,EasyWeatherV1.6.6,51.092,2.999,15.0,2025-03-24 13:04:00,16.94,13.39,79.0,995.26,8.85,11.91,WSW,247.0,0.0,295.1,2.0,weather_underground,,
IICHTE19,WeerstationBS,other,EasyWeatherV1.6.6,51.092,2.999,15.0,2025-03-24 13:09:00,16.83,13.28,79.0,995.26,9.5,12.23,WSW,247.0,0.0,294.9,2.0,weather_underground,,
IICHTE19,WeerstationBS,other,EasyWeatherV1.6.6,51.092,2.999,15.0,2025-03-24 13:14:00,16.94,13.39,79.0,995.26,7.89,10.78,WSW,247.0,0.0,336.3,3.0,weather_underground,,
IICHTE19,WeerstationBS,other,EasyWeatherV1.6.6,51.092,2.999,15.0,2025-03-24 13:19:00,17.28,13.5,79.0,994.92,8.05,10.3,WSW,247.0,0.0,371.3,3.0,weather_underground,,
IICHTE19,WeerstationBS,other,EasyWeatherV1.6.6,51.092,2.999,15.0,2025-03-24 13:24:00,17.11,13.44,79.0,995.26,6.92,8.53,WSW,247.0,0.0,340.8,3.0,weather_underground,,
IICHTE19,WeerstationBS,other,EasyWeatherV1.6.6,51.092,2.999,15.0,2025-03-24 13:29:00,17.06,13.44,79.0,995.26,6.76,8.53,WSW,247.0,0.0,337.5,3.0,weather_underground,,
IICHTE19,WeerstationBS,other,EasyWeatherV1.6.6,51.092,2.999,15.0,2025-03-24 13:34:00,17.11,13.39,79.0,995.26,7.72,9.5,WSW,247.0,0.0,286.0,2.0,weather_underground,,
IICHTE19,WeerstationBS,other,EasyWeatherV1.6.6,51.092,2.999,15.0,2025-03-24 13:39:00,17.33,13.61,79.0,995.26,5.63,7.72,WSW,247.0,0.0,440.6,4.0,weather_underground,,
IICHTE19,WeerstationBS,other,EasyWeatherV1.6.6,51.092,2.999,15.0,2025-03-24 13:44:00,17.89,13.72,77.0,994.92,8.21,10.62,WSW,247.0,0.0,428.9,4.0,weather_underground,,
IICHTE19,WeerstationBS,other,EasyWeatherV1.6.6,51.092,2.999,15.0,2025-03-24 13:49:00,18.22,13.89,76.0,994.58,4.83,6.28,WSW,247.0,0.0,457.0,4.0,weather_underground,,
IICHTE19,WeerstationBS,other,EasyWeatherV1.6.6,51.092,2.999,15.0,2025-03-24 13:54:00,18.33,13.78,75.0,994.58,6.44,8.53,WSW,247.0,0.0,382.2,3.0,weather_underground,,
IICHTE19,WeerstationBS,other,EasyWeatherV1.6.6,51.092,2.999,15.0,2025-03-24 13:59:00,18.0,13.5,75.0,994.58,8.21,10.78,WSW,247.0,0.0,389.7,3.0,weather_underground,,
IICHTE19,WeerstationBS,other,EasyWeatherV1.6.6,51.092,2.999,15.0,2025-03-24 14:04:00,17.83,13.22,75.0,994.58,10.3,13.04,WSW,247.0,0.0,357.2,3.0,weather_underground,,
IICHTE19,WeerstationBS,other,EasyWeatherV1.6.6,51.092,2.999,15.0,2025-03-24 14:09:00,17.78,13.39,75.0,994.58,5.47,7.08,WSW,247.0,0.0,393.0,3.0,weather_underground,,
IICHTE19,WeerstationBS,other,EasyWeatherV1.6.6,51.092,2.999,15.0,2025-03-24 14:14:00,18.22,13.5,74.0,994.58,6.6,8.37,WSW,247.0,0.0,404.5,3.0,weather_underground,,
IICHTE19,WeerstationBS,other,EasyWeatherV1.6.6,51.092,2.999,15.0,2025-03-24 14:19:00,18.28,13.39,73.0,994.58,7.08,9.17,WSW,247.0,0.0,346.0,3.0,weather_underground,,
IICHTE19,WeerstationBS,other,EasyWeatherV1.6.6,51.092,2.999,15.0,2025-03-24 14:24:00,18.0,13.28,74.0,994.58,5.79,7.89,WSW,247.0,0.0,437.8,4.0,weather_underground,,
IICHTE19,WeerstationBS,other,EasyWeatherV1.6.6,51.092,2.999,15.0,2025-03-24 14:29:00,18.44,13.5,73.0,994.58,5.95,7.72,WSW,247.0,0.0,414.8,4.0,weather_underground,,
IICHTE19,WeerstationBS,other,EasyWeatherV1.6.6,51.092,2.999,15.0,2025-03-24 14:34:00,18.61,13.5,72.0,994.24,5.47,6.76,WSW,247.0,0.0,416.6,4.0,weather_underground,,
IICHTE19,WeerstationBS,other,EasyWeatherV1.6.6,51.092,2.999,15.0,2025-03-24 14:39:00,18.72,13.06,70.0,994.24,6.92,9.82,WSW,247.0,0.0,338.5,3.0,weather_underground,,
IICHTE19,WeerstationBS,other,EasyWeatherV1.6.6,51.092,2.999,15.0,2025-03-24 14:44:00,19.11,13.39,70.0,994.24,4.67,6.6,West,,0.0,349.6,3.0,weather_underground,,
IICHTE19,WeerstationBS,other,EasyWeatherV1.6.6,51.092,2.999,15.0,2025-03-24 14:49:00,19.11,13.17,68.0,994.24,4.35,6.76,WSW,247.0,0.0,345.7,3.0,weather_underground,,
